Domain Code,Domain,Area Code (M49),Area,Element Code,Element,Item Code (CPC),Item,Year Code,Year,Unit,Value,Flag,Flag Description,Note
"QCL","Crops and livestock products","566","Nigeria","5111","Stocks","02132","Asses","2019","2019","An","1332751","I","Value imputed by a receiving agency",""
"QCL","Crops and livestock products","566","Nigeria","5111","Stocks","02132","Asses","2020","2020","An","1340798","I","Value imputed by a receiving agency",""
"QCL","Crops and livestock products","566","Nigeria","5111","Stocks","02132","Asses","2021","2021","An","1335648","I","Value imputed by a receiving agency",""
"QCL","Crops and livestock products","566","Nigeria","5111","Stocks","02132","Asses","2022","2022","An","1338703","I","Value imputed by a receiving agency",""
"QCL","Crops and livestock products","566","Nigeria","5111","Stocks","02132","Asses","2023","2023","An","1341778","I","Value imputed by a receiving agency",""
"QCL","Crops and livestock products","566","Nigeria","5111","Stocks","02132","Asses","2024","2024","An","1344853","I","Value imputed by a receiving agency",""
"QCL","Crops and livestock products","566","Nigeria","5312","Area harvested","01312","Bananas","2019","2019","ha","461179","I","Value imputed by a receiving agency",""
"QCL","Crops and livestock products","566","Nigeria","5412","Yield","01312","Bananas","2019","2019","kg/ha","10649.5","E","Estimated value",""
"QCL","Crops and livestock products","566","Nigeria","5510","Production","01312","Bananas","2019","2019","t","4911305.22","I","Value imputed by a receiving agency",""
"QCL","Crops and livestock products","566","Nigeria","5312","Area harvested","01312","Bananas","2020","2020","ha","476070","A","Official value",""
"QCL","Crops and livestock products","566","Nigeria","5412","Yield","01312","Bananas","2020","2020","kg/ha","11729","A","Official value",""
"QCL","Crops and livestock products","566","Nigeria","5510","Production","01312","Bananas","2020","2020","t","5583830","A","Official value",""
"QCL","Crops and livestock products","566","Nigeria","5312","Area harvested","01312","Bananas","2021","2021","ha","525177","A","Official value",""
"QCL","Crops and livestock products","566","Nigeria","5412","Yield","01312","Bananas","2021","2021","kg/ha","14068.8","A","Official value",""
"QCL","Crops and livestock products","566","Nigeria","5510","Production","01312","Bananas","2021","2021","t","7388610","A","Official value",""
"QCL","Crops and livestock products","566","Nigeria","5312","Area harvested","01312","Bananas","2022","2022","ha","560943","I","Value imputed by a receiving agency",""
"QCL","Crops and livestock products","566","Nigeria","5412","Yield","01312","Bananas","2022","2022","kg/ha","12898.9","E","Estimated value",""
"QCL","Crops and livestock products","566","Nigeria","5510","Production","01312","Bananas","2022","2022","t","7235554.73","E","Estimated value",""
"QCL","Crops and livestock products","566","Nigeria","5312","Area harvested","01312","Bananas","2023","2023","ha","456037","I","Value imputed by a receiving agency",""
"QCL","Crops and livestock products","566","Nigeria","5412","Yield","01312","Bananas","2023","2023","kg/ha","13949.5","E","Estimated value",""
"QCL","Crops and livestock products","566","Nigeria","5510","Production","01312","Bananas","2023","2023","t","6361501.16","I","Value imputed by a receiving agency",""
"QCL","Crops and livestock products","566","Nigeria","5312","Area harvested","01312","Bananas","2024","2024","ha","468358","I","Value imputed by a receiving agency",""
"QCL","Crops and livestock products","566","Nigeria","5412","Yield","01312","Bananas","2024","2024","kg/ha","14747.6","E","Estimated value",""
"QCL","Crops and livestock products","566","Nigeria","5510","Production","01312","Bananas","2024","2024","t","6907142.4","I","Value imputed by a receiving agency",""
"QCL","Crops and livestock products","566","Nigeria","5510","Production","24310.01","Beer of barley, malted","2019","2019","t","1800000","X","Value from external organization","Unofficial figure"
"QCL","Crops and livestock products","566","Nigeria","5510","Production","24310.01","Beer of barley, malted","2020","2020","t","1880000","X","Value from external organization","Unofficial figure"
"QCL","Crops and livestock products","566","Nigeria","5510","Production","24310.01","Beer of barley, malted","2021","2021","t","1799800","X","Value from external organization","Unofficial figure"
"QCL","Crops and livestock products","566","Nigeria","5510","Production","24310.01","Beer of barley, malted","2022","2022","t","1818400","X","Value from external organization","Unofficial figure"
"QCL","Crops and livestock products","566","Nigeria","5510","Production","24310.01","Beer of barley, malted","2023","2023","t","1717290","X","Value from external organization","Unofficial figure"
"QCL","Crops and livestock products","566","Nigeria","5114","Stocks","02196","Bees","2019","2019","No","","M","Missing value; data cannot exist",""
"QCL","Crops and livestock products","566","Nigeria","5114","Stocks","02196","Bees","2020","2020","No","","M","Missing value; data cannot exist",""
"QCL","Crops and livestock products","566","Nigeria","5114","Stocks","02196","Bees","2021","2021","No","","M","Missing value; data cannot exist",""
"QCL","Crops and livestock products","566","Nigeria","5114","Stocks","02196","Bees","2022","2022","No","","M","Missing value; data cannot exist",""
"QCL","Crops and livestock products","566","Nigeria","5114","Stocks","02196","Bees","2023","2023","No","","M","Missing value; data cannot exist",""
"QCL","Crops and livestock products","566","Nigeria","5114","Stocks","02196","Bees","2024","2024","No","","M","Missing value; data cannot exist",""
"QCL","Crops and livestock products","566","Nigeria","5510","Production","22241.01","Butter of cow milk","2019","2019","t","11774.91","I","Value imputed by a receiving agency",""
"QCL","Crops and livestock products","566","Nigeria","5510","Production","22241.01","Butter of cow milk","2020","2020","t","11933.41","I","Value imputed by a receiving agency",""
"QCL","Crops and livestock products","566","Nigeria","5510","Production","22241.01","Butter of cow milk","2021","2021","t","11857.48","I","Value imputed by a receiving agency",""
"QCL","Crops and livestock products","566","Nigeria","5510","Production","22241.01","Butter of cow milk","2022","2022","t","11910.91","I","Value imputed by a receiving agency",""
"QCL","Crops and livestock products","566","Nigeria","5510","Production","22241.01","Butter of cow milk","2023","2023","t","11939.26","I","Value imputed by a receiving agency",""
"QCL","Crops and livestock products","566","Nigeria","5510","Production","22230.04","Buttermilk, dry","2019","2019","t","2209.32","I","Value imputed by a receiving agency",""
"QCL","Crops and livestock products","566","Nigeria","5510","Production","22230.04","Buttermilk, dry","2020","2020","t","2353.78","I","Value imputed by a receiving agency",""
"QCL","Crops and livestock products","566","Nigeria","5510","Production","22230.04","Buttermilk, dry","2021","2021","t","2268.8","I","Value imputed by a receiving agency",""
"QCL","Crops and livestock products","566","Nigeria","5510","Production","22230.04","Buttermilk, dry","2022","2022","t","2379.17","I","Value imputed by a receiving agency",""
"QCL","Crops and livestock products","566","Nigeria","5510","Production","22230.04","Buttermilk, dry","2023","2023","t","2048.93","I","Value imputed by a receiving agency",""
"QCL","Crops and livestock products","566","Nigeria","5111","Stocks","02121.01","Camels","2019","2019","An","280346","I","Value imputed by a receiving agency",""
"QCL","Crops and livestock products","566","Nigeria","5111","Stocks","02121.01","Camels","2020","2020","An","280703","I","Value imputed by a receiving agency",""
"QCL","Crops and livestock products","566","Nigeria","5111","Stocks","02121.01","Camels","2021","2021","An","279468","I","Value imputed by a receiving agency",""
"QCL","Crops and livestock products","566","Nigeria","5111","Stocks","02121.01","Camels","2022","2022","An","279355","I","Value imputed by a receiving agency",""
"QCL","Crops and livestock products","566","Nigeria","5111","Stocks","02121.01","Camels","2023","2023","An","279246","I","Value imputed by a receiving agency",""
"QCL","Crops and livestock products","566","Nigeria","5111","Stocks","02121.01","Camels","2024","2024","An","279135","I","Value imputed by a receiving agency",""
"QCL","Crops and livestock products","566","Nigeria","5312","Area harvested","01251","Carrots and turnips","2019","2019","ha","26811","I","Value imputed by a receiving agency",""
"QCL","Crops and livestock products","566","Nigeria","5412","Yield","01251","Carrots and turnips","2019","2019","kg/ha","8851.7","E","Estimated value",""
"QCL","Crops and livestock products","566","Nigeria","5510","Production","01251","Carrots and turnips","2019","2019","t","237317.93","I","Value imputed by a receiving agency",""
"QCL","Crops and livestock products","566","Nigeria","5312","Area harvested","01251","Carrots and turnips","2020","2020","ha","26787","I","Value imputed by a receiving agency",""
"QCL","Crops and livestock products","566","Nigeria","5412","Yield","01251","Carrots and turnips","2020","2020","kg/ha","8865.7","E","Estimated value",""
"QCL","Crops and livestock products","566","Nigeria","5510","Production","01251","Carrots and turnips","2020","2020","t","237485.15","I","Value imputed by a receiving agency",""
"QCL","Crops and livestock products","566","Nigeria","5312","Area harvested","01251","Carrots and turnips","2021","2021","ha","26794","I","Value imputed by a receiving agency",""
"QCL","Crops and livestock products","566","Nigeria","5412","Yield","01251","Carrots and turnips","2021","2021","kg/ha","8880.4","E","Estimated value",""
"QCL","Crops and livestock products","566","Nigeria","5510","Production","01251","Carrots and turnips","2021","2021","t","237938.99","I","Value imputed by a receiving agency",""
"QCL","Crops and livestock products","566","Nigeria","5312","Area harvested","01251","Carrots and turnips","2022","2022","ha","26663","I","Value imputed by a receiving agency",""
"QCL","Crops and livestock products","566","Nigeria","5412","Yield","01251","Carrots and turnips","2022","2022","kg/ha","8881.2","E","Estimated value",""
"QCL","Crops and livestock products","566","Nigeria","5510","Production","01251","Carrots and turnips","2022","2022","t","236799","I","Value imputed by a receiving agency",""
"QCL","Crops and livestock products","566","Nigeria","5312","Area harvested","01251","Carrots and turnips","2023","2023","ha","26673","I","Value imputed by a receiving agency",""
"QCL","Crops and livestock products","566","Nigeria","5412","Yield","01251","Carrots and turnips","2023","2023","kg/ha","8892.8","E","Estimated value",""
"QCL","Crops and livestock products","566","Nigeria","5510","Production","01251","Carrots and turnips","2023","2023","t","237193.25","I","Value imputed by a receiving agency",""
"QCL","Crops and livestock products","566","Nigeria","5312","Area harvested","01251","Carrots and turnips","2024","2024","ha","26682","I","Value imputed by a receiving agency",""
"QCL","Crops and livestock products","566","Nigeria","5412","Yield","01251","Carrots and turnips","2024","2024","kg/ha","8904.3","E","Estimated value",""
"QCL","Crops and livestock products","566","Nigeria","5510","Production","01251","Carrots and turnips","2024","2024","t","237587.51","I","Value imputed by a receiving agency",""
"QCL","Crops and livestock products","566","Nigeria","5312","Area harvested","01372","Cashew nuts, in shell","2019","2019","ha","140000","E","Estimated value",""
"QCL","Crops and livestock products","566","Nigeria","5412","Yield","01372","Cashew nuts, in shell","2019","2019","kg/ha","725","E","Estimated value",""
"QCL","Crops and livestock products","566","Nigeria","5510","Production","01372","Cashew nuts, in shell","2019","2019","t","101500","E","Estimated value",""
"QCL","Crops and livestock products","566","Nigeria","5312","Area harvested","01372","Cashew nuts, in shell","2020","2020","ha","167570","A","Official value",""
"QCL","Crops and livestock products","566","Nigeria","5412","Yield","01372","Cashew nuts, in shell","2020","2020","kg/ha","548.5","A","Official value",""
"QCL","Crops and livestock products","566","Nigeria","5510","Production","01372","Cashew nuts, in shell","2020","2020","t","91914.82","A","Official value",""
"QCL","Crops and livestock products","566","Nigeria","5312","Area harvested","01372","Cashew nuts, in shell","2021","2021","ha","170000","E","Estimated value",""
"QCL","Crops and livestock products","566","Nigeria","5412","Yield","01372","Cashew nuts, in shell","2021","2021","kg/ha","529.4","E","Estimated value",""
"QCL","Crops and livestock products","566","Nigeria","5510","Production","01372","Cashew nuts, in shell","2021","2021","t","90000","E","Estimated value",""
"QCL","Crops and livestock products","566","Nigeria","5312","Area harvested","01372","Cashew nuts, in shell","2022","2022","ha","170000","E","Estimated value",""
"QCL","Crops and livestock products","566","Nigeria","5412","Yield","01372","Cashew nuts, in shell","2022","2022","kg/ha","529.4","E","Estimated value",""
"QCL","Crops and livestock products","566","Nigeria","5510","Production","01372","Cashew nuts, in shell","2022","2022","t","90000","E","Estimated value",""
"QCL","Crops and livestock products","566","Nigeria","5312","Area harvested","01372","Cashew nuts, in shell","2023","2023","ha","172004","I","Value imputed by a receiving agency",""
"QCL","Crops and livestock products","566","Nigeria","5412","Yield","01372","Cashew nuts, in shell","2023","2023","kg/ha","514.4","E","Estimated value",""
"QCL","Crops and livestock products","566","Nigeria","5510","Production","01372","Cashew nuts, in shell","2023","2023","t","88475.07","I","Value imputed by a receiving agency",""
"QCL","Crops and livestock products","566","Nigeria","5312","Area harvested","01372","Cashew nuts, in shell","2024","2024","ha","170224","I","Value imputed by a receiving agency",""
"QCL","Crops and livestock products","566","Nigeria","5412","Yield","01372","Cashew nuts, in shell","2024","2024","kg/ha","475.5","E","Estimated value",""
"QCL","Crops and livestock products","566","Nigeria","5510","Production","01372","Cashew nuts, in shell","2024","2024","t","80943.66","I","Value imputed by a receiving agency",""
"QCL","Crops and livestock products","566","Nigeria","5312","Area harvested","01520.01","Cassava, fresh","2019","2019","ha","9776650","A","Official value",""
"QCL","Crops and livestock products","566","Nigeria","5412","Yield","01520.01","Cassava, fresh","2019","2019","kg/ha","5827.1","A","Official value",""
"QCL","Crops and livestock products","566","Nigeria","5510","Production","01520.01","Cassava, fresh","2019","2019","t","56969160","A","Official value",""
"QCL","Crops and livestock products","566","Nigeria","5312","Area harvested","01520.01","Cassava, fresh","2020","2020","ha","9614230","A","Official value",""
"QCL","Crops and livestock products","566","Nigeria","5412","Yield","01520.01","Cassava, fresh","2020","2020","kg/ha","5779.5","A","Official value",""
"QCL","Crops and livestock products","566","Nigeria","5510","Production","01520.01","Cassava, fresh","2020","2020","t","55565610","A","Official value",""
"QCL","Crops and livestock products","566","Nigeria","5312","Area harvested","01520.01","Cassava, fresh","2021","2021","ha","9979330","A","Official value",""
"QCL","Crops and livestock products","566","Nigeria","5412","Yield","01520.01","Cassava, fresh","2021","2021","kg/ha","5835.8","A","Official value",""
"QCL","Crops and livestock products","566","Nigeria","5510","Production","01520.01","Cassava, fresh","2021","2021","t","58237500","A","Official value",""
"QCL","Crops and livestock products","566","Nigeria","5312","Area harvested","01520.01","Cassava, fresh","2022","2022","ha","10043720","I","Value imputed by a receiving agency",""
"QCL","Crops and livestock products","566","Nigeria","5412","Yield","01520.01","Cassava, fresh","2022","2022","kg/ha","6109.2","E","Estimated value",""
"QCL","Crops and livestock products","566","Nigeria","5510","Production","01520.01","Cassava, fresh","2022","2022","t","61359000.56","I","Value imputed by a receiving agency",""
"QCL","Crops and livestock products","566","Nigeria","5312","Area harvested","01520.01","Cassava, fresh","2023","2023","ha","10127666","I","Value imputed by a receiving agency",""
"QCL","Crops and livestock products","566","Nigeria","5412","Yield","01520.01","Cassava, fresh","2023","2023","kg/ha","6196.1","E","Estimated value",""
"QCL","Crops and livestock products","566","Nigeria","5510","Production","01520.01","Cassava, fresh","2023","2023","t","62751586.43","E","Estimated value",""
"QCL","Crops and livestock products","566","Nigeria","5312","Area harvested","01520.01","Cassava, fresh","2024","2024","ha","10722539","I","Value imputed by a receiving agency",""
"QCL","Crops and livestock products","566","Nigeria","5412","Yield","01520.01","Cassava, fresh","2024","2024","kg/ha","5840.5","E","Estimated value",""
"QCL","Crops and livestock products","566","Nigeria","5510","Production","01520.01","Cassava, fresh","2024","2024","t","62624946.19","E","Estimated value",""
"QCL","Crops and livestock products","566","Nigeria","5111","Stocks","02111","Cattle","2019","2019","An","20402276","I","Value imputed by a receiving agency",""
"QCL","Crops and livestock products","566","Nigeria","5111","Stocks","02111","Cattle","2020","2020","An","20585153","A","Official value",""
"QCL","Crops and livestock products","566","Nigeria","5111","Stocks","02111","Cattle","2021","2021","An","20764244","A","Official value",""
"QCL","Crops and livestock products","566","Nigeria","5111","Stocks","02111","Cattle","2022","2022","An","20862418","I","Value imputed by a receiving agency",""
"QCL","Crops and livestock products","566","Nigeria","5111","Stocks","02111","Cattle","2023","2023","An","20896548","I","Value imputed by a receiving agency",""
"QCL","Crops and livestock products","566","Nigeria","5111","Stocks","02111","Cattle","2024","2024","An","20943448","I","Value imputed by a receiving agency",""
"QCL","Crops and livestock products","566","Nigeria","5510","Production","21512","Cattle fat, unrendered","2019","2019","t","9317.67","I","Value imputed by a receiving agency",""
"QCL","Crops and livestock products","566","Nigeria","5320","Producing Animals/Slaughtered","21512","Cattle fat, unrendered","2019","2019","An","3194709","I","Value imputed by a receiving agency",""
"QCL","Crops and livestock products","566","Nigeria","5510","Production","21512","Cattle fat, unrendered","2020","2020","t","9297.94","I","Value imputed by a receiving agency",""
"QCL","Crops and livestock products","566","Nigeria","5320","Producing Animals/Slaughtered","21512","Cattle fat, unrendered","2020","2020","An","3209709","I","Value imputed by a receiving agency",""
"QCL","Crops and livestock products","566","Nigeria","5510","Production","21512","Cattle fat, unrendered","2021","2021","t","9283.14","I","Value imputed by a receiving agency",""
"QCL","Crops and livestock products","566","Nigeria","5320","Producing Animals/Slaughtered","21512","Cattle fat, unrendered","2021","2021","An","3248445","I","Value imputed by a receiving agency",""
"QCL","Crops and livestock products","566","Nigeria","5510","Production","21512","Cattle fat, unrendered","2022","2022","t","9197.61","I","Value imputed by a receiving agency",""
"QCL","Crops and livestock products","566","Nigeria","5320","Producing Animals/Slaughtered","21512","Cattle fat, unrendered","2022","2022","An","3274666","I","Value imputed by a receiving agency",""
"QCL","Crops and livestock products","566","Nigeria","5510","Production","21512","Cattle fat, unrendered","2023","2023","t","9125.84","I","Value imputed by a receiving agency",""
"QCL","Crops and livestock products","566","Nigeria","5320","Producing Animals/Slaughtered","21512","Cattle fat, unrendered","2023","2023","An","3290904","I","Value imputed by a receiving agency",""
"QCL","Crops and livestock products","566","Nigeria","5510","Production","21512","Cattle fat, unrendered","2024","2024","t","9058.54","I","Value imputed by a receiving agency",""
"QCL","Crops and livestock products","566","Nigeria","5320","Producing Animals/Slaughtered","21512","Cattle fat, unrendered","2024","2024","An","3309195","I","Value imputed by a receiving agency",""
"QCL","Crops and livestock products","566","Nigeria","5510","Production","22251.02","Cheese from skimmed cow milk","2019","2019","t","9426.29","I","Value imputed by a receiving agency",""
"QCL","Crops and livestock products","566","Nigeria","5510","Production","22251.02","Cheese from skimmed cow milk","2020","2020","t","9557.16","I","Value imputed by a receiving agency",""
"QCL","Crops and livestock products","566","Nigeria","5510","Production","22251.02","Cheese from skimmed cow milk","2021","2021","t","9500.2","I","Value imputed by a receiving agency",""
"QCL","Crops and livestock products","566","Nigeria","5510","Production","22251.02","Cheese from skimmed cow milk","2022","2022","t","9531.15","I","Value imputed by a receiving agency",""
"QCL","Crops and livestock products","566","Nigeria","5510","Production","22251.02","Cheese from skimmed cow milk","2023","2023","t","9559.44","I","Value imputed by a receiving agency",""
"QCL","Crops and livestock products","566","Nigeria","5112","Stocks","02151","Chickens","2019","2019","1000 An","205697","I","Value imputed by a receiving agency",""
"QCL","Crops and livestock products","566","Nigeria","5112","Stocks","02151","Chickens","2020","2020","1000 An","223704","A","Official value",""
"QCL","Crops and livestock products","566","Nigeria","5112","Stocks","02151","Chickens","2021","2021","1000 An","240481","A","Official value",""
"QCL","Crops and livestock products","566","Nigeria","5112","Stocks","02151","Chickens","2022","2022","1000 An","250620","I","Value imputed by a receiving agency",""
"QCL","Crops and livestock products","566","Nigeria","5112","Stocks","02151","Chickens","2023","2023","1000 An","234795","I","Value imputed by a receiving agency",""
"QCL","Crops and livestock products","566","Nigeria","5112","Stocks","02151","Chickens","2024","2024","1000 An","241700","I","Value imputed by a receiving agency",""
"QCL","Crops and livestock products","566","Nigeria","5312","Area harvested","01652","Chillies and peppers, dry (Capsicum spp., Pimenta spp.), raw","2019","2019","ha","36447","I","Value imputed by a receiving agency",""
"QCL","Crops and livestock products","566","Nigeria","5412","Yield","01652","Chillies and peppers, dry (Capsicum spp., Pimenta spp.), raw","2019","2019","kg/ha","1731.9","E","Estimated value",""
"QCL","Crops and livestock products","566","Nigeria","5510","Production","01652","Chillies and peppers, dry (Capsicum spp., Pimenta spp.), raw","2019","2019","t","63123.15","I","Value imputed by a receiving agency",""
"QCL","Crops and livestock products","566","Nigeria","5312","Area harvested","01652","Chillies and peppers, dry (Capsicum spp., Pimenta spp.), raw","2020","2020","ha","36459","I","Value imputed by a receiving agency",""
"QCL","Crops and livestock products","566","Nigeria","5412","Yield","01652","Chillies and peppers, dry (Capsicum spp., Pimenta spp.), raw","2020","2020","kg/ha","1734.8","E","Estimated value",""
"QCL","Crops and livestock products","566","Nigeria","5510","Production","01652","Chillies and peppers, dry (Capsicum spp., Pimenta spp.), raw","2020","2020","t","63249.75","I","Value imputed by a receiving agency",""
"QCL","Crops and livestock products","566","Nigeria","5312","Area harvested","01652","Chillies and peppers, dry (Capsicum spp., Pimenta spp.), raw","2021","2021","ha","36890","I","Value imputed by a receiving agency",""
"QCL","Crops and livestock products","566","Nigeria","5412","Yield","01652","Chillies and peppers, dry (Capsicum spp., Pimenta spp.), raw","2021","2021","kg/ha","1742.2","E","Estimated value",""
"QCL","Crops and livestock products","566","Nigeria","5510","Production","01652","Chillies and peppers, dry (Capsicum spp., Pimenta spp.), raw","2021","2021","t","64270.54","I","Value imputed by a receiving agency",""
"QCL","Crops and livestock products","566","Nigeria","5312","Area harvested","01652","Chillies and peppers, dry (Capsicum spp., Pimenta spp.), raw","2022","2022","ha","36926","I","Value imputed by a receiving agency",""
"QCL","Crops and livestock products","566","Nigeria","5412","Yield","01652","Chillies and peppers, dry (Capsicum spp., Pimenta spp.), raw","2022","2022","kg/ha","1749","E","Estimated value",""
"QCL","Crops and livestock products","566","Nigeria","5510","Production","01652","Chillies and peppers, dry (Capsicum spp., Pimenta spp.), raw","2022","2022","t","64582.88","I","Value imputed by a receiving agency",""
"QCL","Crops and livestock products","566","Nigeria","5312","Area harvested","01652","Chillies and peppers, dry (Capsicum spp., Pimenta spp.), raw","2023","2023","ha","37007","I","Value imputed by a receiving agency",""
"QCL","Crops and livestock products","566","Nigeria","5412","Yield","01652","Chillies and peppers, dry (Capsicum spp., Pimenta spp.), raw","2023","2023","kg/ha","1754.6","E","Estimated value",""
"QCL","Crops and livestock products","566","Nigeria","5510","Production","01652","Chillies and peppers, dry (Capsicum spp., Pimenta spp.), raw","2023","2023","t","64933.63","I","Value imputed by a receiving agency",""
"QCL","Crops and livestock products","566","Nigeria","5312","Area harvested","01652","Chillies and peppers, dry (Capsicum spp., Pimenta spp.), raw","2024","2024","ha","37087","I","Value imputed by a receiving agency",""
"QCL","Crops and livestock products","566","Nigeria","5412","Yield","01652","Chillies and peppers, dry (Capsicum spp., Pimenta spp.), raw","2024","2024","kg/ha","1760.3","E","Estimated value",""
"QCL","Crops and livestock products","566","Nigeria","5510","Production","01652","Chillies and peppers, dry (Capsicum spp., Pimenta spp.), raw","2024","2024","t","65284.39","I","Value imputed by a receiving agency",""
"QCL","Crops and livestock products","566","Nigeria","5312","Area harvested","01231","Chillies and peppers, green (Capsicum spp. and Pimenta spp.)","2019","2019","ha","102728","I","Value imputed by a receiving agency",""
"QCL","Crops and livestock products","566","Nigeria","5412","Yield","01231","Chillies and peppers, green (Capsicum spp. and Pimenta spp.)","2019","2019","kg/ha","7452.9","E","Estimated value",""
"QCL","Crops and livestock products","566","Nigeria","5510","Production","01231","Chillies and peppers, green (Capsicum spp. and Pimenta spp.)","2019","2019","t","765622.53","I","Value imputed by a receiving agency",""
"QCL","Crops and livestock products","566","Nigeria","5312","Area harvested","01231","Chillies and peppers, green (Capsicum spp. and Pimenta spp.)","2020","2020","ha","103541","I","Value imputed by a receiving agency",""
"QCL","Crops and livestock products","566","Nigeria","5412","Yield","01231","Chillies and peppers, green (Capsicum spp. and Pimenta spp.)","2020","2020","kg/ha","7422.5","E","Estimated value",""
"QCL","Crops and livestock products","566","Nigeria","5510","Production","01231","Chillies and peppers, green (Capsicum spp. and Pimenta spp.)","2020","2020","t","768532.6","I","Value imputed by a receiving agency",""
"QCL","Crops and livestock products","566","Nigeria","5312","Area harvested","01231","Chillies and peppers, green (Capsicum spp. and Pimenta spp.)","2021","2021","ha","104227","I","Value imputed by a receiving agency",""
"QCL","Crops and livestock products","566","Nigeria","5412","Yield","01231","Chillies and peppers, green (Capsicum spp. and Pimenta spp.)","2021","2021","kg/ha","7421.6","E","Estimated value",""
"QCL","Crops and livestock products","566","Nigeria","5510","Production","01231","Chillies and peppers, green (Capsicum spp. and Pimenta spp.)","2021","2021","t","773531.11","I","Value imputed by a receiving agency",""
"QCL","Crops and livestock products","566","Nigeria","5312","Area harvested","01231","Chillies and peppers, green (Capsicum spp. and Pimenta spp.)","2022","2022","ha","104208","I","Value imputed by a receiving agency",""
"QCL","Crops and livestock products","566","Nigeria","5412","Yield","01231","Chillies and peppers, green (Capsicum spp. and Pimenta spp.)","2022","2022","kg/ha","7416.3","E","Estimated value",""
"QCL","Crops and livestock products","566","Nigeria","5510","Production","01231","Chillies and peppers, green (Capsicum spp. and Pimenta spp.)","2022","2022","t","772840.88","I","Value imputed by a receiving agency",""
"QCL","Crops and livestock products","566","Nigeria","5312","Area harvested","01231","Chillies and peppers, green (Capsicum spp. and Pimenta spp.)","2023","2023","ha","104845","I","Value imputed by a receiving agency",""
"QCL","Crops and livestock products","566","Nigeria","5412","Yield","01231","Chillies and peppers, green (Capsicum spp. and Pimenta spp.)","2023","2023","kg/ha","7392","E","Estimated value",""
"QCL","Crops and livestock products","566","Nigeria","5510","Production","01231","Chillies and peppers, green (Capsicum spp. and Pimenta spp.)","2023","2023","t","775012.79","I","Value imputed by a receiving agency",""
"QCL","Crops and livestock products","566","Nigeria","5312","Area harvested","01231","Chillies and peppers, green (Capsicum spp. and Pimenta spp.)","2024","2024","ha","105485","I","Value imputed by a receiving agency",""
"QCL","Crops and livestock products","566","Nigeria","5412","Yield","01231","Chillies and peppers, green (Capsicum spp. and Pimenta spp.)","2024","2024","kg/ha","7367.7","E","Estimated value",""
"QCL","Crops and livestock products","566","Nigeria","5510","Production","01231","Chillies and peppers, green (Capsicum spp. and Pimenta spp.)","2024","2024","t","777184.69","I","Value imputed by a receiving agency",""
"QCL","Crops and livestock products","566","Nigeria","5312","Area harvested","01640","Cocoa beans","2019","2019","ha","885571","I","Value imputed by a receiving agency",""
"QCL","Crops and livestock products","566","Nigeria","5412","Yield","01640","Cocoa beans","2019","2019","kg/ha","282.3","E","Estimated value",""
"QCL","Crops and livestock products","566","Nigeria","5510","Production","01640","Cocoa beans","2019","2019","t","250000","X","Value from external organization","Unofficial figure"
"QCL","Crops and livestock products","566","Nigeria","5312","Area harvested","01640","Cocoa beans","2020","2020","ha","1188468","A","Official value",""
"QCL","Crops and livestock products","566","Nigeria","5412","Yield","01640","Cocoa beans","2020","2020","kg/ha","300.9","A","Official value",""
"QCL","Crops and livestock products","566","Nigeria","5510","Production","01640","Cocoa beans","2020","2020","t","357608.24","A","Official value",""
"QCL","Crops and livestock products","566","Nigeria","5312","Area harvested","01640","Cocoa beans","2021","2021","ha","1007284","I","Value imputed by a receiving agency",""
"QCL","Crops and livestock products","566","Nigeria","5412","Yield","01640","Cocoa beans","2021","2021","kg/ha","278","E","Estimated value",""
"QCL","Crops and livestock products","566","Nigeria","5510","Production","01640","Cocoa beans","2021","2021","t","280000","X","Value from external organization","Unofficial figure"
"QCL","Crops and livestock products","566","Nigeria","5312","Area harvested","01640","Cocoa beans","2022","2022","ha","1099270","I","Value imputed by a receiving agency",""
"QCL","Crops and livestock products","566","Nigeria","5412","Yield","01640","Cocoa beans","2022","2022","kg/ha","272.9","E","Estimated value",""
"QCL","Crops and livestock products","566","Nigeria","5510","Production","01640","Cocoa beans","2022","2022","t","300000","X","Value from external organization","Unofficial figure"
"QCL","Crops and livestock products","566","Nigeria","5312","Area harvested","01640","Cocoa beans","2023","2023","ha","1284956","I","Value imputed by a receiving agency",""
"QCL","Crops and livestock products","566","Nigeria","5412","Yield","01640","Cocoa beans","2023","2023","kg/ha","272.4","E","Estimated value",""
"QCL","Crops and livestock products","566","Nigeria","5510","Production","01640","Cocoa beans","2023","2023","t","350000","X","Value from external organization","Unofficial figure"
"QCL","Crops and livestock products","566","Nigeria","5312","Area harvested","01640","Cocoa beans","2024","2024","ha","1300407","I","Value imputed by a receiving agency",""
"QCL","Crops and livestock products","566","Nigeria","5412","Yield","01640","Cocoa beans","2024","2024","kg/ha","269.1","E","Estimated value",""
"QCL","Crops and livestock products","566","Nigeria","5510","Production","01640","Cocoa beans","2024","2024","t","350000","X","Value from external organization","Unofficial figure"
"QCL","Crops and livestock products","566","Nigeria","5510","Production","2166","Coconut oil","2019","2019","t","10766.13","I","Value imputed by a receiving agency",""
"QCL","Crops and livestock products","566","Nigeria","5510","Production","2166","Coconut oil","2020","2020","t","9518.32","I","Value imputed by a receiving agency",""
"QCL","Crops and livestock products","566","Nigeria","5510","Production","2166","Coconut oil","2021","2021","t","7000","X","Value from external organization","Unofficial figure"
"QCL","Crops and livestock products","566","Nigeria","5510","Production","2166","Coconut oil","2022","2022","t","7000","X","Value from external organization","Unofficial figure"
"QCL","Crops and livestock products","566","Nigeria","5510","Production","2166","Coconut oil","2023","2023","t","7000","X","Value from external organization","Unofficial figure"
"QCL","Crops and livestock products","566","Nigeria","5312","Area harvested","01460","Coconuts, in shell","2019","2019","ha","36396","I","Value imputed by a receiving agency",""
"QCL","Crops and livestock products","566","Nigeria","5412","Yield","01460","Coconuts, in shell","2019","2019","kg/ha","7553","E","Estimated value",""
"QCL","Crops and livestock products","566","Nigeria","5510","Production","01460","Coconuts, in shell","2019","2019","t","274900","X","Value from external organization","Unofficial figure"
"QCL","Crops and livestock products","566","Nigeria","5312","Area harvested","01460","Coconuts, in shell","2020","2020","ha","35319","I","Value imputed by a receiving agency",""
"QCL","Crops and livestock products","566","Nigeria","5412","Yield","01460","Coconuts, in shell","2020","2020","kg/ha","7681.4","E","Estimated value",""
"QCL","Crops and livestock products","566","Nigeria","5510","Production","01460","Coconuts, in shell","2020","2020","t","271300","X","Value from external organization","Unofficial figure"
"QCL","Crops and livestock products","566","Nigeria","5312","Area harvested","01460","Coconuts, in shell","2021","2021","ha","34621","I","Value imputed by a receiving agency",""
"QCL","Crops and livestock products","566","Nigeria","5412","Yield","01460","Coconuts, in shell","2021","2021","kg/ha","7836.2","E","Estimated value",""
"QCL","Crops and livestock products","566","Nigeria","5510","Production","01460","Coconuts, in shell","2021","2021","t","271300","X","Value from external organization","Unofficial figure"
"QCL","Crops and livestock products","566","Nigeria","5312","Area harvested","01460","Coconuts, in shell","2022","2022","ha","34621","I","Value imputed by a receiving agency",""
"QCL","Crops and livestock products","566","Nigeria","5412","Yield","01460","Coconuts, in shell","2022","2022","kg/ha","7836.4","E","Estimated value",""
"QCL","Crops and livestock products","566","Nigeria","5510","Production","01460","Coconuts, in shell","2022","2022","t","271300","X","Value from external organization","Unofficial figure"
"QCL","Crops and livestock products","566","Nigeria","5312","Area harvested","01460","Coconuts, in shell","2023","2023","ha","35933","I","Value imputed by a receiving agency",""
"QCL","Crops and livestock products","566","Nigeria","5412","Yield","01460","Coconuts, in shell","2023","2023","kg/ha","7917.5","E","Estimated value",""
"QCL","Crops and livestock products","566","Nigeria","5510","Production","01460","Coconuts, in shell","2023","2023","t","284500","X","Value from external organization","Unofficial figure"
"QCL","Crops and livestock products","566","Nigeria","5312","Area harvested","01460","Coconuts, in shell","2024","2024","ha","36232","I","Value imputed by a receiving agency",""
"QCL","Crops and livestock products","566","Nigeria","5412","Yield","01460","Coconuts, in shell","2024","2024","kg/ha","7998.7","E","Estimated value",""
"QCL","Crops and livestock products","566","Nigeria","5510","Production","01460","Coconuts, in shell","2024","2024","t","289806.86","I","Value imputed by a receiving agency",""
"QCL","Crops and livestock products","566","Nigeria","5312","Area harvested","01610","Coffee, green","2019","2019","ha","1421","I","Value imputed by a receiving agency",""
"QCL","Crops and livestock products","566","Nigeria","5412","Yield","01610","Coffee, green","2019","2019","kg/ha","1302.9","E","Estimated value",""
"QCL","Crops and livestock products","566","Nigeria","5510","Production","01610","Coffee, green","2019","2019","t","1852.02","I","Value imputed by a receiving agency",""
"QCL","Crops and livestock products","566","Nigeria","5312","Area harvested","01610","Coffee, green","2020","2020","ha","1380","I","Value imputed by a receiving agency",""
"QCL","Crops and livestock products","566","Nigeria","5412","Yield","01610","Coffee, green","2020","2020","kg/ha","1308.8","E","Estimated value",""
"QCL","Crops and livestock products","566","Nigeria","5510","Production","01610","Coffee, green","2020","2020","t","1806.08","I","Value imputed by a receiving agency",""
"QCL","Crops and livestock products","566","Nigeria","5312","Area harvested","01610","Coffee, green","2021","2021","ha","1367","I","Value imputed by a receiving agency",""
"QCL","Crops and livestock products","566","Nigeria","5412","Yield","01610","Coffee, green","2021","2021","kg/ha","1315.8","E","Estimated value",""
"QCL","Crops and livestock products","566","Nigeria","5510","Production","01610","Coffee, green","2021","2021","t","1798.95","I","Value imputed by a receiving agency",""
"QCL","Crops and livestock products","566","Nigeria","5312","Area harvested","01610","Coffee, green","2022","2022","ha","1390","E","Estimated value",""
"QCL","Crops and livestock products","566","Nigeria","5412","Yield","01610","Coffee, green","2022","2022","kg/ha","1309.1","E","Estimated value",""
"QCL","Crops and livestock products","566","Nigeria","5510","Production","01610","Coffee, green","2022","2022","t","1819.02","E","Estimated value",""
"QCL","Crops and livestock products","566","Nigeria","5312","Area harvested","01610","Coffee, green","2023","2023","ha","1379","E","Estimated value",""
"QCL","Crops and livestock products","566","Nigeria","5412","Yield","01610","Coffee, green","2023","2023","kg/ha","1311.2","E","Estimated value",""
"QCL","Crops and livestock products","566","Nigeria","5510","Production","01610","Coffee, green","2023","2023","t","1808.01","E","Estimated value",""
"QCL","Crops and livestock products","566","Nigeria","5312","Area harvested","01610","Coffee, green","2024","2024","ha","1379","E","Estimated value",""
"QCL","Crops and livestock products","566","Nigeria","5412","Yield","01610","Coffee, green","2024","2024","kg/ha","1312","E","Estimated value",""
"QCL","Crops and livestock products","566","Nigeria","5510","Production","01610","Coffee, green","2024","2024","t","1808.66","E","Estimated value",""
"QCL","Crops and livestock products","566","Nigeria","5510","Production","01921.02","Cotton lint, ginned","2019","2019","t","44000","X","Value from external organization","Unofficial figure"
"QCL","Crops and livestock products","566","Nigeria","5510","Production","01921.02","Cotton lint, ginned","2020","2020","t","90000","X","Value from external organization","Unofficial figure"
"QCL","Crops and livestock products","566","Nigeria","5510","Production","01921.02","Cotton lint, ginned","2021","2021","t","93000","X","Value from external organization","Unofficial figure"
"QCL","Crops and livestock products","566","Nigeria","5510","Production","01921.02","Cotton lint, ginned","2022","2022","t","104000","I","Value imputed by a receiving agency",""
"QCL","Crops and livestock products","566","Nigeria","5510","Production","01921.02","Cotton lint, ginned","2023","2023","t","99200","I","Value imputed by a receiving agency",""
"QCL","Crops and livestock products","566","Nigeria","5510","Production","0143","Cotton seed","2019","2019","t","60000","X","Value from external organization","Unofficial figure"
"QCL","Crops and livestock products","566","Nigeria","5510","Production","0143","Cotton seed","2020","2020","t","125000","X","Value from external organization","Unofficial figure"
"QCL","Crops and livestock products","566","Nigeria","5510","Production","0143","Cotton seed","2021","2021","t","115000","X","Value from external organization","Unofficial figure"
"QCL","Crops and livestock products","566","Nigeria","5510","Production","0143","Cotton seed","2022","2022","t","130000","X","Value from external organization","Unofficial figure"
"QCL","Crops and livestock products","566","Nigeria","5510","Production","0143","Cotton seed","2023","2023","t","124000","X","Value from external organization","Unofficial figure"
"QCL","Crops and livestock products","566","Nigeria","5510","Production","2168","Cottonseed oil","2019","2019","t","10900","X","Value from external organization","Unofficial figure"
"QCL","Crops and livestock products","566","Nigeria","5510","Production","2168","Cottonseed oil","2020","2020","t","10000","X","Value from external organization","Unofficial figure"
"QCL","Crops and livestock products","566","Nigeria","5510","Production","2168","Cottonseed oil","2021","2021","t","16900","X","Value from external organization","Unofficial figure"
"QCL","Crops and livestock products","566","Nigeria","5510","Production","2168","Cottonseed oil","2022","2022","t","17300","X","Value from external organization","Unofficial figure"
"QCL","Crops and livestock products","566","Nigeria","5510","Production","2168","Cottonseed oil","2023","2023","t","17200","X","Value from external organization","Unofficial figure"
"QCL","Crops and livestock products","566","Nigeria","5312","Area harvested","01706","Cow peas, dry","2019","2019","ha","4931320","A","Official value",""
"QCL","Crops and livestock products","566","Nigeria","5412","Yield","01706","Cow peas, dry","2019","2019","kg/ha","824.3","A","Official value",""
"QCL","Crops and livestock products","566","Nigeria","5510","Production","01706","Cow peas, dry","2019","2019","t","4064710","A","Official value",""
"QCL","Crops and livestock products","566","Nigeria","5312","Area harvested","01706","Cow peas, dry","2020","2020","ha","4973530","A","Official value",""
"QCL","Crops and livestock products","566","Nigeria","5412","Yield","01706","Cow peas, dry","2020","2020","kg/ha","831","A","Official value",""
"QCL","Crops and livestock products","566","Nigeria","5510","Production","01706","Cow peas, dry","2020","2020","t","4132850","A","Official value",""
"QCL","Crops and livestock products","566","Nigeria","5312","Area harvested","01706","Cow peas, dry","2021","2021","ha","5041990","A","Official value",""
"QCL","Crops and livestock products","566","Nigeria","5412","Yield","01706","Cow peas, dry","2021","2021","kg/ha","835.6","A","Official value",""
"QCL","Crops and livestock products","566","Nigeria","5510","Production","01706","Cow peas, dry","2021","2021","t","4213100","A","Official value",""
"QCL","Crops and livestock products","566","Nigeria","5312","Area harvested","01706","Cow peas, dry","2022","2022","ha","4922010","I","Value imputed by a receiving agency",""
"QCL","Crops and livestock products","566","Nigeria","5412","Yield","01706","Cow peas, dry","2022","2022","kg/ha","856","E","Estimated value",""
"QCL","Crops and livestock products","566","Nigeria","5510","Production","01706","Cow peas, dry","2022","2022","t","4213094.04","I","Value imputed by a receiving agency",""
"QCL","Crops and livestock products","566","Nigeria","5312","Area harvested","01706","Cow peas, dry","2023","2023","ha","5006871","I","Value imputed by a receiving agency",""
"QCL","Crops and livestock products","566","Nigeria","5412","Yield","01706","Cow peas, dry","2023","2023","kg/ha","856","E","Estimated value",""
"QCL","Crops and livestock products","566","Nigeria","5510","Production","01706","Cow peas, dry","2023","2023","t","4285752.86","I","Value imputed by a receiving agency",""
"QCL","Crops and livestock products","566","Nigeria","5312","Area harvested","01706","Cow peas, dry","2024","2024","ha","5142986","I","Value imputed by a receiving agency",""
"QCL","Crops and livestock products","566","Nigeria","5412","Yield","01706","Cow peas, dry","2024","2024","kg/ha","833.7","E","Estimated value",""
"QCL","Crops and livestock products","566","Nigeria","5510","Production","01706","Cow peas, dry","2024","2024","t","4287630.86","I","Value imputed by a receiving agency",""
"QCL","Crops and livestock products","566","Nigeria","5510","Production","21151","Edible offal of cattle, fresh, chilled or frozen","2019","2019","t","49250.53","I","Value imputed by a receiving agency",""
"QCL","Crops and livestock products","566","Nigeria","5320","Producing Animals/Slaughtered","21151","Edible offal of cattle, fresh, chilled or frozen","2019","2019","An","3194709","I","Value imputed by a receiving agency",""
"QCL","Crops and livestock products","566","Nigeria","5510","Production","21151","Edible offal of cattle, fresh, chilled or frozen","2020","2020","t","49146.25","I","Value imputed by a receiving agency",""
"QCL","Crops and livestock products","566","Nigeria","5320","Producing Animals/Slaughtered","21151","Edible offal of cattle, fresh, chilled or frozen","2020","2020","An","3209709","I","Value imputed by a receiving agency",""
"QCL","Crops and livestock products","566","Nigeria","5510","Production","21151","Edible offal of cattle, fresh, chilled or frozen","2021","2021","t","49068.01","I","Value imputed by a receiving agency",""
"QCL","Crops and livestock products","566","Nigeria","5320","Producing Animals/Slaughtered","21151","Edible offal of cattle, fresh, chilled or frozen","2021","2021","An","3248445","I","Value imputed by a receiving agency",""
"QCL","Crops and livestock products","566","Nigeria","5510","Production","21151","Edible offal of cattle, fresh, chilled or frozen","2022","2022","t","48615.95","I","Value imputed by a receiving agency",""
"QCL","Crops and livestock products","566","Nigeria","5320","Producing Animals/Slaughtered","21151","Edible offal of cattle, fresh, chilled or frozen","2022","2022","An","3274666","I","Value imputed by a receiving agency",""
"QCL","Crops and livestock products","566","Nigeria","5510","Production","21151","Edible offal of cattle, fresh, chilled or frozen","2023","2023","t","48236.6","I","Value imputed by a receiving agency",""
"QCL","Crops and livestock products","566","Nigeria","5320","Producing Animals/Slaughtered","21151","Edible offal of cattle, fresh, chilled or frozen","2023","2023","An","3290904","I","Value imputed by a receiving agency",""
"QCL","Crops and livestock products","566","Nigeria","5510","Production","21151","Edible offal of cattle, fresh, chilled or frozen","2024","2024","t","47880.84","I","Value imputed by a receiving agency",""
"QCL","Crops and livestock products","566","Nigeria","5320","Producing Animals/Slaughtered","21151","Edible offal of cattle, fresh, chilled or frozen","2024","2024","An","3309195","I","Value imputed by a receiving agency",""
"QCL","Crops and livestock products","566","Nigeria","5510","Production","21156","Edible offal of goat, fresh, chilled or frozen","2019","2019","t","45505.11","I","Value imputed by a receiving agency",""
"QCL","Crops and livestock products","566","Nigeria","5320","Producing Animals/Slaughtered","21156","Edible offal of goat, fresh, chilled or frozen","2019","2019","An","27332637","I","Value imputed by a receiving agency",""
"QCL","Crops and livestock products","566","Nigeria","5510","Production","21156","Edible offal of goat, fresh, chilled or frozen","2020","2020","t","45398.7","I","Value imputed by a receiving agency",""
"QCL","Crops and livestock products","566","Nigeria","5320","Producing Animals/Slaughtered","21156","Edible offal of goat, fresh, chilled or frozen","2020","2020","An","27502538","I","Value imputed by a receiving agency",""
"QCL","Crops and livestock products","566","Nigeria","5510","Production","21156","Edible offal of goat, fresh, chilled or frozen","2021","2021","t","45887.12","I","Value imputed by a receiving agency",""
"QCL","Crops and livestock products","566","Nigeria","5320","Producing Animals/Slaughtered","21156","Edible offal of goat, fresh, chilled or frozen","2021","2021","An","27888119","I","Value imputed by a receiving agency",""
"QCL","Crops and livestock products","566","Nigeria","5510","Production","21156","Edible offal of goat, fresh, chilled or frozen","2022","2022","t","46413.81","I","Value imputed by a receiving agency",""
"QCL","Crops and livestock products","566","Nigeria","5320","Producing Animals/Slaughtered","21156","Edible offal of goat, fresh, chilled or frozen","2022","2022","An","28195526","I","Value imputed by a receiving agency",""
"QCL","Crops and livestock products","566","Nigeria","5510","Production","21156","Edible offal of goat, fresh, chilled or frozen","2023","2023","t","46623.29","I","Value imputed by a receiving agency",""
"QCL","Crops and livestock products","566","Nigeria","5320","Producing Animals/Slaughtered","21156","Edible offal of goat, fresh, chilled or frozen","2023","2023","An","28359786","I","Value imputed by a receiving agency",""
"QCL","Crops and livestock products","566","Nigeria","5510","Production","21156","Edible offal of goat, fresh, chilled or frozen","2024","2024","t","46784.92","I","Value imputed by a receiving agency",""
"QCL","Crops and livestock products","566","Nigeria","5320","Producing Animals/Slaughtered","21156","Edible offal of goat, fresh, chilled or frozen","2024","2024","An","28495333","I","Value imputed by a receiving agency",""
"QCL","Crops and livestock products","566","Nigeria","5510","Production","21153","Edible offal of pigs, fresh, chilled or frozen","2019","2019","t","14186.75","I","Value imputed by a receiving agency",""
"QCL","Crops and livestock products","566","Nigeria","5320","Producing Animals/Slaughtered","21153","Edible offal of pigs, fresh, chilled or frozen","2019","2019","An","7093365","I","Value imputed by a receiving agency",""
"QCL","Crops and livestock products","566","Nigeria","5510","Production","21153","Edible offal of pigs, fresh, chilled or frozen","2020","2020","t","14928.52","I","Value imputed by a receiving agency",""
"QCL","Crops and livestock products","566","Nigeria","5320","Producing Animals/Slaughtered","21153","Edible offal of pigs, fresh, chilled or frozen","2020","2020","An","7464245","I","Value imputed by a receiving agency",""
"QCL","Crops and livestock products","566","Nigeria","5510","Production","21153","Edible offal of pigs, fresh, chilled or frozen","2021","2021","t","15649.48","I","Value imputed by a receiving agency",""
"QCL","Crops and livestock products","566","Nigeria","5320","Producing Animals/Slaughtered","21153","Edible offal of pigs, fresh, chilled or frozen","2021","2021","An","7824723","I","Value imputed by a receiving agency",""
"QCL","Crops and livestock products","566","Nigeria","5510","Production","21153","Edible offal of pigs, fresh, chilled or frozen","2022","2022","t","16140.33","I","Value imputed by a receiving agency",""
"QCL","Crops and livestock products","566","Nigeria","5320","Producing Animals/Slaughtered","21153","Edible offal of pigs, fresh, chilled or frozen","2022","2022","An","8070145","I","Value imputed by a receiving agency",""
"QCL","Crops and livestock products","566","Nigeria","5510","Production","21153","Edible offal of pigs, fresh, chilled or frozen","2023","2023","t","16611.51","I","Value imputed by a receiving agency",""
"QCL","Crops and livestock products","566","Nigeria","5320","Producing Animals/Slaughtered","21153","Edible offal of pigs, fresh, chilled or frozen","2023","2023","An","8305736","I","Value imputed by a receiving agency",""
"QCL","Crops and livestock products","566","Nigeria","5510","Production","21153","Edible offal of pigs, fresh, chilled or frozen","2024","2024","t","17155.43","I","Value imputed by a receiving agency",""
"QCL","Crops and livestock products","566","Nigeria","5320","Producing Animals/Slaughtered","21153","Edible offal of pigs, fresh, chilled or frozen","2024","2024","An","8577694","I","Value imputed by a receiving agency",""
"QCL","Crops and livestock products","566","Nigeria","5510","Production","21155","Edible offal of sheep, fresh, chilled or frozen","2019","2019","t","28137.22","I","Value imputed by a receiving agency",""
"QCL","Crops and livestock products","566","Nigeria","5320","Producing Animals/Slaughtered","21155","Edible offal of sheep, fresh, chilled or frozen","2019","2019","An","19099553","I","Value imputed by a receiving agency",""
"QCL","Crops and livestock products","566","Nigeria","5510","Production","21155","Edible offal of sheep, fresh, chilled or frozen","2020","2020","t","28092.04","I","Value imputed by a receiving agency",""
"QCL","Crops and livestock products","566","Nigeria","5320","Producing Animals/Slaughtered","21155","Edible offal of sheep, fresh, chilled or frozen","2020","2020","An","19419135","I","Value imputed by a receiving agency",""
"QCL","Crops and livestock products","566","Nigeria","5510","Production","21155","Edible offal of sheep, fresh, chilled or frozen","2021","2021","t","29050.12","I","Value imputed by a receiving agency",""
"QCL","Crops and livestock products","566","Nigeria","5320","Producing Animals/Slaughtered","21155","Edible offal of sheep, fresh, chilled or frozen","2021","2021","An","19949974","I","Value imputed by a receiving agency",""
"QCL","Crops and livestock products","566","Nigeria","5510","Production","21155","Edible offal of sheep, fresh, chilled or frozen","2022","2022","t","29272.11","I","Value imputed by a receiving agency",""
"QCL","Crops and livestock products","566","Nigeria","5320","Producing Animals/Slaughtered","21155","Edible offal of sheep, fresh, chilled or frozen","2022","2022","An","20475867","I","Value imputed by a receiving agency",""
"QCL","Crops and livestock products","566","Nigeria","5510","Production","21155","Edible offal of sheep, fresh, chilled or frozen","2023","2023","t","29449.8","I","Value imputed by a receiving agency",""
"QCL","Crops and livestock products","566","Nigeria","5320","Producing Animals/Slaughtered","21155","Edible offal of sheep, fresh, chilled or frozen","2023","2023","An","20893106","I","Value imputed by a receiving agency",""
"QCL","Crops and livestock products","566","Nigeria","5510","Production","21155","Edible offal of sheep, fresh, chilled or frozen","2024","2024","t","29620.72","I","Value imputed by a receiving agency",""
"QCL","Crops and livestock products","566","Nigeria","5320","Producing Animals/Slaughtered","21155","Edible offal of sheep, fresh, chilled or frozen","2024","2024","An","19686361","E","Estimated value",""
"QCL","Crops and livestock products","566","Nigeria","5510","Production","21511.01","Fat of pigs","2019","2019","t","17733.44","I","Value imputed by a receiving agency",""
"QCL","Crops and livestock products","566","Nigeria","5320","Producing Animals/Slaughtered","21511.01","Fat of pigs","2019","2019","An","7093365","I","Value imputed by a receiving agency",""
"QCL","Crops and livestock products","566","Nigeria","5510","Production","21511.01","Fat of pigs","2020","2020","t","18660.65","I","Value imputed by a receiving agency",""
"QCL","Crops and livestock products","566","Nigeria","5320","Producing Animals/Slaughtered","21511.01","Fat of pigs","2020","2020","An","7464245","I","Value imputed by a receiving agency",""
"QCL","Crops and livestock products","566","Nigeria","5510","Production","21511.01","Fat of pigs","2021","2021","t","19561.85","I","Value imputed by a receiving agency",""
"QCL","Crops and livestock products","566","Nigeria","5320","Producing Animals/Slaughtered","21511.01","Fat of pigs","2021","2021","An","7824723","I","Value imputed by a receiving agency",""
"QCL","Crops and livestock products","566","Nigeria","5510","Production","21511.01","Fat of pigs","2022","2022","t","20175.41","I","Value imputed by a receiving agency",""
"QCL","Crops and livestock products","566","Nigeria","5320","Producing Animals/Slaughtered","21511.01","Fat of pigs","2022","2022","An","8070145","I","Value imputed by a receiving agency",""
"QCL","Crops and livestock products","566","Nigeria","5510","Production","21511.01","Fat of pigs","2023","2023","t","20764.39","I","Value imputed by a receiving agency",""
"QCL","Crops and livestock products","566","Nigeria","5320","Producing Animals/Slaughtered","21511.01","Fat of pigs","2023","2023","An","8305736","I","Value imputed by a receiving agency",""
"QCL","Crops and livestock products","566","Nigeria","5510","Production","21511.01","Fat of pigs","2024","2024","t","21444.29","I","Value imputed by a receiving agency",""
"QCL","Crops and livestock products","566","Nigeria","5320","Producing Animals/Slaughtered","21511.01","Fat of pigs","2024","2024","An","8577694","I","Value imputed by a receiving agency",""
"QCL","Crops and livestock products","566","Nigeria","5312","Area harvested","01193","Fonio","2019","2019","ha","176423","I","Value imputed by a receiving agency",""
"QCL","Crops and livestock products","566","Nigeria","5412","Yield","01193","Fonio","2019","2019","kg/ha","486.1","E","Estimated value",""
"QCL","Crops and livestock products","566","Nigeria","5510","Production","01193","Fonio","2019","2019","t","85758.79","I","Value imputed by a receiving agency",""
"QCL","Crops and livestock products","566","Nigeria","5312","Area harvested","01193","Fonio","2020","2020","ha","176907","I","Value imputed by a receiving agency",""
"QCL","Crops and livestock products","566","Nigeria","5412","Yield","01193","Fonio","2020","2020","kg/ha","482.3","E","Estimated value",""
"QCL","Crops and livestock products","566","Nigeria","5510","Production","01193","Fonio","2020","2020","t","85322.39","I","Value imputed by a receiving agency",""
"QCL","Crops and livestock products","566","Nigeria","5312","Area harvested","01193","Fonio","2021","2021","ha","174936","I","Value imputed by a receiving agency",""
"QCL","Crops and livestock products","566","Nigeria","5412","Yield","01193","Fonio","2021","2021","kg/ha","485.2","E","Estimated value",""
"QCL","Crops and livestock products","566","Nigeria","5510","Production","01193","Fonio","2021","2021","t","84874.74","I","Value imputed by a receiving agency",""
"QCL","Crops and livestock products","566","Nigeria","5312","Area harvested","01193","Fonio","2022","2022","ha","172388","I","Value imputed by a receiving agency",""
"QCL","Crops and livestock products","566","Nigeria","5412","Yield","01193","Fonio","2022","2022","kg/ha","488.3","E","Estimated value",""
"QCL","Crops and livestock products","566","Nigeria","5510","Production","01193","Fonio","2022","2022","t","84170","X","Value from external organization","Unofficial figure"
"QCL","Crops and livestock products","566","Nigeria","5312","Area harvested","01193","Fonio","2023","2023","ha","172102","I","Value imputed by a receiving agency",""
"QCL","Crops and livestock products","566","Nigeria","5412","Yield","01193","Fonio","2023","2023","kg/ha","487.7","E","Estimated value",""
"QCL","Crops and livestock products","566","Nigeria","5510","Production","01193","Fonio","2023","2023","t","83928.55","I","Value imputed by a receiving agency",""
"QCL","Crops and livestock products","566","Nigeria","5312","Area harvested","01193","Fonio","2024","2024","ha","175029","I","Value imputed by a receiving agency",""
"QCL","Crops and livestock products","566","Nigeria","5412","Yield","01193","Fonio","2024","2024","kg/ha","487.1","E","Estimated value",""
"QCL","Crops and livestock products","566","Nigeria","5510","Production","01193","Fonio","2024","2024","t","85252.22","I","Value imputed by a receiving agency",""
"QCL","Crops and livestock products","566","Nigeria","5510","Production","21170.02","Game meat, fresh, chilled or frozen","2019","2019","t","172099.63","I","Value imputed by a receiving agency",""
"QCL","Crops and livestock products","566","Nigeria","5510","Production","21170.02","Game meat, fresh, chilled or frozen","2020","2020","t","174335.81","I","Value imputed by a receiving agency",""
"QCL","Crops and livestock products","566","Nigeria","5510","Production","21170.02","Game meat, fresh, chilled or frozen","2021","2021","t","178250.66","I","Value imputed by a receiving agency",""
"QCL","Crops and livestock products","566","Nigeria","5510","Production","21170.02","Game meat, fresh, chilled or frozen","2022","2022","t","178441","I","Value imputed by a receiving agency",""
"QCL","Crops and livestock products","566","Nigeria","5510","Production","21170.02","Game meat, fresh, chilled or frozen","2023","2023","t","176601.55","E","Estimated value",""
"QCL","Crops and livestock products","566","Nigeria","5510","Production","21170.02","Game meat, fresh, chilled or frozen","2024","2024","t","178445.7","E","Estimated value",""
"QCL","Crops and livestock products","566","Nigeria","5312","Area harvested","01657","Ginger, raw","2019","2019","ha","93730","A","Official value",""
"QCL","Crops and livestock products","566","Nigeria","5412","Yield","01657","Ginger, raw","2019","2019","kg/ha","7244.6","A","Official value",""
"QCL","Crops and livestock products","566","Nigeria","5510","Production","01657","Ginger, raw","2019","2019","t","679040","A","Official value",""
"QCL","Crops and livestock products","566","Nigeria","5312","Area harvested","01657","Ginger, raw","2020","2020","ha","102060","A","Official value",""
"QCL","Crops and livestock products","566","Nigeria","5412","Yield","01657","Ginger, raw","2020","2020","kg/ha","6676.4","A","Official value",""
"QCL","Crops and livestock products","566","Nigeria","5510","Production","01657","Ginger, raw","2020","2020","t","681390","A","Official value",""
"QCL","Crops and livestock products","566","Nigeria","5312","Area harvested","01657","Ginger, raw","2021","2021","ha","102320","A","Official value",""
"QCL","Crops and livestock products","566","Nigeria","5412","Yield","01657","Ginger, raw","2021","2021","kg/ha","6910.7","A","Official value",""
"QCL","Crops and livestock products","566","Nigeria","5510","Production","01657","Ginger, raw","2021","2021","t","707100","A","Official value",""
"QCL","Crops and livestock products","566","Nigeria","5312","Area harvested","01657","Ginger, raw","2022","2022","ha","96266","I","Value imputed by a receiving agency",""
"QCL","Crops and livestock products","566","Nigeria","5412","Yield","01657","Ginger, raw","2022","2022","kg/ha","7806.2","E","Estimated value",""
"QCL","Crops and livestock products","566","Nigeria","5510","Production","01657","Ginger, raw","2022","2022","t","751473.5","I","Value imputed by a receiving agency",""
"QCL","Crops and livestock products","566","Nigeria","5312","Area harvested","01657","Ginger, raw","2023","2023","ha","89984","I","Value imputed by a receiving agency",""
"QCL","Crops and livestock products","566","Nigeria","5412","Yield","01657","Ginger, raw","2023","2023","kg/ha","8637","E","Estimated value",""
"QCL","Crops and livestock products","566","Nigeria","5510","Production","01657","Ginger, raw","2023","2023","t","777194.95","I","Value imputed by a receiving agency",""
"QCL","Crops and livestock products","566","Nigeria","5312","Area harvested","01657","Ginger, raw","2024","2024","ha","89430","I","Value imputed by a receiving agency",""
"QCL","Crops and livestock products","566","Nigeria","5412","Yield","01657","Ginger, raw","2024","2024","kg/ha","8598.1","E","Estimated value",""
"QCL","Crops and livestock products","566","Nigeria","5510","Production","01657","Ginger, raw","2024","2024","t","768922.05","I","Value imputed by a receiving agency",""
"QCL","Crops and livestock products","566","Nigeria","5510","Production","21515","Goat fat, unrendered","2019","2019","t","6825.77","I","Value imputed by a receiving agency",""
"QCL","Crops and livestock products","566","Nigeria","5320","Producing Animals/Slaughtered","21515","Goat fat, unrendered","2019","2019","An","27332637","I","Value imputed by a receiving agency",""
"QCL","Crops and livestock products","566","Nigeria","5510","Production","21515","Goat fat, unrendered","2020","2020","t","6809.8","I","Value imputed by a receiving agency",""
"QCL","Crops and livestock products","566","Nigeria","5320","Producing Animals/Slaughtered","21515","Goat fat, unrendered","2020","2020","An","27502538","I","Value imputed by a receiving agency",""
"QCL","Crops and livestock products","566","Nigeria","5510","Production","21515","Goat fat, unrendered","2021","2021","t","6883.07","I","Value imputed by a receiving agency",""
"QCL","Crops and livestock products","566","Nigeria","5320","Producing Animals/Slaughtered","21515","Goat fat, unrendered","2021","2021","An","27888119","I","Value imputed by a receiving agency",""
"QCL","Crops and livestock products","566","Nigeria","5510","Production","21515","Goat fat, unrendered","2022","2022","t","6962.07","I","Value imputed by a receiving agency",""
"QCL","Crops and livestock products","566","Nigeria","5320","Producing Animals/Slaughtered","21515","Goat fat, unrendered","2022","2022","An","28195526","I","Value imputed by a receiving agency",""
"QCL","Crops and livestock products","566","Nigeria","5510","Production","21515","Goat fat, unrendered","2023","2023","t","6993.49","I","Value imputed by a receiving agency",""
"QCL","Crops and livestock products","566","Nigeria","5320","Producing Animals/Slaughtered","21515","Goat fat, unrendered","2023","2023","An","28359786","I","Value imputed by a receiving agency",""
"QCL","Crops and livestock products","566","Nigeria","5510","Production","21515","Goat fat, unrendered","2024","2024","t","7017.74","I","Value imputed by a receiving agency",""
"QCL","Crops and livestock products","566","Nigeria","5320","Producing Animals/Slaughtered","21515","Goat fat, unrendered","2024","2024","An","28495333","I","Value imputed by a receiving agency",""
"QCL","Crops and livestock products","566","Nigeria","5111","Stocks","02123","Goats","2019","2019","An","81875539","I","Value imputed by a receiving agency",""
"QCL","Crops and livestock products","566","Nigeria","5111","Stocks","02123","Goats","2020","2020","An","84039154","A","Official value",""
"QCL","Crops and livestock products","566","Nigeria","5111","Stocks","02123","Goats","2021","2021","An","86140133","A","Official value",""
"QCL","Crops and livestock products","566","Nigeria","5111","Stocks","02123","Goats","2022","2022","An","88043009","I","Value imputed by a receiving agency",""
"QCL","Crops and livestock products","566","Nigeria","5111","Stocks","02123","Goats","2023","2023","An","89536070","I","Value imputed by a receiving agency",""
"QCL","Crops and livestock products","566","Nigeria","5111","Stocks","02123","Goats","2024","2024","An","90970883","I","Value imputed by a receiving agency",""
"QCL","Crops and livestock products","566","Nigeria","5312","Area harvested","01290.01","Green corn (maize)","2019","2019","ha","199167","I","Value imputed by a receiving agency",""
"QCL","Crops and livestock products","566","Nigeria","5412","Yield","01290.01","Green corn (maize)","2019","2019","kg/ha","3873.9","E","Estimated value",""
"QCL","Crops and livestock products","566","Nigeria","5510","Production","01290.01","Green corn (maize)","2019","2019","t","771556.09","I","Value imputed by a receiving agency",""
"QCL","Crops and livestock products","566","Nigeria","5312","Area harvested","01290.01","Green corn (maize)","2020","2020","ha","199012","I","Value imputed by a receiving agency",""
"QCL","Crops and livestock products","566","Nigeria","5412","Yield","01290.01","Green corn (maize)","2020","2020","kg/ha","3902.4","E","Estimated value",""
"QCL","Crops and livestock products","566","Nigeria","5510","Production","01290.01","Green corn (maize)","2020","2020","t","776618.74","I","Value imputed by a receiving agency",""
"QCL","Crops and livestock products","566","Nigeria","5312","Area harvested","01290.01","Green corn (maize)","2021","2021","ha","200404","I","Value imputed by a receiving agency",""
"QCL","Crops and livestock products","566","Nigeria","5412","Yield","01290.01","Green corn (maize)","2021","2021","kg/ha","3929.5","E","Estimated value",""
"QCL","Crops and livestock products","566","Nigeria","5510","Production","01290.01","Green corn (maize)","2021","2021","t","787486.21","I","Value imputed by a receiving agency",""
"QCL","Crops and livestock products","566","Nigeria","5312","Area harvested","01290.01","Green corn (maize)","2022","2022","ha","200186","I","Value imputed by a receiving agency",""
"QCL","Crops and livestock products","566","Nigeria","5412","Yield","01290.01","Green corn (maize)","2022","2022","kg/ha","3936.1","E","Estimated value",""
"QCL","Crops and livestock products","566","Nigeria","5510","Production","01290.01","Green corn (maize)","2022","2022","t","787950.38","I","Value imputed by a receiving agency",""
"QCL","Crops and livestock products","566","Nigeria","5312","Area harvested","01290.01","Green corn (maize)","2023","2023","ha","200663","I","Value imputed by a receiving agency",""
"QCL","Crops and livestock products","566","Nigeria","5412","Yield","01290.01","Green corn (maize)","2023","2023","kg/ha","3955.3","E","Estimated value",""
"QCL","Crops and livestock products","566","Nigeria","5510","Production","01290.01","Green corn (maize)","2023","2023","t","793689.44","I","Value imputed by a receiving agency",""
"QCL","Crops and livestock products","566","Nigeria","5312","Area harvested","01290.01","Green corn (maize)","2024","2024","ha","201276","I","Value imputed by a receiving agency",""
"QCL","Crops and livestock products","566","Nigeria","5412","Yield","01290.01","Green corn (maize)","2024","2024","kg/ha","3972.2","E","Estimated value",""
"QCL","Crops and livestock products","566","Nigeria","5510","Production","01290.01","Green corn (maize)","2024","2024","t","799511.1","I","Value imputed by a receiving agency",""
"QCL","Crops and livestock products","566","Nigeria","5312","Area harvested","01252","Green garlic","2019","2019","ha","163","E","Estimated value",""
"QCL","Crops and livestock products","566","Nigeria","5412","Yield","01252","Green garlic","2019","2019","kg/ha","13055.6","E","Estimated value",""
"QCL","Crops and livestock products","566","Nigeria","5510","Production","01252","Green garlic","2019","2019","t","2133.33","E","Estimated value",""
"QCL","Crops and livestock products","566","Nigeria","5312","Area harvested","01252","Green garlic","2020","2020","ha","159","E","Estimated value",""
"QCL","Crops and livestock products","566","Nigeria","5412","Yield","01252","Green garlic","2020","2020","kg/ha","13056.4","E","Estimated value",""
"QCL","Crops and livestock products","566","Nigeria","5510","Production","01252","Green garlic","2020","2020","t","2077.78","E","Estimated value",""
"QCL","Crops and livestock products","566","Nigeria","5312","Area harvested","01252","Green garlic","2021","2021","ha","153","E","Estimated value",""
"QCL","Crops and livestock products","566","Nigeria","5412","Yield","01252","Green garlic","2021","2021","kg/ha","13056.7","E","Estimated value",""
"QCL","Crops and livestock products","566","Nigeria","5510","Production","01252","Green garlic","2021","2021","t","2003.7","E","Estimated value",""
"QCL","Crops and livestock products","566","Nigeria","5312","Area harvested","01252","Green garlic","2022","2022","ha","159","E","Estimated value",""
"QCL","Crops and livestock products","566","Nigeria","5412","Yield","01252","Green garlic","2022","2022","kg/ha","13056.2","E","Estimated value",""
"QCL","Crops and livestock products","566","Nigeria","5510","Production","01252","Green garlic","2022","2022","t","2071.6","E","Estimated value",""
"QCL","Crops and livestock products","566","Nigeria","5312","Area harvested","01252","Green garlic","2023","2023","ha","157","E","Estimated value",""
"QCL","Crops and livestock products","566","Nigeria","5412","Yield","01252","Green garlic","2023","2023","kg/ha","13056.4","E","Estimated value",""
"QCL","Crops and livestock products","566","Nigeria","5510","Production","01252","Green garlic","2023","2023","t","2051.03","E","Estimated value",""
"QCL","Crops and livestock products","566","Nigeria","5312","Area harvested","01252","Green garlic","2024","2024","ha","156","E","Estimated value",""
"QCL","Crops and livestock products","566","Nigeria","5412","Yield","01252","Green garlic","2024","2024","kg/ha","13056.4","E","Estimated value",""
"QCL","Crops and livestock products","566","Nigeria","5510","Production","01252","Green garlic","2024","2024","t","2042.11","E","Estimated value",""
"QCL","Crops and livestock products","566","Nigeria","5510","Production","23913","Green tea (not fermented), black tea (fermented) and partly fermented tea, in immediate packings of a content not exceeding 3 kg","2020","2020","t","1200","I","Value imputed by a receiving agency",""
"QCL","Crops and livestock products","566","Nigeria","5510","Production","23913","Green tea (not fermented), black tea (fermented) and partly fermented tea, in immediate packings of a content not exceeding 3 kg","2021","2021","t","965.26","I","Value imputed by a receiving agency",""
"QCL","Crops and livestock products","566","Nigeria","5510","Production","23913","Green tea (not fermented), black tea (fermented) and partly fermented tea, in immediate packings of a content not exceeding 3 kg","2022","2022","t","1608","I","Value imputed by a receiving agency",""
"QCL","Crops and livestock products","566","Nigeria","5510","Production","23913","Green tea (not fermented), black tea (fermented) and partly fermented tea, in immediate packings of a content not exceeding 3 kg","2023","2023","t","1440","I","Value imputed by a receiving agency",""
"QCL","Crops and livestock products","566","Nigeria","5510","Production","2162","Groundnut oil","2019","2019","t","375100","X","Value from external organization","Unofficial figure"
"QCL","Crops and livestock products","566","Nigeria","5510","Production","2162","Groundnut oil","2020","2020","t","364100","X","Value from external organization","Unofficial figure"
"QCL","Crops and livestock products","566","Nigeria","5510","Production","2162","Groundnut oil","2021","2021","t","364100","X","Value from external organization","Unofficial figure"
"QCL","Crops and livestock products","566","Nigeria","5510","Production","2162","Groundnut oil","2022","2022","t","377300","X","Value from external organization","Unofficial figure"
"QCL","Crops and livestock products","566","Nigeria","5510","Production","2162","Groundnut oil","2023","2023","t","390500","X","Value from external organization","Unofficial figure"
"QCL","Crops and livestock products","566","Nigeria","5312","Area harvested","0142","Groundnuts, excluding shelled","2019","2019","ha","3601541","I","Value imputed by a receiving agency",""
"QCL","Crops and livestock products","566","Nigeria","5412","Yield","0142","Groundnuts, excluding shelled","2019","2019","kg/ha","1209.8","E","Estimated value",""
"QCL","Crops and livestock products","566","Nigeria","5510","Production","0142","Groundnuts, excluding shelled","2019","2019","t","4357032.01","I","Value imputed by a receiving agency",""
"QCL","Crops and livestock products","566","Nigeria","5312","Area harvested","0142","Groundnuts, excluding shelled","2020","2020","ha","3620190","A","Official value",""
"QCL","Crops and livestock products","566","Nigeria","5412","Yield","0142","Groundnuts, excluding shelled","2020","2020","kg/ha","1168.6","A","Official value",""
"QCL","Crops and livestock products","566","Nigeria","5510","Production","0142","Groundnuts, excluding shelled","2020","2020","t","4230560","A","Official value",""
"QCL","Crops and livestock products","566","Nigeria","5312","Area harvested","0142","Groundnuts, excluding shelled","2021","2021","ha","3702210","A","Official value",""
"QCL","Crops and livestock products","566","Nigeria","5412","Yield","0142","Groundnuts, excluding shelled","2021","2021","kg/ha","1141.9","A","Official value",""
"QCL","Crops and livestock products","566","Nigeria","5510","Production","0142","Groundnuts, excluding shelled","2021","2021","t","4227520","A","Official value",""
"QCL","Crops and livestock products","566","Nigeria","5312","Area harvested","0142","Groundnuts, excluding shelled","2022","2022","ha","3400000","X","Value from external organization","Unofficial figure"
"QCL","Crops and livestock products","566","Nigeria","5412","Yield","0142","Groundnuts, excluding shelled","2022","2022","kg/ha","1260","X","Value from external organization",""
"QCL","Crops and livestock products","566","Nigeria","5510","Production","0142","Groundnuts, excluding shelled","2022","2022","t","4284000","X","Value from external organization","Unofficial figure"
"QCL","Crops and livestock products","566","Nigeria","5312","Area harvested","0142","Groundnuts, excluding shelled","2023","2023","ha","3450000","X","Value from external organization","Unofficial figure"
"QCL","Crops and livestock products","566","Nigeria","5412","Yield","0142","Groundnuts, excluding shelled","2023","2023","kg/ha","1246.4","X","Value from external organization",""
"QCL","Crops and livestock products","566","Nigeria","5510","Production","0142","Groundnuts, excluding shelled","2023","2023","t","4300000","X","Value from external organization","Unofficial figure"
"QCL","Crops and livestock products","566","Nigeria","5312","Area harvested","0142","Groundnuts, excluding shelled","2024","2024","ha","3450000","X","Value from external organization","Unofficial figure"
"QCL","Crops and livestock products","566","Nigeria","5412","Yield","0142","Groundnuts, excluding shelled","2024","2024","kg/ha","1246.4","X","Value from external organization",""
"QCL","Crops and livestock products","566","Nigeria","5510","Production","0142","Groundnuts, excluding shelled","2024","2024","t","4300000","X","Value from external organization","Unofficial figure"
"QCL","Crops and livestock products","566","Nigeria","5413","Yield","0231","Hen eggs in shell, fresh","2019","2019","No/An","111","E","Estimated value",""
"QCL","Crops and livestock products","566","Nigeria","5424","Yield/Carcass Weight","0231","Hen eggs in shell, fresh","2019","2019","g/An","4453","E","Estimated value",""
"QCL","Crops and livestock products","566","Nigeria","5510","Production","0231","Hen eggs in shell, fresh","2019","2019","t","640000","E","Estimated value",""
"QCL","Crops and livestock products","566","Nigeria","5513","Production","0231","Hen eggs in shell, fresh","2019","2019","1000 No","16000000","E","Estimated value",""
"QCL","Crops and livestock products","566","Nigeria","5313","Laying","0231","Hen eggs in shell, fresh","2019","2019","1000 An","143727","I","Value imputed by a receiving agency",""
"QCL","Crops and livestock products","566","Nigeria","5413","Yield","0231","Hen eggs in shell, fresh","2020","2020","No/An","114","E","Estimated value",""
"QCL","Crops and livestock products","566","Nigeria","5424","Yield/Carcass Weight","0231","Hen eggs in shell, fresh","2020","2020","g/An","4571","E","Estimated value",""
"QCL","Crops and livestock products","566","Nigeria","5510","Production","0231","Hen eggs in shell, fresh","2020","2020","t","640000","E","Estimated value",""
"QCL","Crops and livestock products","566","Nigeria","5513","Production","0231","Hen eggs in shell, fresh","2020","2020","1000 No","16000000","E","Estimated value",""
"QCL","Crops and livestock products","566","Nigeria","5313","Laying","0231","Hen eggs in shell, fresh","2020","2020","1000 An","140000","E","Estimated value",""
"QCL","Crops and livestock products","566","Nigeria","5413","Yield","0231","Hen eggs in shell, fresh","2021","2021","No/An","115","E","Estimated value",""
"QCL","Crops and livestock products","566","Nigeria","5424","Yield/Carcass Weight","0231","Hen eggs in shell, fresh","2021","2021","g/An","4585","E","Estimated value",""
"QCL","Crops and livestock products","566","Nigeria","5510","Production","0231","Hen eggs in shell, fresh","2021","2021","t","640000","E","Estimated value",""
"QCL","Crops and livestock products","566","Nigeria","5513","Production","0231","Hen eggs in shell, fresh","2021","2021","1000 No","16000000","E","Estimated value",""
"QCL","Crops and livestock products","566","Nigeria","5313","Laying","0231","Hen eggs in shell, fresh","2021","2021","1000 An","139572","E","Estimated value",""
"QCL","Crops and livestock products","566","Nigeria","5413","Yield","0231","Hen eggs in shell, fresh","2022","2022","No/An","120","E","Estimated value",""
"QCL","Crops and livestock products","566","Nigeria","5424","Yield/Carcass Weight","0231","Hen eggs in shell, fresh","2022","2022","g/An","4819","E","Estimated value",""
"QCL","Crops and livestock products","566","Nigeria","5510","Production","0231","Hen eggs in shell, fresh","2022","2022","t","663153.51","E","Estimated value",""
"QCL","Crops and livestock products","566","Nigeria","5513","Production","0231","Hen eggs in shell, fresh","2022","2022","1000 No","16578838","E","Estimated value",""
"QCL","Crops and livestock products","566","Nigeria","5313","Laying","0231","Hen eggs in shell, fresh","2022","2022","1000 An","137619","E","Estimated value",""
"QCL","Crops and livestock products","566","Nigeria","5413","Yield","0231","Hen eggs in shell, fresh","2023","2023","No/An","124","E","Estimated value",""
"QCL","Crops and livestock products","566","Nigeria","5424","Yield/Carcass Weight","0231","Hen eggs in shell, fresh","2023","2023","g/An","4948","E","Estimated value",""
"QCL","Crops and livestock products","566","Nigeria","5510","Production","0231","Hen eggs in shell, fresh","2023","2023","t","670871.34","E","Estimated value",""
"QCL","Crops and livestock products","566","Nigeria","5513","Production","0231","Hen eggs in shell, fresh","2023","2023","1000 No","16771784","E","Estimated value",""
"QCL","Crops and livestock products","566","Nigeria","5313","Laying","0231","Hen eggs in shell, fresh","2023","2023","1000 An","135583","E","Estimated value",""
"QCL","Crops and livestock products","566","Nigeria","5413","Yield","0231","Hen eggs in shell, fresh","2024","2024","No/An","120","E","Estimated value",""
"QCL","Crops and livestock products","566","Nigeria","5424","Yield/Carcass Weight","0231","Hen eggs in shell, fresh","2024","2024","g/An","4808","E","Estimated value",""
"QCL","Crops and livestock products","566","Nigeria","5510","Production","0231","Hen eggs in shell, fresh","2024","2024","t","658008.28","E","Estimated value",""
"QCL","Crops and livestock products","566","Nigeria","5513","Production","0231","Hen eggs in shell, fresh","2024","2024","1000 No","16450207","E","Estimated value",""
"QCL","Crops and livestock products","566","Nigeria","5313","Laying","0231","Hen eggs in shell, fresh","2024","2024","1000 An","136854","E","Estimated value",""
"QCL","Crops and livestock products","566","Nigeria","5111","Stocks","02131","Horses","2019","2019","An","102319","I","Value imputed by a receiving agency",""
"QCL","Crops and livestock products","566","Nigeria","5111","Stocks","02131","Horses","2020","2020","An","102529","A","Official value",""
"QCL","Crops and livestock products","566","Nigeria","5111","Stocks","02131","Horses","2021","2021","An","102631","A","Official value",""
"QCL","Crops and livestock products","566","Nigeria","5111","Stocks","02131","Horses","2022","2022","An","102758","I","Value imputed by a receiving agency",""
"QCL","Crops and livestock products","566","Nigeria","5111","Stocks","02131","Horses","2023","2023","An","103523","I","Value imputed by a receiving agency",""
"QCL","Crops and livestock products","566","Nigeria","5111","Stocks","02131","Horses","2024","2024","An","104092","I","Value imputed by a receiving agency",""
"QCL","Crops and livestock products","566","Nigeria","5312","Area harvested","01499.01","Karite nuts (sheanuts)","2019","2019","ha","397969","E","Estimated value",""
"QCL","Crops and livestock products","566","Nigeria","5412","Yield","01499.01","Karite nuts (sheanuts)","2019","2019","kg/ha","921.8","E","Estimated value",""
"QCL","Crops and livestock products","566","Nigeria","5510","Production","01499.01","Karite nuts (sheanuts)","2019","2019","t","366867.11","I","Value imputed by a receiving agency",""
"QCL","Crops and livestock products","566","Nigeria","5312","Area harvested","01499.01","Karite nuts (sheanuts)","2020","2020","ha","412907","I","Value imputed by a receiving agency",""
"QCL","Crops and livestock products","566","Nigeria","5412","Yield","01499.01","Karite nuts (sheanuts)","2020","2020","kg/ha","894.1","E","Estimated value",""
"QCL","Crops and livestock products","566","Nigeria","5510","Production","01499.01","Karite nuts (sheanuts)","2020","2020","t","369185.72","I","Value imputed by a receiving agency",""
"QCL","Crops and livestock products","566","Nigeria","5312","Area harvested","01499.01","Karite nuts (sheanuts)","2021","2021","ha","403741","E","Estimated value",""
"QCL","Crops and livestock products","566","Nigeria","5412","Yield","01499.01","Karite nuts (sheanuts)","2021","2021","kg/ha","894.3","E","Estimated value",""
"QCL","Crops and livestock products","566","Nigeria","5510","Production","01499.01","Karite nuts (sheanuts)","2021","2021","t","361053.43","I","Value imputed by a receiving agency",""
"QCL","Crops and livestock products","566","Nigeria","5312","Area harvested","01499.01","Karite nuts (sheanuts)","2022","2022","ha","404872","E","Estimated value",""
"QCL","Crops and livestock products","566","Nigeria","5412","Yield","01499.01","Karite nuts (sheanuts)","2022","2022","kg/ha","887.5","E","Estimated value",""
"QCL","Crops and livestock products","566","Nigeria","5510","Production","01499.01","Karite nuts (sheanuts)","2022","2022","t","359319.65","I","Value imputed by a receiving agency",""
"QCL","Crops and livestock products","566","Nigeria","5312","Area harvested","01499.01","Karite nuts (sheanuts)","2023","2023","ha","407173","E","Estimated value",""
"QCL","Crops and livestock products","566","Nigeria","5412","Yield","01499.01","Karite nuts (sheanuts)","2023","2023","kg/ha","881.1","E","Estimated value",""
"QCL","Crops and livestock products","566","Nigeria","5510","Production","01499.01","Karite nuts (sheanuts)","2023","2023","t","358746.96","I","Value imputed by a receiving agency",""
"QCL","Crops and livestock products","566","Nigeria","5312","Area harvested","01499.01","Karite nuts (sheanuts)","2024","2024","ha","405262","E","Estimated value",""
"QCL","Crops and livestock products","566","Nigeria","5412","Yield","01499.01","Karite nuts (sheanuts)","2024","2024","kg/ha","884.9","E","Estimated value",""
"QCL","Crops and livestock products","566","Nigeria","5510","Production","01499.01","Karite nuts (sheanuts)","2024","2024","t","358609.31","I","Value imputed by a receiving agency",""
"QCL","Crops and livestock products","566","Nigeria","5312","Area harvested","01922.02","Kenaf, and other textile bast fibres, raw or retted","2019","2019","ha","1013","I","Value imputed by a receiving agency",""
"QCL","Crops and livestock products","566","Nigeria","5412","Yield","01922.02","Kenaf, and other textile bast fibres, raw or retted","2019","2019","kg/ha","1526.7","E","Estimated value",""
"QCL","Crops and livestock products","566","Nigeria","5510","Production","01922.02","Kenaf, and other textile bast fibres, raw or retted","2019","2019","t","1546.31","I","Value imputed by a receiving agency",""
"QCL","Crops and livestock products","566","Nigeria","5312","Area harvested","01922.02","Kenaf, and other textile bast fibres, raw or retted","2020","2020","ha","1011","I","Value imputed by a receiving agency",""
"QCL","Crops and livestock products","566","Nigeria","5412","Yield","01922.02","Kenaf, and other textile bast fibres, raw or retted","2020","2020","kg/ha","1551.6","E","Estimated value",""
"QCL","Crops and livestock products","566","Nigeria","5510","Production","01922.02","Kenaf, and other textile bast fibres, raw or retted","2020","2020","t","1568.82","I","Value imputed by a receiving agency",""
"QCL","Crops and livestock products","566","Nigeria","5312","Area harvested","01922.02","Kenaf, and other textile bast fibres, raw or retted","2021","2021","ha","1006","I","Value imputed by a receiving agency",""
"QCL","Crops and livestock products","566","Nigeria","5412","Yield","01922.02","Kenaf, and other textile bast fibres, raw or retted","2021","2021","kg/ha","1536.8","E","Estimated value",""
"QCL","Crops and livestock products","566","Nigeria","5510","Production","01922.02","Kenaf, and other textile bast fibres, raw or retted","2021","2021","t","1546.33","E","Estimated value",""
"QCL","Crops and livestock products","566","Nigeria","5312","Area harvested","01922.02","Kenaf, and other textile bast fibres, raw or retted","2022","2022","ha","1011","I","Value imputed by a receiving agency",""
"QCL","Crops and livestock products","566","Nigeria","5412","Yield","01922.02","Kenaf, and other textile bast fibres, raw or retted","2022","2022","kg/ha","1536.6","E","Estimated value",""
"QCL","Crops and livestock products","566","Nigeria","5510","Production","01922.02","Kenaf, and other textile bast fibres, raw or retted","2022","2022","t","1553.82","E","Estimated value",""
"QCL","Crops and livestock products","566","Nigeria","5312","Area harvested","01922.02","Kenaf, and other textile bast fibres, raw or retted","2023","2023","ha","1012","I","Value imputed by a receiving agency",""
"QCL","Crops and livestock products","566","Nigeria","5412","Yield","01922.02","Kenaf, and other textile bast fibres, raw or retted","2023","2023","kg/ha","1538.1","E","Estimated value",""
"QCL","Crops and livestock products","566","Nigeria","5510","Production","01922.02","Kenaf, and other textile bast fibres, raw or retted","2023","2023","t","1556.32","E","Estimated value",""
"QCL","Crops and livestock products","566","Nigeria","5312","Area harvested","01922.02","Kenaf, and other textile bast fibres, raw or retted","2024","2024","ha","1013","I","Value imputed by a receiving agency",""
"QCL","Crops and livestock products","566","Nigeria","5412","Yield","01922.02","Kenaf, and other textile bast fibres, raw or retted","2024","2024","kg/ha","1533","E","Estimated value",""
"QCL","Crops and livestock products","566","Nigeria","5510","Production","01922.02","Kenaf, and other textile bast fibres, raw or retted","2024","2024","t","1552.16","E","Estimated value",""
"QCL","Crops and livestock products","566","Nigeria","5312","Area harvested","01379.02","Kola nuts","2019","2019","ha","243168","I","Value imputed by a receiving agency",""
"QCL","Crops and livestock products","566","Nigeria","5412","Yield","01379.02","Kola nuts","2019","2019","kg/ha","695.8","E","Estimated value",""
"QCL","Crops and livestock products","566","Nigeria","5510","Production","01379.02","Kola nuts","2019","2019","t","169203.48","I","Value imputed by a receiving agency",""
"QCL","Crops and livestock products","566","Nigeria","5312","Area harvested","01379.02","Kola nuts","2020","2020","ha","219892","A","Official value",""
"QCL","Crops and livestock products","566","Nigeria","5412","Yield","01379.02","Kola nuts","2020","2020","kg/ha","775.2","A","Official value",""
"QCL","Crops and livestock products","566","Nigeria","5510","Production","01379.02","Kola nuts","2020","2020","t","170461.92","A","Official value",""
"QCL","Crops and livestock products","566","Nigeria","5312","Area harvested","01379.02","Kola nuts","2021","2021","ha","216576","I","Value imputed by a receiving agency",""
"QCL","Crops and livestock products","566","Nigeria","5412","Yield","01379.02","Kola nuts","2021","2021","kg/ha","789.7","E","Estimated value",""
"QCL","Crops and livestock products","566","Nigeria","5510","Production","01379.02","Kola nuts","2021","2021","t","171023.59","I","Value imputed by a receiving agency",""
"QCL","Crops and livestock products","566","Nigeria","5312","Area harvested","01379.02","Kola nuts","2022","2022","ha","248396","I","Value imputed by a receiving agency",""
"QCL","Crops and livestock products","566","Nigeria","5412","Yield","01379.02","Kola nuts","2022","2022","kg/ha","697.9","E","Estimated value",""
"QCL","Crops and livestock products","566","Nigeria","5510","Production","01379.02","Kola nuts","2022","2022","t","173354.16","I","Value imputed by a receiving agency",""
"QCL","Crops and livestock products","566","Nigeria","5312","Area harvested","01379.02","Kola nuts","2023","2023","ha","244014","I","Value imputed by a receiving agency",""
"QCL","Crops and livestock products","566","Nigeria","5412","Yield","01379.02","Kola nuts","2023","2023","kg/ha","723.8","E","Estimated value",""
"QCL","Crops and livestock products","566","Nigeria","5510","Production","01379.02","Kola nuts","2023","2023","t","176620.52","I","Value imputed by a receiving agency",""
"QCL","Crops and livestock products","566","Nigeria","5312","Area harvested","01379.02","Kola nuts","2024","2024","ha","246416","I","Value imputed by a receiving agency",""
"QCL","Crops and livestock products","566","Nigeria","5412","Yield","01379.02","Kola nuts","2024","2024","kg/ha","726.6","E","Estimated value",""
"QCL","Crops and livestock products","566","Nigeria","5510","Production","01379.02","Kola nuts","2024","2024","t","179043.58","I","Value imputed by a receiving agency",""
"QCL","Crops and livestock products","566","Nigeria","5312","Area harvested","0112","Maize (corn)","2019","2019","ha","6783924","I","Value imputed by a receiving agency",""
"QCL","Crops and livestock products","566","Nigeria","5412","Yield","0112","Maize (corn)","2019","2019","kg/ha","1857.2","E","Estimated value",""
"QCL","Crops and livestock products","566","Nigeria","5510","Production","0112","Maize (corn)","2019","2019","t","12598945","A","Official value",""
"QCL","Crops and livestock products","566","Nigeria","5312","Area harvested","0112","Maize (corn)","2020","2020","ha","6048600","A","Official value",""
"QCL","Crops and livestock products","566","Nigeria","5412","Yield","0112","Maize (corn)","2020","2020","kg/ha","2050.6","A","Official value",""
"QCL","Crops and livestock products","566","Nigeria","5510","Production","0112","Maize (corn)","2020","2020","t","12403300","A","Official value",""
"QCL","Crops and livestock products","566","Nigeria","5312","Area harvested","0112","Maize (corn)","2021","2021","ha","6205280","A","Official value",""
"QCL","Crops and livestock products","566","Nigeria","5412","Yield","0112","Maize (corn)","2021","2021","kg/ha","2053.8","A","Official value",""
"QCL","Crops and livestock products","566","Nigeria","5510","Production","0112","Maize (corn)","2021","2021","t","12744450","A","Official value",""
"QCL","Crops and livestock products","566","Nigeria","5312","Area harvested","0112","Maize (corn)","2022","2022","ha","5800000","X","Value from external organization","Unofficial figure"
"QCL","Crops and livestock products","566","Nigeria","5412","Yield","0112","Maize (corn)","2022","2022","kg/ha","2232.6","X","Value from external organization",""
"QCL","Crops and livestock products","566","Nigeria","5510","Production","0112","Maize (corn)","2022","2022","t","12948920","X","Value from external organization","Unofficial figure"
"QCL","Crops and livestock products","566","Nigeria","5312","Area harvested","0112","Maize (corn)","2023","2023","ha","5700000","X","Value from external organization","Unofficial figure"
"QCL","Crops and livestock products","566","Nigeria","5412","Yield","0112","Maize (corn)","2023","2023","kg/ha","1939.1","X","Value from external organization",""
"QCL","Crops and livestock products","566","Nigeria","5510","Production","0112","Maize (corn)","2023","2023","t","11053000","X","Value from external organization","Unofficial figure"
"QCL","Crops and livestock products","566","Nigeria","5312","Area harvested","0112","Maize (corn)","2024","2024","ha","5500000","X","Value from external organization","Unofficial figure"
"QCL","Crops and livestock products","566","Nigeria","5412","Yield","0112","Maize (corn)","2024","2024","kg/ha","2029.8","X","Value from external organization",""
"QCL","Crops and livestock products","566","Nigeria","5510","Production","0112","Maize (corn)","2024","2024","t","11164000","X","Value from external organization","Unofficial figure"
"QCL","Crops and livestock products","566","Nigeria","5312","Area harvested","01316","Mangoes, guavas and mangosteens","2019","2019","ha","131447","I","Value imputed by a receiving agency",""
"QCL","Crops and livestock products","566","Nigeria","5412","Yield","01316","Mangoes, guavas and mangosteens","2019","2019","kg/ha","7204.3","E","Estimated value",""
"QCL","Crops and livestock products","566","Nigeria","5510","Production","01316","Mangoes, guavas and mangosteens","2019","2019","t","946988.16","I","Value imputed by a receiving agency",""
"QCL","Crops and livestock products","566","Nigeria","5312","Area harvested","01316","Mangoes, guavas and mangosteens","2020","2020","ha","131984","I","Value imputed by a receiving agency",""
"QCL","Crops and livestock products","566","Nigeria","5412","Yield","01316","Mangoes, guavas and mangosteens","2020","2020","kg/ha","7275.3","E","Estimated value",""
"QCL","Crops and livestock products","566","Nigeria","5510","Production","01316","Mangoes, guavas and mangosteens","2020","2020","t","960227.6","I","Value imputed by a receiving agency",""
"QCL","Crops and livestock products","566","Nigeria","5312","Area harvested","01316","Mangoes, guavas and mangosteens","2021","2021","ha","131752","I","Value imputed by a receiving agency",""
"QCL","Crops and livestock products","566","Nigeria","5412","Yield","01316","Mangoes, guavas and mangosteens","2021","2021","kg/ha","7317.2","E","Estimated value",""
"QCL","Crops and livestock products","566","Nigeria","5510","Production","01316","Mangoes, guavas and mangosteens","2021","2021","t","964048.54","I","Value imputed by a receiving agency",""
"QCL","Crops and livestock products","566","Nigeria","5312","Area harvested","01316","Mangoes, guavas and mangosteens","2022","2022","ha","131155","I","Value imputed by a receiving agency",""
"QCL","Crops and livestock products","566","Nigeria","5412","Yield","01316","Mangoes, guavas and mangosteens","2022","2022","kg/ha","7297.4","E","Estimated value",""
"QCL","Crops and livestock products","566","Nigeria","5510","Production","01316","Mangoes, guavas and mangosteens","2022","2022","t","957088.1","E","Estimated value",""
"QCL","Crops and livestock products","566","Nigeria","5312","Area harvested","01316","Mangoes, guavas and mangosteens","2023","2023","ha","130964","I","Value imputed by a receiving agency",""
"QCL","Crops and livestock products","566","Nigeria","5412","Yield","01316","Mangoes, guavas and mangosteens","2023","2023","kg/ha","7333.7","E","Estimated value",""
"QCL","Crops and livestock products","566","Nigeria","5510","Production","01316","Mangoes, guavas and mangosteens","2023","2023","t","960454.75","E","Estimated value",""
"QCL","Crops and livestock products","566","Nigeria","5312","Area harvested","01316","Mangoes, guavas and mangosteens","2024","2024","ha","130757","I","Value imputed by a receiving agency",""
"QCL","Crops and livestock products","566","Nigeria","5412","Yield","01316","Mangoes, guavas and mangosteens","2024","2024","kg/ha","7345.9","E","Estimated value",""
"QCL","Crops and livestock products","566","Nigeria","5510","Production","01316","Mangoes, guavas and mangosteens","2024","2024","t","960530.46","E","Estimated value",""
"QCL","Crops and livestock products","566","Nigeria","5417","Yield/Carcass Weight","21111.01","Meat of cattle with the bone, fresh or chilled","2019","2019","kg/An","102","E","Estimated value",""
"QCL","Crops and livestock products","566","Nigeria","5510","Production","21111.01","Meat of cattle with the bone, fresh or chilled","2019","2019","t","326118.36","I","Value imputed by a receiving agency",""
"QCL","Crops and livestock products","566","Nigeria","5320","Producing Animals/Slaughtered","21111.01","Meat of cattle with the bone, fresh or chilled","2019","2019","An","3194709","I","Value imputed by a receiving agency",""
"QCL","Crops and livestock products","566","Nigeria","5417","Yield/Carcass Weight","21111.01","Meat of cattle with the bone, fresh or chilled","2020","2020","kg/An","101","E","Estimated value",""
"QCL","Crops and livestock products","566","Nigeria","5510","Production","21111.01","Meat of cattle with the bone, fresh or chilled","2020","2020","t","325427.88","I","Value imputed by a receiving agency",""
"QCL","Crops and livestock products","566","Nigeria","5320","Producing Animals/Slaughtered","21111.01","Meat of cattle with the bone, fresh or chilled","2020","2020","An","3209709","I","Value imputed by a receiving agency",""
"QCL","Crops and livestock products","566","Nigeria","5417","Yield/Carcass Weight","21111.01","Meat of cattle with the bone, fresh or chilled","2021","2021","kg/An","100","E","Estimated value",""
"QCL","Crops and livestock products","566","Nigeria","5510","Production","21111.01","Meat of cattle with the bone, fresh or chilled","2021","2021","t","324909.82","I","Value imputed by a receiving agency",""
"QCL","Crops and livestock products","566","Nigeria","5320","Producing Animals/Slaughtered","21111.01","Meat of cattle with the bone, fresh or chilled","2021","2021","An","3248445","I","Value imputed by a receiving agency",""
"QCL","Crops and livestock products","566","Nigeria","5417","Yield/Carcass Weight","21111.01","Meat of cattle with the bone, fresh or chilled","2022","2022","kg/An","98","E","Estimated value",""
"QCL","Crops and livestock products","566","Nigeria","5510","Production","21111.01","Meat of cattle with the bone, fresh or chilled","2022","2022","t","321916.4","I","Value imputed by a receiving agency",""
"QCL","Crops and livestock products","566","Nigeria","5320","Producing Animals/Slaughtered","21111.01","Meat of cattle with the bone, fresh or chilled","2022","2022","An","3274666","I","Value imputed by a receiving agency",""
"QCL","Crops and livestock products","566","Nigeria","5417","Yield/Carcass Weight","21111.01","Meat of cattle with the bone, fresh or chilled","2023","2023","kg/An","97","E","Estimated value",""
"QCL","Crops and livestock products","566","Nigeria","5510","Production","21111.01","Meat of cattle with the bone, fresh or chilled","2023","2023","t","319404.5","I","Value imputed by a receiving agency",""
"QCL","Crops and livestock products","566","Nigeria","5320","Producing Animals/Slaughtered","21111.01","Meat of cattle with the bone, fresh or chilled","2023","2023","An","3290904","I","Value imputed by a receiving agency",""
"QCL","Crops and livestock products","566","Nigeria","5417","Yield/Carcass Weight","21111.01","Meat of cattle with the bone, fresh or chilled","2024","2024","kg/An","96","E","Estimated value",""
"QCL","Crops and livestock products","566","Nigeria","5510","Production","21111.01","Meat of cattle with the bone, fresh or chilled","2024","2024","t","317048.8","I","Value imputed by a receiving agency",""
"QCL","Crops and livestock products","566","Nigeria","5320","Producing Animals/Slaughtered","21111.01","Meat of cattle with the bone, fresh or chilled","2024","2024","An","3309195","I","Value imputed by a receiving agency",""
"QCL","Crops and livestock products","566","Nigeria","5424","Yield/Carcass Weight","21121","Meat of chickens, fresh or chilled","2019","2019","g/An","1000","E","Estimated value",""
"QCL","Crops and livestock products","566","Nigeria","5510","Production","21121","Meat of chickens, fresh or chilled","2019","2019","t","292993.4","I","Value imputed by a receiving agency",""
"QCL","Crops and livestock products","566","Nigeria","5321","Producing Animals/Slaughtered","21121","Meat of chickens, fresh or chilled","2019","2019","1000 An","292993","I","Value imputed by a receiving agency",""
"QCL","Crops and livestock products","566","Nigeria","5424","Yield/Carcass Weight","21121","Meat of chickens, fresh or chilled","2020","2020","g/An","1000","E","Estimated value",""
"QCL","Crops and livestock products","566","Nigeria","5510","Production","21121","Meat of chickens, fresh or chilled","2020","2020","t","318014.05","I","Value imputed by a receiving agency",""
"QCL","Crops and livestock products","566","Nigeria","5321","Producing Animals/Slaughtered","21121","Meat of chickens, fresh or chilled","2020","2020","1000 An","318014","I","Value imputed by a receiving agency",""
"QCL","Crops and livestock products","566","Nigeria","5424","Yield/Carcass Weight","21121","Meat of chickens, fresh or chilled","2021","2021","g/An","1000","E","Estimated value",""
"QCL","Crops and livestock products","566","Nigeria","5510","Production","21121","Meat of chickens, fresh or chilled","2021","2021","t","341698.77","I","Value imputed by a receiving agency",""
"QCL","Crops and livestock products","566","Nigeria","5321","Producing Animals/Slaughtered","21121","Meat of chickens, fresh or chilled","2021","2021","1000 An","341699","I","Value imputed by a receiving agency",""
"QCL","Crops and livestock products","566","Nigeria","5424","Yield/Carcass Weight","21121","Meat of chickens, fresh or chilled","2022","2022","g/An","1000","E","Estimated value",""
"QCL","Crops and livestock products","566","Nigeria","5510","Production","21121","Meat of chickens, fresh or chilled","2022","2022","t","355932.55","I","Value imputed by a receiving agency",""
"QCL","Crops and livestock products","566","Nigeria","5321","Producing Animals/Slaughtered","21121","Meat of chickens, fresh or chilled","2022","2022","1000 An","355933","I","Value imputed by a receiving agency",""
"QCL","Crops and livestock products","566","Nigeria","5424","Yield/Carcass Weight","21121","Meat of chickens, fresh or chilled","2023","2023","g/An","1000","E","Estimated value",""
"QCL","Crops and livestock products","566","Nigeria","5510","Production","21121","Meat of chickens, fresh or chilled","2023","2023","t","333296.58","I","Value imputed by a receiving agency",""
"QCL","Crops and livestock products","566","Nigeria","5321","Producing Animals/Slaughtered","21121","Meat of chickens, fresh or chilled","2023","2023","1000 An","333297","I","Value imputed by a receiving agency",""
"QCL","Crops and livestock products","566","Nigeria","5424","Yield/Carcass Weight","21121","Meat of chickens, fresh or chilled","2024","2024","g/An","1000","E","Estimated value",""
"QCL","Crops and livestock products","566","Nigeria","5510","Production","21121","Meat of chickens, fresh or chilled","2024","2024","t","342932.82","I","Value imputed by a receiving agency",""
"QCL","Crops and livestock products","566","Nigeria","5321","Producing Animals/Slaughtered","21121","Meat of chickens, fresh or chilled","2024","2024","1000 An","342933","I","Value imputed by a receiving agency",""
"QCL","Crops and livestock products","566","Nigeria","5417","Yield/Carcass Weight","21116","Meat of goat, fresh or chilled","2019","2019","kg/An","10","E","Estimated value",""
"QCL","Crops and livestock products","566","Nigeria","5510","Production","21116","Meat of goat, fresh or chilled","2019","2019","t","284406.96","I","Value imputed by a receiving agency",""
"QCL","Crops and livestock products","566","Nigeria","5320","Producing Animals/Slaughtered","21116","Meat of goat, fresh or chilled","2019","2019","An","27332637","I","Value imputed by a receiving agency",""
"QCL","Crops and livestock products","566","Nigeria","5417","Yield/Carcass Weight","21116","Meat of goat, fresh or chilled","2020","2020","kg/An","10","E","Estimated value",""
"QCL","Crops and livestock products","566","Nigeria","5510","Production","21116","Meat of goat, fresh or chilled","2020","2020","t","283741.87","I","Value imputed by a receiving agency",""
"QCL","Crops and livestock products","566","Nigeria","5320","Producing Animals/Slaughtered","21116","Meat of goat, fresh or chilled","2020","2020","An","27502538","I","Value imputed by a receiving agency",""
"QCL","Crops and livestock products","566","Nigeria","5417","Yield/Carcass Weight","21116","Meat of goat, fresh or chilled","2021","2021","kg/An","10","E","Estimated value",""
"QCL","Crops and livestock products","566","Nigeria","5510","Production","21116","Meat of goat, fresh or chilled","2021","2021","t","286794.49","I","Value imputed by a receiving agency",""
"QCL","Crops and livestock products","566","Nigeria","5320","Producing Animals/Slaughtered","21116","Meat of goat, fresh or chilled","2021","2021","An","27888119","I","Value imputed by a receiving agency",""
"QCL","Crops and livestock products","566","Nigeria","5417","Yield/Carcass Weight","21116","Meat of goat, fresh or chilled","2022","2022","kg/An","10","E","Estimated value",""
"QCL","Crops and livestock products","566","Nigeria","5510","Production","21116","Meat of goat, fresh or chilled","2022","2022","t","290086.33","I","Value imputed by a receiving agency",""
"QCL","Crops and livestock products","566","Nigeria","5320","Producing Animals/Slaughtered","21116","Meat of goat, fresh or chilled","2022","2022","An","28195526","I","Value imputed by a receiving agency",""
"QCL","Crops and livestock products","566","Nigeria","5417","Yield/Carcass Weight","21116","Meat of goat, fresh or chilled","2023","2023","kg/An","10","E","Estimated value",""
"QCL","Crops and livestock products","566","Nigeria","5510","Production","21116","Meat of goat, fresh or chilled","2023","2023","t","291395.57","I","Value imputed by a receiving agency",""
"QCL","Crops and livestock products","566","Nigeria","5320","Producing Animals/Slaughtered","21116","Meat of goat, fresh or chilled","2023","2023","An","28359786","I","Value imputed by a receiving agency",""
"QCL","Crops and livestock products","566","Nigeria","5417","Yield/Carcass Weight","21116","Meat of goat, fresh or chilled","2024","2024","kg/An","10","E","Estimated value",""
"QCL","Crops and livestock products","566","Nigeria","5510","Production","21116","Meat of goat, fresh or chilled","2024","2024","t","292405.76","I","Value imputed by a receiving agency",""
"QCL","Crops and livestock products","566","Nigeria","5320","Producing Animals/Slaughtered","21116","Meat of goat, fresh or chilled","2024","2024","An","28495333","I","Value imputed by a receiving agency",""
"QCL","Crops and livestock products","566","Nigeria","5417","Yield/Carcass Weight","21113.01","Meat of pig with the bone, fresh or chilled","2019","2019","kg/An","45","E","Estimated value",""
"QCL","Crops and livestock products","566","Nigeria","5510","Production","21113.01","Meat of pig with the bone, fresh or chilled","2019","2019","t","319201.9","I","Value imputed by a receiving agency",""
"QCL","Crops and livestock products","566","Nigeria","5320","Producing Animals/Slaughtered","21113.01","Meat of pig with the bone, fresh or chilled","2019","2019","An","7093365","I","Value imputed by a receiving agency",""
"QCL","Crops and livestock products","566","Nigeria","5417","Yield/Carcass Weight","21113.01","Meat of pig with the bone, fresh or chilled","2020","2020","kg/An","45","E","Estimated value",""
"QCL","Crops and livestock products","566","Nigeria","5510","Production","21113.01","Meat of pig with the bone, fresh or chilled","2020","2020","t","335891.61","I","Value imputed by a receiving agency",""
"QCL","Crops and livestock products","566","Nigeria","5320","Producing Animals/Slaughtered","21113.01","Meat of pig with the bone, fresh or chilled","2020","2020","An","7464245","I","Value imputed by a receiving agency",""
"QCL","Crops and livestock products","566","Nigeria","5417","Yield/Carcass Weight","21113.01","Meat of pig with the bone, fresh or chilled","2021","2021","kg/An","45","E","Estimated value",""
"QCL","Crops and livestock products","566","Nigeria","5510","Production","21113.01","Meat of pig with the bone, fresh or chilled","2021","2021","t","352113.3","I","Value imputed by a receiving agency",""
"QCL","Crops and livestock products","566","Nigeria","5320","Producing Animals/Slaughtered","21113.01","Meat of pig with the bone, fresh or chilled","2021","2021","An","7824723","I","Value imputed by a receiving agency",""
"QCL","Crops and livestock products","566","Nigeria","5417","Yield/Carcass Weight","21113.01","Meat of pig with the bone, fresh or chilled","2022","2022","kg/An","45","E","Estimated value",""
"QCL","Crops and livestock products","566","Nigeria","5510","Production","21113.01","Meat of pig with the bone, fresh or chilled","2022","2022","t","363157.39","I","Value imputed by a receiving agency",""
"QCL","Crops and livestock products","566","Nigeria","5320","Producing Animals/Slaughtered","21113.01","Meat of pig with the bone, fresh or chilled","2022","2022","An","8070145","I","Value imputed by a receiving agency",""
"QCL","Crops and livestock products","566","Nigeria","5417","Yield/Carcass Weight","21113.01","Meat of pig with the bone, fresh or chilled","2023","2023","kg/An","45","E","Estimated value",""
"QCL","Crops and livestock products","566","Nigeria","5510","Production","21113.01","Meat of pig with the bone, fresh or chilled","2023","2023","t","373759.06","I","Value imputed by a receiving agency",""
"QCL","Crops and livestock products","566","Nigeria","5320","Producing Animals/Slaughtered","21113.01","Meat of pig with the bone, fresh or chilled","2023","2023","An","8305736","I","Value imputed by a receiving agency",""
"QCL","Crops and livestock products","566","Nigeria","5417","Yield/Carcass Weight","21113.01","Meat of pig with the bone, fresh or chilled","2024","2024","kg/An","45","E","Estimated value",""
"QCL","Crops and livestock products","566","Nigeria","5510","Production","21113.01","Meat of pig with the bone, fresh or chilled","2024","2024","t","385997.25","I","Value imputed by a receiving agency",""
"QCL","Crops and livestock products","566","Nigeria","5320","Producing Animals/Slaughtered","21113.01","Meat of pig with the bone, fresh or chilled","2024","2024","An","8577694","I","Value imputed by a receiving agency",""
"QCL","Crops and livestock products","566","Nigeria","5417","Yield/Carcass Weight","21115","Meat of sheep, fresh or chilled","2019","2019","kg/An","8","E","Estimated value",""
"QCL","Crops and livestock products","566","Nigeria","5510","Production","21115","Meat of sheep, fresh or chilled","2019","2019","t","154600.12","I","Value imputed by a receiving agency",""
"QCL","Crops and livestock products","566","Nigeria","5320","Producing Animals/Slaughtered","21115","Meat of sheep, fresh or chilled","2019","2019","An","19099553","I","Value imputed by a receiving agency",""
"QCL","Crops and livestock products","566","Nigeria","5417","Yield/Carcass Weight","21115","Meat of sheep, fresh or chilled","2020","2020","kg/An","8","E","Estimated value",""
"QCL","Crops and livestock products","566","Nigeria","5510","Production","21115","Meat of sheep, fresh or chilled","2020","2020","t","154351.86","I","Value imputed by a receiving agency",""
"QCL","Crops and livestock products","566","Nigeria","5320","Producing Animals/Slaughtered","21115","Meat of sheep, fresh or chilled","2020","2020","An","19419135","I","Value imputed by a receiving agency",""
"QCL","Crops and livestock products","566","Nigeria","5417","Yield/Carcass Weight","21115","Meat of sheep, fresh or chilled","2021","2021","kg/An","8","E","Estimated value",""
"QCL","Crops and livestock products","566","Nigeria","5510","Production","21115","Meat of sheep, fresh or chilled","2021","2021","t","159616.04","I","Value imputed by a receiving agency",""
"QCL","Crops and livestock products","566","Nigeria","5320","Producing Animals/Slaughtered","21115","Meat of sheep, fresh or chilled","2021","2021","An","19949974","I","Value imputed by a receiving agency",""
"QCL","Crops and livestock products","566","Nigeria","5417","Yield/Carcass Weight","21115","Meat of sheep, fresh or chilled","2022","2022","kg/An","8","E","Estimated value",""
"QCL","Crops and livestock products","566","Nigeria","5510","Production","21115","Meat of sheep, fresh or chilled","2022","2022","t","160835.78","I","Value imputed by a receiving agency",""
"QCL","Crops and livestock products","566","Nigeria","5320","Producing Animals/Slaughtered","21115","Meat of sheep, fresh or chilled","2022","2022","An","20475867","I","Value imputed by a receiving agency",""
"QCL","Crops and livestock products","566","Nigeria","5417","Yield/Carcass Weight","21115","Meat of sheep, fresh or chilled","2023","2023","kg/An","8","E","Estimated value",""
"QCL","Crops and livestock products","566","Nigeria","5510","Production","21115","Meat of sheep, fresh or chilled","2023","2023","t","161812.11","I","Value imputed by a receiving agency",""
"QCL","Crops and livestock products","566","Nigeria","5320","Producing Animals/Slaughtered","21115","Meat of sheep, fresh or chilled","2023","2023","An","20893106","I","Value imputed by a receiving agency",""
"QCL","Crops and livestock products","566","Nigeria","5417","Yield/Carcass Weight","21115","Meat of sheep, fresh or chilled","2024","2024","kg/An","8","E","Estimated value",""
"QCL","Crops and livestock products","566","Nigeria","5510","Production","21115","Meat of sheep, fresh or chilled","2024","2024","t","162751.23","I","Value imputed by a receiving agency",""
"QCL","Crops and livestock products","566","Nigeria","5320","Producing Animals/Slaughtered","21115","Meat of sheep, fresh or chilled","2024","2024","An","19686361","E","Estimated value",""
"QCL","Crops and livestock products","566","Nigeria","5312","Area harvested","01449.01","Melonseed","2019","2019","ha","875163","I","Value imputed by a receiving agency",""
"QCL","Crops and livestock products","566","Nigeria","5412","Yield","01449.01","Melonseed","2019","2019","kg/ha","648.5","E","Estimated value",""
"QCL","Crops and livestock products","566","Nigeria","5510","Production","01449.01","Melonseed","2019","2019","t","567565.7","E","Estimated value",""
"QCL","Crops and livestock products","566","Nigeria","5312","Area harvested","01449.01","Melonseed","2020","2020","ha","922773","I","Value imputed by a receiving agency",""
"QCL","Crops and livestock products","566","Nigeria","5412","Yield","01449.01","Melonseed","2020","2020","kg/ha","642.5","E","Estimated value",""
"QCL","Crops and livestock products","566","Nigeria","5510","Production","01449.01","Melonseed","2020","2020","t","592891.71","I","Value imputed by a receiving agency",""
"QCL","Crops and livestock products","566","Nigeria","5312","Area harvested","01449.01","Melonseed","2021","2021","ha","899668","E","Estimated value",""
"QCL","Crops and livestock products","566","Nigeria","5412","Yield","01449.01","Melonseed","2021","2021","kg/ha","646.7","E","Estimated value",""
"QCL","Crops and livestock products","566","Nigeria","5510","Production","01449.01","Melonseed","2021","2021","t","581847.54","E","Estimated value",""
"QCL","Crops and livestock products","566","Nigeria","5312","Area harvested","01449.01","Melonseed","2022","2022","ha","899201","E","Estimated value",""
"QCL","Crops and livestock products","566","Nigeria","5412","Yield","01449.01","Melonseed","2022","2022","kg/ha","645.9","E","Estimated value",""
"QCL","Crops and livestock products","566","Nigeria","5510","Production","01449.01","Melonseed","2022","2022","t","580768.32","E","Estimated value",""
"QCL","Crops and livestock products","566","Nigeria","5312","Area harvested","01449.01","Melonseed","2023","2023","ha","907214","E","Estimated value",""
"QCL","Crops and livestock products","566","Nigeria","5412","Yield","01449.01","Melonseed","2023","2023","kg/ha","645","E","Estimated value",""
"QCL","Crops and livestock products","566","Nigeria","5510","Production","01449.01","Melonseed","2023","2023","t","585169.19","E","Estimated value",""
"QCL","Crops and livestock products","566","Nigeria","5312","Area harvested","01449.01","Melonseed","2024","2024","ha","902028","E","Estimated value",""
"QCL","Crops and livestock products","566","Nigeria","5412","Yield","01449.01","Melonseed","2024","2024","kg/ha","645.9","E","Estimated value",""
"QCL","Crops and livestock products","566","Nigeria","5510","Production","01449.01","Melonseed","2024","2024","t","582595.02","E","Estimated value",""
"QCL","Crops and livestock products","566","Nigeria","5312","Area harvested","0118","Millet","2019","2019","ha","1747800","A","Official value",""
"QCL","Crops and livestock products","566","Nigeria","5412","Yield","0118","Millet","2019","2019","kg/ha","1101.4","A","Official value",""
"QCL","Crops and livestock products","566","Nigeria","5510","Production","0118","Millet","2019","2019","t","1925075","A","Official value",""
"QCL","Crops and livestock products","566","Nigeria","5312","Area harvested","0118","Millet","2020","2020","ha","1762280","A","Official value",""
"QCL","Crops and livestock products","566","Nigeria","5412","Yield","0118","Millet","2020","2020","kg/ha","1081.2","A","Official value",""
"QCL","Crops and livestock products","566","Nigeria","5510","Production","0118","Millet","2020","2020","t","1905430","A","Official value",""
"QCL","Crops and livestock products","566","Nigeria","5312","Area harvested","0118","Millet","2021","2021","ha","1767390","A","Official value",""
"QCL","Crops and livestock products","566","Nigeria","5412","Yield","0118","Millet","2021","2021","kg/ha","1090.3","A","Official value",""
"QCL","Crops and livestock products","566","Nigeria","5510","Production","0118","Millet","2021","2021","t","1926950","A","Official value",""
"QCL","Crops and livestock products","566","Nigeria","5312","Area harvested","0118","Millet","2022","2022","ha","2000000","X","Value from external organization","Unofficial figure"
"QCL","Crops and livestock products","566","Nigeria","5412","Yield","0118","Millet","2022","2022","kg/ha","970.6","X","Value from external organization",""
"QCL","Crops and livestock products","566","Nigeria","5510","Production","0118","Millet","2022","2022","t","1941220","X","Value from external organization","Unofficial figure"
"QCL","Crops and livestock products","566","Nigeria","5312","Area harvested","0118","Millet","2023","2023","ha","2000000","X","Value from external organization","Unofficial figure"
"QCL","Crops and livestock products","566","Nigeria","5412","Yield","0118","Millet","2023","2023","kg/ha","779.5","X","Value from external organization",""
"QCL","Crops and livestock products","566","Nigeria","5510","Production","0118","Millet","2023","2023","t","1559000","X","Value from external organization","Unofficial figure"
"QCL","Crops and livestock products","566","Nigeria","5312","Area harvested","0118","Millet","2024","2024","ha","1900000","X","Value from external organization","Unofficial figure"
"QCL","Crops and livestock products","566","Nigeria","5412","Yield","0118","Millet","2024","2024","kg/ha","815.8","X","Value from external organization",""
"QCL","Crops and livestock products","566","Nigeria","5510","Production","0118","Millet","2024","2024","t","1550000","X","Value from external organization","Unofficial figure"
"QCL","Crops and livestock products","566","Nigeria","5510","Production","23540","Molasses","2019","2019","t","21000","X","Value from external organization","Unofficial figure"
"QCL","Crops and livestock products","566","Nigeria","5510","Production","23540","Molasses","2020","2020","t","8900","I","Value imputed by a receiving agency",""
"QCL","Crops and livestock products","566","Nigeria","5510","Production","23540","Molasses","2021","2021","t","17075","I","Value imputed by a receiving agency",""
"QCL","Crops and livestock products","566","Nigeria","5510","Production","23540","Molasses","2022","2022","t","10000","I","Value imputed by a receiving agency",""
"QCL","Crops and livestock products","566","Nigeria","5510","Production","23540","Molasses","2023","2023","t","13948.64","I","Value imputed by a receiving agency",""
"QCL","Crops and livestock products","566","Nigeria","5312","Area harvested","01950.01","Natural rubber in primary forms","2019","2019","ha","149555","I","Value imputed by a receiving agency",""
"QCL","Crops and livestock products","566","Nigeria","5412","Yield","01950.01","Natural rubber in primary forms","2019","2019","kg/ha","376.4","E","Estimated value",""
"QCL","Crops and livestock products","566","Nigeria","5510","Production","01950.01","Natural rubber in primary forms","2019","2019","t","56300","X","Value from external organization","Unofficial figure"
"QCL","Crops and livestock products","566","Nigeria","5312","Area harvested","01950.01","Natural rubber in primary forms","2020","2020","ha","138413","I","Value imputed by a receiving agency",""
"QCL","Crops and livestock products","566","Nigeria","5412","Yield","01950.01","Natural rubber in primary forms","2020","2020","kg/ha","370.6","E","Estimated value",""
"QCL","Crops and livestock products","566","Nigeria","5510","Production","01950.01","Natural rubber in primary forms","2020","2020","t","51300","X","Value from external organization","Unofficial figure"
"QCL","Crops and livestock products","566","Nigeria","5312","Area harvested","01950.01","Natural rubber in primary forms","2021","2021","ha","153115","I","Value imputed by a receiving agency",""
"QCL","Crops and livestock products","566","Nigeria","5412","Yield","01950.01","Natural rubber in primary forms","2021","2021","kg/ha","373.6","E","Estimated value",""
"QCL","Crops and livestock products","566","Nigeria","5510","Production","01950.01","Natural rubber in primary forms","2021","2021","t","57200","X","Value from external organization","Unofficial figure"
"QCL","Crops and livestock products","566","Nigeria","5312","Area harvested","01950.01","Natural rubber in primary forms","2022","2022","ha","154358","I","Value imputed by a receiving agency",""
"QCL","Crops and livestock products","566","Nigeria","5412","Yield","01950.01","Natural rubber in primary forms","2022","2022","kg/ha","378.3","E","Estimated value",""
"QCL","Crops and livestock products","566","Nigeria","5510","Production","01950.01","Natural rubber in primary forms","2022","2022","t","58400","X","Value from external organization","Unofficial figure"
"QCL","Crops and livestock products","566","Nigeria","5312","Area harvested","01950.01","Natural rubber in primary forms","2023","2023","ha","164301","I","Value imputed by a receiving agency",""
"QCL","Crops and livestock products","566","Nigeria","5412","Yield","01950.01","Natural rubber in primary forms","2023","2023","kg/ha","378.6","E","Estimated value",""
"QCL","Crops and livestock products","566","Nigeria","5510","Production","01950.01","Natural rubber in primary forms","2023","2023","t","62200","X","Value from external organization","Unofficial figure"
"QCL","Crops and livestock products","566","Nigeria","5312","Area harvested","01950.01","Natural rubber in primary forms","2024","2024","ha","172383","I","Value imputed by a receiving agency",""
"QCL","Crops and livestock products","566","Nigeria","5412","Yield","01950.01","Natural rubber in primary forms","2024","2024","kg/ha","378.8","E","Estimated value",""
"QCL","Crops and livestock products","566","Nigeria","5510","Production","01950.01","Natural rubber in primary forms","2024","2024","t","65300","X","Value from external organization","Unofficial figure"
"QCL","Crops and livestock products","566","Nigeria","5510","Production","21691.14","Oil of palm kernel","2019","2019","t","139800","X","Value from external organization","Unofficial figure"
"QCL","Crops and livestock products","566","Nigeria","5510","Production","21691.14","Oil of palm kernel","2020","2020","t","146300","X","Value from external organization","Unofficial figure"
"QCL","Crops and livestock products","566","Nigeria","5510","Production","21691.14","Oil of palm kernel","2021","2021","t","150900","X","Value from external organization","Unofficial figure"
"QCL","Crops and livestock products","566","Nigeria","5510","Production","21691.14","Oil of palm kernel","2022","2022","t","163300","X","Value from external organization","Unofficial figure"
"QCL","Crops and livestock products","566","Nigeria","5510","Production","21691.14","Oil of palm kernel","2023","2023","t","167900","X","Value from external organization","Unofficial figure"
"QCL","Crops and livestock products","566","Nigeria","5510","Production","21691.07","Oil of sesame seed","2019","2019","t","51564.97","I","Value imputed by a receiving agency",""
"QCL","Crops and livestock products","566","Nigeria","5510","Production","21691.07","Oil of sesame seed","2020","2020","t","33382.3","I","Value imputed by a receiving agency",""
"QCL","Crops and livestock products","566","Nigeria","5510","Production","21691.07","Oil of sesame seed","2021","2021","t","32000","I","Value imputed by a receiving agency",""
"QCL","Crops and livestock products","566","Nigeria","5510","Production","21691.07","Oil of sesame seed","2022","2022","t","21215.61","I","Value imputed by a receiving agency",""
"QCL","Crops and livestock products","566","Nigeria","5510","Production","21691.07","Oil of sesame seed","2023","2023","t","48601.78","I","Value imputed by a receiving agency",""
"QCL","Crops and livestock products","566","Nigeria","5312","Area harvested","01491.01","Oil palm fruit","2019","2019","ha","3809946","I","Value imputed by a receiving agency",""
"QCL","Crops and livestock products","566","Nigeria","5412","Yield","01491.01","Oil palm fruit","2019","2019","kg/ha","2569.8","E","Estimated value",""
"QCL","Crops and livestock products","566","Nigeria","5510","Production","01491.01","Oil palm fruit","2019","2019","t","9790903.37","I","Value imputed by a receiving agency",""
"QCL","Crops and livestock products","566","Nigeria","5312","Area harvested","01491.01","Oil palm fruit","2020","2020","ha","3894907","I","Value imputed by a receiving agency",""
"QCL","Crops and livestock products","566","Nigeria","5412","Yield","01491.01","Oil palm fruit","2020","2020","kg/ha","2567.5","E","Estimated value",""
"QCL","Crops and livestock products","566","Nigeria","5510","Production","01491.01","Oil palm fruit","2020","2020","t","10000000","E","Estimated value",""
"QCL","Crops and livestock products","566","Nigeria","5312","Area harvested","01491.01","Oil palm fruit","2021","2021","ha","4088238","I","Value imputed by a receiving agency",""
"QCL","Crops and livestock products","566","Nigeria","5412","Yield","01491.01","Oil palm fruit","2021","2021","kg/ha","2568.3","E","Estimated value",""
"QCL","Crops and livestock products","566","Nigeria","5510","Production","01491.01","Oil palm fruit","2021","2021","t","10500000","E","Estimated value",""
"QCL","Crops and livestock products","566","Nigeria","5312","Area harvested","01491.01","Oil palm fruit","2022","2022","ha","4320992","I","Value imputed by a receiving agency",""
"QCL","Crops and livestock products","566","Nigeria","5412","Yield","01491.01","Oil palm fruit","2022","2022","kg/ha","2568.9","E","Estimated value",""
"QCL","Crops and livestock products","566","Nigeria","5510","Production","01491.01","Oil palm fruit","2022","2022","t","11100000","E","Estimated value",""
"QCL","Crops and livestock products","566","Nigeria","5312","Area harvested","01491.01","Oil palm fruit","2023","2023","ha","4512131","I","Value imputed by a receiving agency",""
"QCL","Crops and livestock products","566","Nigeria","5412","Yield","01491.01","Oil palm fruit","2023","2023","kg/ha","2567.3","E","Estimated value",""
"QCL","Crops and livestock products","566","Nigeria","5510","Production","01491.01","Oil palm fruit","2023","2023","t","11583922.63","I","Value imputed by a receiving agency",""
"QCL","Crops and livestock products","566","Nigeria","5312","Area harvested","01491.01","Oil palm fruit","2024","2024","ha","4488839","I","Value imputed by a receiving agency",""
"QCL","Crops and livestock products","566","Nigeria","5412","Yield","01491.01","Oil palm fruit","2024","2024","kg/ha","2565.7","E","Estimated value",""
"QCL","Crops and livestock products","566","Nigeria","5510","Production","01491.01","Oil palm fruit","2024","2024","t","11517077.61","I","Value imputed by a receiving agency",""
"QCL","Crops and livestock products","566","Nigeria","5312","Area harvested","01239.01","Okra","2019","2019","ha","1430860","A","Official value",""
"QCL","Crops and livestock products","566","Nigeria","5412","Yield","01239.01","Okra","2019","2019","kg/ha","1200.8","A","Official value",""
"QCL","Crops and livestock products","566","Nigeria","5510","Production","01239.01","Okra","2019","2019","t","1718170","A","Official value",""
"QCL","Crops and livestock products","566","Nigeria","5312","Area harvested","01239.01","Okra","2020","2020","ha","1473150","A","Official value",""
"QCL","Crops and livestock products","566","Nigeria","5412","Yield","01239.01","Okra","2020","2020","kg/ha","1193.5","A","Official value",""
"QCL","Crops and livestock products","566","Nigeria","5510","Production","01239.01","Okra","2020","2020","t","1758180","A","Official value",""
"QCL","Crops and livestock products","566","Nigeria","5312","Area harvested","01239.01","Okra","2021","2021","ha","1567439","A","Official value",""
"QCL","Crops and livestock products","566","Nigeria","5412","Yield","01239.01","Okra","2021","2021","kg/ha","1150.3","A","Official value",""
"QCL","Crops and livestock products","566","Nigeria","5510","Production","01239.01","Okra","2021","2021","t","1803030","A","Official value",""
"QCL","Crops and livestock products","566","Nigeria","5312","Area harvested","01239.01","Okra","2022","2022","ha","1789729","I","Value imputed by a receiving agency",""
"QCL","Crops and livestock products","566","Nigeria","5412","Yield","01239.01","Okra","2022","2022","kg/ha","1037.2","E","Estimated value",""
"QCL","Crops and livestock products","566","Nigeria","5510","Production","01239.01","Okra","2022","2022","t","1856327.98","I","Value imputed by a receiving agency",""
"QCL","Crops and livestock products","566","Nigeria","5312","Area harvested","01239.01","Okra","2023","2023","ha","1987084","I","Value imputed by a receiving agency",""
"QCL","Crops and livestock products","566","Nigeria","5412","Yield","01239.01","Okra","2023","2023","kg/ha","939.4","E","Estimated value",""
"QCL","Crops and livestock products","566","Nigeria","5510","Production","01239.01","Okra","2023","2023","t","1866665.51","I","Value imputed by a receiving agency",""
"QCL","Crops and livestock products","566","Nigeria","5312","Area harvested","01239.01","Okra","2024","2024","ha","2094633","I","Value imputed by a receiving agency",""
"QCL","Crops and livestock products","566","Nigeria","5412","Yield","01239.01","Okra","2024","2024","kg/ha","862.8","E","Estimated value",""
"QCL","Crops and livestock products","566","Nigeria","5510","Production","01239.01","Okra","2024","2024","t","1807284.29","I","Value imputed by a receiving agency",""
"QCL","Crops and livestock products","566","Nigeria","5312","Area harvested","01253.02","Onions and shallots, dry (excluding dehydrated)","2019","2019","ha","568225","A","Official value",""
"QCL","Crops and livestock products","566","Nigeria","5412","Yield","01253.02","Onions and shallots, dry (excluding dehydrated)","2019","2019","kg/ha","2576.9","A","Official value",""
"QCL","Crops and livestock products","566","Nigeria","5510","Production","01253.02","Onions and shallots, dry (excluding dehydrated)","2019","2019","t","1464280","A","Official value",""
"QCL","Crops and livestock products","566","Nigeria","5312","Area harvested","01253.02","Onions and shallots, dry (excluding dehydrated)","2020","2020","ha","589610","A","Official value",""
"QCL","Crops and livestock products","566","Nigeria","5412","Yield","01253.02","Onions and shallots, dry (excluding dehydrated)","2020","2020","kg/ha","2573.3","A","Official value",""
"QCL","Crops and livestock products","566","Nigeria","5510","Production","01253.02","Onions and shallots, dry (excluding dehydrated)","2020","2020","t","1517270","A","Official value",""
"QCL","Crops and livestock products","566","Nigeria","5312","Area harvested","01253.02","Onions and shallots, dry (excluding dehydrated)","2021","2021","ha","595850","A","Official value",""
"QCL","Crops and livestock products","566","Nigeria","5412","Yield","01253.02","Onions and shallots, dry (excluding dehydrated)","2021","2021","kg/ha","2575.2","A","Official value",""
"QCL","Crops and livestock products","566","Nigeria","5510","Production","01253.02","Onions and shallots, dry (excluding dehydrated)","2021","2021","t","1534430","A","Official value",""
"QCL","Crops and livestock products","566","Nigeria","5312","Area harvested","01253.02","Onions and shallots, dry (excluding dehydrated)","2022","2022","ha","604398","I","Value imputed by a receiving agency",""
"QCL","Crops and livestock products","566","Nigeria","5412","Yield","01253.02","Onions and shallots, dry (excluding dehydrated)","2022","2022","kg/ha","2606.5","E","Estimated value",""
"QCL","Crops and livestock products","566","Nigeria","5510","Production","01253.02","Onions and shallots, dry (excluding dehydrated)","2022","2022","t","1575366.18","I","Value imputed by a receiving agency",""
"QCL","Crops and livestock products","566","Nigeria","5312","Area harvested","01253.02","Onions and shallots, dry (excluding dehydrated)","2023","2023","ha","610417","I","Value imputed by a receiving agency",""
"QCL","Crops and livestock products","566","Nigeria","5412","Yield","01253.02","Onions and shallots, dry (excluding dehydrated)","2023","2023","kg/ha","2697.4","E","Estimated value",""
"QCL","Crops and livestock products","566","Nigeria","5510","Production","01253.02","Onions and shallots, dry (excluding dehydrated)","2023","2023","t","1646510.45","I","Value imputed by a receiving agency",""
"QCL","Crops and livestock products","566","Nigeria","5312","Area harvested","01253.02","Onions and shallots, dry (excluding dehydrated)","2024","2024","ha","612609","I","Value imputed by a receiving agency",""
"QCL","Crops and livestock products","566","Nigeria","5412","Yield","01253.02","Onions and shallots, dry (excluding dehydrated)","2024","2024","kg/ha","2732.3","E","Estimated value",""
"QCL","Crops and livestock products","566","Nigeria","5510","Production","01253.02","Onions and shallots, dry (excluding dehydrated)","2024","2024","t","1673861.72","I","Value imputed by a receiving agency",""
"QCL","Crops and livestock products","566","Nigeria","5312","Area harvested","01253.01","Onions and shallots, green","2019","2019","ha","14388","I","Value imputed by a receiving agency",""
"QCL","Crops and livestock products","566","Nigeria","5412","Yield","01253.01","Onions and shallots, green","2019","2019","kg/ha","16238.5","E","Estimated value",""
"QCL","Crops and livestock products","566","Nigeria","5510","Production","01253.01","Onions and shallots, green","2019","2019","t","233635.28","I","Value imputed by a receiving agency",""
"QCL","Crops and livestock products","566","Nigeria","5312","Area harvested","01253.01","Onions and shallots, green","2020","2020","ha","14517","I","Value imputed by a receiving agency",""
"QCL","Crops and livestock products","566","Nigeria","5412","Yield","01253.01","Onions and shallots, green","2020","2020","kg/ha","16094","E","Estimated value",""
"QCL","Crops and livestock products","566","Nigeria","5510","Production","01253.01","Onions and shallots, green","2020","2020","t","233636.92","I","Value imputed by a receiving agency",""
"QCL","Crops and livestock products","566","Nigeria","5312","Area harvested","01253.01","Onions and shallots, green","2021","2021","ha","14380","E","Estimated value",""
"QCL","Crops and livestock products","566","Nigeria","5412","Yield","01253.01","Onions and shallots, green","2021","2021","kg/ha","16992.1","E","Estimated value",""
"QCL","Crops and livestock products","566","Nigeria","5510","Production","01253.01","Onions and shallots, green","2021","2021","t","244342.24","I","Value imputed by a receiving agency",""
"QCL","Crops and livestock products","566","Nigeria","5312","Area harvested","01253.01","Onions and shallots, green","2022","2022","ha","14428","E","Estimated value",""
"QCL","Crops and livestock products","566","Nigeria","5412","Yield","01253.01","Onions and shallots, green","2022","2022","kg/ha","16892.3","E","Estimated value",""
"QCL","Crops and livestock products","566","Nigeria","5510","Production","01253.01","Onions and shallots, green","2022","2022","t","243724.12","I","Value imputed by a receiving agency",""
"QCL","Crops and livestock products","566","Nigeria","5312","Area harvested","01253.01","Onions and shallots, green","2023","2023","ha","14442","E","Estimated value",""
"QCL","Crops and livestock products","566","Nigeria","5412","Yield","01253.01","Onions and shallots, green","2023","2023","kg/ha","16963.2","E","Estimated value",""
"QCL","Crops and livestock products","566","Nigeria","5510","Production","01253.01","Onions and shallots, green","2023","2023","t","244976.78","I","Value imputed by a receiving agency",""
"QCL","Crops and livestock products","566","Nigeria","5312","Area harvested","01253.01","Onions and shallots, green","2024","2024","ha","14417","E","Estimated value",""
"QCL","Crops and livestock products","566","Nigeria","5412","Yield","01253.01","Onions and shallots, green","2024","2024","kg/ha","16949.1","E","Estimated value",""
"QCL","Crops and livestock products","566","Nigeria","5510","Production","01253.01","Onions and shallots, green","2024","2024","t","244347.71","E","Estimated value",""
"QCL","Crops and livestock products","566","Nigeria","5312","Area harvested","01329","Other citrus fruit, n.e.c.","2019","2019","ha","837245","I","Value imputed by a receiving agency",""
"QCL","Crops and livestock products","566","Nigeria","5412","Yield","01329","Other citrus fruit, n.e.c.","2019","2019","kg/ha","4987.3","E","Estimated value",""
"QCL","Crops and livestock products","566","Nigeria","5510","Production","01329","Other citrus fruit, n.e.c.","2019","2019","t","4175608.24","I","Value imputed by a receiving agency",""
"QCL","Crops and livestock products","566","Nigeria","5312","Area harvested","01329","Other citrus fruit, n.e.c.","2020","2020","ha","846883","I","Value imputed by a receiving agency",""
"QCL","Crops and livestock products","566","Nigeria","5412","Yield","01329","Other citrus fruit, n.e.c.","2020","2020","kg/ha","5013.3","E","Estimated value",""
"QCL","Crops and livestock products","566","Nigeria","5510","Production","01329","Other citrus fruit, n.e.c.","2020","2020","t","4245644.4","I","Value imputed by a receiving agency",""
"QCL","Crops and livestock products","566","Nigeria","5312","Area harvested","01329","Other citrus fruit, n.e.c.","2021","2021","ha","852573","I","Value imputed by a receiving agency",""
"QCL","Crops and livestock products","566","Nigeria","5412","Yield","01329","Other citrus fruit, n.e.c.","2021","2021","kg/ha","4903.7","E","Estimated value",""
"QCL","Crops and livestock products","566","Nigeria","5510","Production","01329","Other citrus fruit, n.e.c.","2021","2021","t","4180805.28","E","Estimated value",""
"QCL","Crops and livestock products","566","Nigeria","5312","Area harvested","01329","Other citrus fruit, n.e.c.","2022","2022","ha","856879","I","Value imputed by a receiving agency",""
"QCL","Crops and livestock products","566","Nigeria","5412","Yield","01329","Other citrus fruit, n.e.c.","2022","2022","kg/ha","4902.3","E","Estimated value",""
"QCL","Crops and livestock products","566","Nigeria","5510","Production","01329","Other citrus fruit, n.e.c.","2022","2022","t","4200685.97","E","Estimated value",""
"QCL","Crops and livestock products","566","Nigeria","5312","Area harvested","01329","Other citrus fruit, n.e.c.","2023","2023","ha","862472","I","Value imputed by a receiving agency",""
"QCL","Crops and livestock products","566","Nigeria","5412","Yield","01329","Other citrus fruit, n.e.c.","2023","2023","kg/ha","4880.2","E","Estimated value",""
"QCL","Crops and livestock products","566","Nigeria","5510","Production","01329","Other citrus fruit, n.e.c.","2023","2023","t","4209045.22","E","Estimated value",""
"QCL","Crops and livestock products","566","Nigeria","5312","Area harvested","01329","Other citrus fruit, n.e.c.","2024","2024","ha","857308","E","Estimated value",""
"QCL","Crops and livestock products","566","Nigeria","5412","Yield","01329","Other citrus fruit, n.e.c.","2024","2024","kg/ha","4895.4","E","Estimated value",""
"QCL","Crops and livestock products","566","Nigeria","5510","Production","01329","Other citrus fruit, n.e.c.","2024","2024","t","4196845.49","E","Estimated value",""
"QCL","Crops and livestock products","566","Nigeria","5312","Area harvested","01929.90","Other fibre crops, raw, n.e.c.","2019","2019","ha","","M","Missing value; data cannot exist",""
"QCL","Crops and livestock products","566","Nigeria","5510","Production","01929.90","Other fibre crops, raw, n.e.c.","2019","2019","t","","M","Missing value; data cannot exist",""
"QCL","Crops and livestock products","566","Nigeria","5312","Area harvested","01929.90","Other fibre crops, raw, n.e.c.","2020","2020","ha","","M","Missing value; data cannot exist",""
"QCL","Crops and livestock products","566","Nigeria","5510","Production","01929.90","Other fibre crops, raw, n.e.c.","2020","2020","t","","M","Missing value; data cannot exist",""
"QCL","Crops and livestock products","566","Nigeria","5312","Area harvested","01929.90","Other fibre crops, raw, n.e.c.","2021","2021","ha","","M","Missing value; data cannot exist",""
"QCL","Crops and livestock products","566","Nigeria","5510","Production","01929.90","Other fibre crops, raw, n.e.c.","2021","2021","t","","M","Missing value; data cannot exist",""
"QCL","Crops and livestock products","566","Nigeria","5312","Area harvested","01929.90","Other fibre crops, raw, n.e.c.","2022","2022","ha","","M","Missing value; data cannot exist",""
"QCL","Crops and livestock products","566","Nigeria","5510","Production","01929.90","Other fibre crops, raw, n.e.c.","2022","2022","t","","M","Missing value; data cannot exist",""
"QCL","Crops and livestock products","566","Nigeria","5312","Area harvested","01929.90","Other fibre crops, raw, n.e.c.","2023","2023","ha","","M","Missing value; data cannot exist",""
"QCL","Crops and livestock products","566","Nigeria","5510","Production","01929.90","Other fibre crops, raw, n.e.c.","2023","2023","t","","M","Missing value; data cannot exist",""
"QCL","Crops and livestock products","566","Nigeria","5312","Area harvested","01929.90","Other fibre crops, raw, n.e.c.","2024","2024","ha","","M","Missing value; data cannot exist",""
"QCL","Crops and livestock products","566","Nigeria","5510","Production","01929.90","Other fibre crops, raw, n.e.c.","2024","2024","t","","M","Missing value; data cannot exist",""
"QCL","Crops and livestock products","566","Nigeria","5312","Area harvested","01359.90","Other fruits, n.e.c.","2019","2019","ha","177892","I","Value imputed by a receiving agency",""
"QCL","Crops and livestock products","566","Nigeria","5412","Yield","01359.90","Other fruits, n.e.c.","2019","2019","kg/ha","6797.1","E","Estimated value",""
"QCL","Crops and livestock products","566","Nigeria","5510","Production","01359.90","Other fruits, n.e.c.","2019","2019","t","1209156.13","I","Value imputed by a receiving agency",""
"QCL","Crops and livestock products","566","Nigeria","5312","Area harvested","01359.90","Other fruits, n.e.c.","2020","2020","ha","183559","E","Estimated value",""
"QCL","Crops and livestock products","566","Nigeria","5412","Yield","01359.90","Other fruits, n.e.c.","2020","2020","kg/ha","6430.4","E","Estimated value",""
"QCL","Crops and livestock products","566","Nigeria","5510","Production","01359.90","Other fruits, n.e.c.","2020","2020","t","1180360.05","I","Value imputed by a receiving agency",""
"QCL","Crops and livestock products","566","Nigeria","5312","Area harvested","01359.90","Other fruits, n.e.c.","2021","2021","ha","182089","I","Value imputed by a receiving agency",""
"QCL","Crops and livestock products","566","Nigeria","5412","Yield","01359.90","Other fruits, n.e.c.","2021","2021","kg/ha","6833.9","E","Estimated value",""
"QCL","Crops and livestock products","566","Nigeria","5510","Production","01359.90","Other fruits, n.e.c.","2021","2021","t","1244377.1","I","Value imputed by a receiving agency",""
"QCL","Crops and livestock products","566","Nigeria","5312","Area harvested","01359.90","Other fruits, n.e.c.","2022","2022","ha","181862","I","Value imputed by a receiving agency",""
"QCL","Crops and livestock products","566","Nigeria","5412","Yield","01359.90","Other fruits, n.e.c.","2022","2022","kg/ha","6841","E","Estimated value",""
"QCL","Crops and livestock products","566","Nigeria","5510","Production","01359.90","Other fruits, n.e.c.","2022","2022","t","1244123.23","I","Value imputed by a receiving agency",""
"QCL","Crops and livestock products","566","Nigeria","5312","Area harvested","01359.90","Other fruits, n.e.c.","2023","2023","ha","181707","I","Value imputed by a receiving agency",""
"QCL","Crops and livestock products","566","Nigeria","5412","Yield","01359.90","Other fruits, n.e.c.","2023","2023","kg/ha","6853","E","Estimated value",""
"QCL","Crops and livestock products","566","Nigeria","5510","Production","01359.90","Other fruits, n.e.c.","2023","2023","t","1245244.6","I","Value imputed by a receiving agency",""
"QCL","Crops and livestock products","566","Nigeria","5312","Area harvested","01359.90","Other fruits, n.e.c.","2024","2024","ha","181728","I","Value imputed by a receiving agency",""
"QCL","Crops and livestock products","566","Nigeria","5412","Yield","01359.90","Other fruits, n.e.c.","2024","2024","kg/ha","6865","E","Estimated value",""
"QCL","Crops and livestock products","566","Nigeria","5510","Production","01359.90","Other fruits, n.e.c.","2024","2024","t","1247571.84","I","Value imputed by a receiving agency",""
"QCL","Crops and livestock products","566","Nigeria","5312","Area harvested","01379.90","Other nuts (excluding wild edible nuts and groundnuts), in shell, n.e.c.","2019","2019","ha","2698","I","Value imputed by a receiving agency",""
"QCL","Crops and livestock products","566","Nigeria","5412","Yield","01379.90","Other nuts (excluding wild edible nuts and groundnuts), in shell, n.e.c.","2019","2019","kg/ha","2704.1","E","Estimated value",""
"QCL","Crops and livestock products","566","Nigeria","5510","Production","01379.90","Other nuts (excluding wild edible nuts and groundnuts), in shell, n.e.c.","2019","2019","t","7296.71","I","Value imputed by a receiving agency",""
"QCL","Crops and livestock products","566","Nigeria","5312","Area harvested","01379.90","Other nuts (excluding wild edible nuts and groundnuts), in shell, n.e.c.","2020","2020","ha","2694","I","Value imputed by a receiving agency",""
"QCL","Crops and livestock products","566","Nigeria","5412","Yield","01379.90","Other nuts (excluding wild edible nuts and groundnuts), in shell, n.e.c.","2020","2020","kg/ha","2720.1","E","Estimated value",""
"QCL","Crops and livestock products","566","Nigeria","5510","Production","01379.90","Other nuts (excluding wild edible nuts and groundnuts), in shell, n.e.c.","2020","2020","t","7329.11","I","Value imputed by a receiving agency",""
"QCL","Crops and livestock products","566","Nigeria","5312","Area harvested","01379.90","Other nuts (excluding wild edible nuts and groundnuts), in shell, n.e.c.","2021","2021","ha","2758","I","Value imputed by a receiving agency",""
"QCL","Crops and livestock products","566","Nigeria","5412","Yield","01379.90","Other nuts (excluding wild edible nuts and groundnuts), in shell, n.e.c.","2021","2021","kg/ha","2646.9","E","Estimated value",""
"QCL","Crops and livestock products","566","Nigeria","5510","Production","01379.90","Other nuts (excluding wild edible nuts and groundnuts), in shell, n.e.c.","2021","2021","t","7301.15","E","Estimated value",""
"QCL","Crops and livestock products","566","Nigeria","5312","Area harvested","01379.90","Other nuts (excluding wild edible nuts and groundnuts), in shell, n.e.c.","2022","2022","ha","2757","I","Value imputed by a receiving agency",""
"QCL","Crops and livestock products","566","Nigeria","5412","Yield","01379.90","Other nuts (excluding wild edible nuts and groundnuts), in shell, n.e.c.","2022","2022","kg/ha","2777.3","E","Estimated value",""
"QCL","Crops and livestock products","566","Nigeria","5510","Production","01379.90","Other nuts (excluding wild edible nuts and groundnuts), in shell, n.e.c.","2022","2022","t","7656.78","I","Value imputed by a receiving agency",""
"QCL","Crops and livestock products","566","Nigeria","5312","Area harvested","01379.90","Other nuts (excluding wild edible nuts and groundnuts), in shell, n.e.c.","2023","2023","ha","2765","I","Value imputed by a receiving agency",""
"QCL","Crops and livestock products","566","Nigeria","5412","Yield","01379.90","Other nuts (excluding wild edible nuts and groundnuts), in shell, n.e.c.","2023","2023","kg/ha","2686.6","E","Estimated value",""
"QCL","Crops and livestock products","566","Nigeria","5510","Production","01379.90","Other nuts (excluding wild edible nuts and groundnuts), in shell, n.e.c.","2023","2023","t","7429.01","E","Estimated value",""
"QCL","Crops and livestock products","566","Nigeria","5312","Area harvested","01379.90","Other nuts (excluding wild edible nuts and groundnuts), in shell, n.e.c.","2024","2024","ha","2773","I","Value imputed by a receiving agency",""
"QCL","Crops and livestock products","566","Nigeria","5412","Yield","01379.90","Other nuts (excluding wild edible nuts and groundnuts), in shell, n.e.c.","2024","2024","kg/ha","2690.6","E","Estimated value",""
"QCL","Crops and livestock products","566","Nigeria","5510","Production","01379.90","Other nuts (excluding wild edible nuts and groundnuts), in shell, n.e.c.","2024","2024","t","7462.31","E","Estimated value",""
"QCL","Crops and livestock products","566","Nigeria","5312","Area harvested","01449.90","Other oil seeds, n.e.c.","2019","2019","ha","200","E","Estimated value",""
"QCL","Crops and livestock products","566","Nigeria","5412","Yield","01449.90","Other oil seeds, n.e.c.","2019","2019","kg/ha","2644.8","E","Estimated value",""
"QCL","Crops and livestock products","566","Nigeria","5510","Production","01449.90","Other oil seeds, n.e.c.","2019","2019","t","528.96","I","Value imputed by a receiving agency",""
"QCL","Crops and livestock products","566","Nigeria","5312","Area harvested","01449.90","Other oil seeds, n.e.c.","2020","2020","ha","200","E","Estimated value",""
"QCL","Crops and livestock products","566","Nigeria","5412","Yield","01449.90","Other oil seeds, n.e.c.","2020","2020","kg/ha","2687.3","E","Estimated value",""
"QCL","Crops and livestock products","566","Nigeria","5510","Production","01449.90","Other oil seeds, n.e.c.","2020","2020","t","537.46","I","Value imputed by a receiving agency",""
"QCL","Crops and livestock products","566","Nigeria","5312","Area harvested","01449.90","Other oil seeds, n.e.c.","2021","2021","ha","200","E","Estimated value",""
"QCL","Crops and livestock products","566","Nigeria","5412","Yield","01449.90","Other oil seeds, n.e.c.","2021","2021","kg/ha","2797.1","E","Estimated value",""
"QCL","Crops and livestock products","566","Nigeria","5510","Production","01449.90","Other oil seeds, n.e.c.","2021","2021","t","559.41","I","Value imputed by a receiving agency",""
"QCL","Crops and livestock products","566","Nigeria","5312","Area harvested","01449.90","Other oil seeds, n.e.c.","2022","2022","ha","213","I","Value imputed by a receiving agency",""
"QCL","Crops and livestock products","566","Nigeria","5412","Yield","01449.90","Other oil seeds, n.e.c.","2022","2022","kg/ha","2728.9","E","Estimated value",""
"QCL","Crops and livestock products","566","Nigeria","5510","Production","01449.90","Other oil seeds, n.e.c.","2022","2022","t","580.52","I","Value imputed by a receiving agency",""
"QCL","Crops and livestock products","566","Nigeria","5312","Area harvested","01449.90","Other oil seeds, n.e.c.","2023","2023","ha","212","I","Value imputed by a receiving agency",""
"QCL","Crops and livestock products","566","Nigeria","5412","Yield","01449.90","Other oil seeds, n.e.c.","2023","2023","kg/ha","2769.5","E","Estimated value",""
"QCL","Crops and livestock products","566","Nigeria","5510","Production","01449.90","Other oil seeds, n.e.c.","2023","2023","t","587.19","I","Value imputed by a receiving agency",""
"QCL","Crops and livestock products","566","Nigeria","5312","Area harvested","01449.90","Other oil seeds, n.e.c.","2024","2024","ha","210","I","Value imputed by a receiving agency",""
"QCL","Crops and livestock products","566","Nigeria","5412","Yield","01449.90","Other oil seeds, n.e.c.","2024","2024","kg/ha","2810.6","E","Estimated value",""
"QCL","Crops and livestock products","566","Nigeria","5510","Production","01449.90","Other oil seeds, n.e.c.","2024","2024","t","589.95","I","Value imputed by a receiving agency",""
"QCL","Crops and livestock products","566","Nigeria","5312","Area harvested","01709.90","Other pulses n.e.c.","2019","2019","ha","151872","I","Value imputed by a receiving agency",""
"QCL","Crops and livestock products","566","Nigeria","5412","Yield","01709.90","Other pulses n.e.c.","2019","2019","kg/ha","457.2","E","Estimated value",""
"QCL","Crops and livestock products","566","Nigeria","5510","Production","01709.90","Other pulses n.e.c.","2019","2019","t","69435.65","I","Value imputed by a receiving agency",""
"QCL","Crops and livestock products","566","Nigeria","5312","Area harvested","01709.90","Other pulses n.e.c.","2020","2020","ha","154885","I","Value imputed by a receiving agency",""
"QCL","Crops and livestock products","566","Nigeria","5412","Yield","01709.90","Other pulses n.e.c.","2020","2020","kg/ha","439.5","E","Estimated value",""
"QCL","Crops and livestock products","566","Nigeria","5510","Production","01709.90","Other pulses n.e.c.","2020","2020","t","68074.41","E","Estimated value",""
"QCL","Crops and livestock products","566","Nigeria","5312","Area harvested","01709.90","Other pulses n.e.c.","2021","2021","ha","152233","E","Estimated value",""
"QCL","Crops and livestock products","566","Nigeria","5412","Yield","01709.90","Other pulses n.e.c.","2021","2021","kg/ha","450","E","Estimated value",""
"QCL","Crops and livestock products","566","Nigeria","5510","Production","01709.90","Other pulses n.e.c.","2021","2021","t","68505.8","E","Estimated value",""
"QCL","Crops and livestock products","566","Nigeria","5312","Area harvested","01709.90","Other pulses n.e.c.","2022","2022","ha","152997","E","Estimated value",""
"QCL","Crops and livestock products","566","Nigeria","5412","Yield","01709.90","Other pulses n.e.c.","2022","2022","kg/ha","448.8","E","Estimated value",""
"QCL","Crops and livestock products","566","Nigeria","5510","Production","01709.90","Other pulses n.e.c.","2022","2022","t","68671.95","E","Estimated value",""
"QCL","Crops and livestock products","566","Nigeria","5312","Area harvested","01709.90","Other pulses n.e.c.","2023","2023","ha","153371","E","Estimated value",""
"QCL","Crops and livestock products","566","Nigeria","5412","Yield","01709.90","Other pulses n.e.c.","2023","2023","kg/ha","446.1","E","Estimated value",""
"QCL","Crops and livestock products","566","Nigeria","5510","Production","01709.90","Other pulses n.e.c.","2023","2023","t","68417.39","E","Estimated value",""
"QCL","Crops and livestock products","566","Nigeria","5312","Area harvested","01709.90","Other pulses n.e.c.","2024","2024","ha","152867","E","Estimated value",""
"QCL","Crops and livestock products","566","Nigeria","5412","Yield","01709.90","Other pulses n.e.c.","2024","2024","kg/ha","448.3","E","Estimated value",""
"QCL","Crops and livestock products","566","Nigeria","5510","Production","01709.90","Other pulses n.e.c.","2024","2024","t","68531.71","E","Estimated value",""
"QCL","Crops and livestock products","566","Nigeria","5312","Area harvested","01699","Other stimulant, spice and aromatic crops, n.e.c.","2019","2019","ha","5230","I","Value imputed by a receiving agency",""
"QCL","Crops and livestock products","566","Nigeria","5412","Yield","01699","Other stimulant, spice and aromatic crops, n.e.c.","2019","2019","kg/ha","1541.2","E","Estimated value",""
"QCL","Crops and livestock products","566","Nigeria","5510","Production","01699","Other stimulant, spice and aromatic crops, n.e.c.","2019","2019","t","8060.24","I","Value imputed by a receiving agency",""
"QCL","Crops and livestock products","566","Nigeria","5312","Area harvested","01699","Other stimulant, spice and aromatic crops, n.e.c.","2020","2020","ha","6432","I","Value imputed by a receiving agency",""
"QCL","Crops and livestock products","566","Nigeria","5412","Yield","01699","Other stimulant, spice and aromatic crops, n.e.c.","2020","2020","kg/ha","1554.7","E","Estimated value",""
"QCL","Crops and livestock products","566","Nigeria","5510","Production","01699","Other stimulant, spice and aromatic crops, n.e.c.","2020","2020","t","10000","E","Estimated value",""
"QCL","Crops and livestock products","566","Nigeria","5312","Area harvested","01699","Other stimulant, spice and aromatic crops, n.e.c.","2021","2021","ha","9620","I","Value imputed by a receiving agency",""
"QCL","Crops and livestock products","566","Nigeria","5412","Yield","01699","Other stimulant, spice and aromatic crops, n.e.c.","2021","2021","kg/ha","1559.2","E","Estimated value",""
"QCL","Crops and livestock products","566","Nigeria","5510","Production","01699","Other stimulant, spice and aromatic crops, n.e.c.","2021","2021","t","15000","E","Estimated value",""
"QCL","Crops and livestock products","566","Nigeria","5312","Area harvested","01699","Other stimulant, spice and aromatic crops, n.e.c.","2022","2022","ha","12178","I","Value imputed by a receiving agency",""
"QCL","Crops and livestock products","566","Nigeria","5412","Yield","01699","Other stimulant, spice and aromatic crops, n.e.c.","2022","2022","kg/ha","1559.9","E","Estimated value",""
"QCL","Crops and livestock products","566","Nigeria","5510","Production","01699","Other stimulant, spice and aromatic crops, n.e.c.","2022","2022","t","18995.84","I","Value imputed by a receiving agency",""
"QCL","Crops and livestock products","566","Nigeria","5312","Area harvested","01699","Other stimulant, spice and aromatic crops, n.e.c.","2023","2023","ha","6734","I","Value imputed by a receiving agency",""
"QCL","Crops and livestock products","566","Nigeria","5412","Yield","01699","Other stimulant, spice and aromatic crops, n.e.c.","2023","2023","kg/ha","1564.7","E","Estimated value",""
"QCL","Crops and livestock products","566","Nigeria","5510","Production","01699","Other stimulant, spice and aromatic crops, n.e.c.","2023","2023","t","10537.42","I","Value imputed by a receiving agency",""
"QCL","Crops and livestock products","566","Nigeria","5312","Area harvested","01699","Other stimulant, spice and aromatic crops, n.e.c.","2024","2024","ha","6925","I","Value imputed by a receiving agency",""
"QCL","Crops and livestock products","566","Nigeria","5412","Yield","01699","Other stimulant, spice and aromatic crops, n.e.c.","2024","2024","kg/ha","1569.6","E","Estimated value",""
"QCL","Crops and livestock products","566","Nigeria","5510","Production","01699","Other stimulant, spice and aromatic crops, n.e.c.","2024","2024","t","10869.14","I","Value imputed by a receiving agency",""
"QCL","Crops and livestock products","566","Nigeria","5312","Area harvested","01290.90","Other vegetables, fresh n.e.c.","2019","2019","ha","784523","I","Value imputed by a receiving agency",""
"QCL","Crops and livestock products","566","Nigeria","5412","Yield","01290.90","Other vegetables, fresh n.e.c.","2019","2019","kg/ha","9162.5","E","Estimated value",""
"QCL","Crops and livestock products","566","Nigeria","5510","Production","01290.90","Other vegetables, fresh n.e.c.","2019","2019","t","7188189.97","I","Value imputed by a receiving agency",""
"QCL","Crops and livestock products","566","Nigeria","5312","Area harvested","01290.90","Other vegetables, fresh n.e.c.","2020","2020","ha","789836","I","Value imputed by a receiving agency",""
"QCL","Crops and livestock products","566","Nigeria","5412","Yield","01290.90","Other vegetables, fresh n.e.c.","2020","2020","kg/ha","8914.6","E","Estimated value",""
"QCL","Crops and livestock products","566","Nigeria","5510","Production","01290.90","Other vegetables, fresh n.e.c.","2020","2020","t","7041074.42","E","Estimated value",""
"QCL","Crops and livestock products","566","Nigeria","5312","Area harvested","01290.90","Other vegetables, fresh n.e.c.","2021","2021","ha","790961","I","Value imputed by a receiving agency",""
"QCL","Crops and livestock products","566","Nigeria","5412","Yield","01290.90","Other vegetables, fresh n.e.c.","2021","2021","kg/ha","8901.4","E","Estimated value",""
"QCL","Crops and livestock products","566","Nigeria","5510","Production","01290.90","Other vegetables, fresh n.e.c.","2021","2021","t","7040663.37","E","Estimated value",""
"QCL","Crops and livestock products","566","Nigeria","5312","Area harvested","01290.90","Other vegetables, fresh n.e.c.","2022","2022","ha","788440","E","Estimated value",""
"QCL","Crops and livestock products","566","Nigeria","5412","Yield","01290.90","Other vegetables, fresh n.e.c.","2022","2022","kg/ha","8992.4","E","Estimated value",""
"QCL","Crops and livestock products","566","Nigeria","5510","Production","01290.90","Other vegetables, fresh n.e.c.","2022","2022","t","7089975.92","E","Estimated value",""
"QCL","Crops and livestock products","566","Nigeria","5312","Area harvested","01290.90","Other vegetables, fresh n.e.c.","2023","2023","ha","789746","E","Estimated value",""
"QCL","Crops and livestock products","566","Nigeria","5412","Yield","01290.90","Other vegetables, fresh n.e.c.","2023","2023","kg/ha","8936.1","E","Estimated value",""
"QCL","Crops and livestock products","566","Nigeria","5510","Production","01290.90","Other vegetables, fresh n.e.c.","2023","2023","t","7057237.9","E","Estimated value",""
"QCL","Crops and livestock products","566","Nigeria","5312","Area harvested","01290.90","Other vegetables, fresh n.e.c.","2024","2024","ha","789715","E","Estimated value",""
"QCL","Crops and livestock products","566","Nigeria","5412","Yield","01290.90","Other vegetables, fresh n.e.c.","2024","2024","kg/ha","8943.3","E","Estimated value",""
"QCL","Crops and livestock products","566","Nigeria","5510","Production","01290.90","Other vegetables, fresh n.e.c.","2024","2024","t","7062625.73","E","Estimated value",""
"QCL","Crops and livestock products","566","Nigeria","5510","Production","01491.02","Palm kernels","2019","2019","t","320000","X","Value from external organization","Unofficial figure"
"QCL","Crops and livestock products","566","Nigeria","5510","Production","01491.02","Palm kernels","2020","2020","t","330000","X","Value from external organization","Unofficial figure"
"QCL","Crops and livestock products","566","Nigeria","5510","Production","01491.02","Palm kernels","2021","2021","t","355000","X","Value from external organization","Unofficial figure"
"QCL","Crops and livestock products","566","Nigeria","5510","Production","01491.02","Palm kernels","2022","2022","t","365000","X","Value from external organization","Unofficial figure"
"QCL","Crops and livestock products","566","Nigeria","5510","Production","01491.02","Palm kernels","2023","2023","t","375000","X","Value from external organization","Unofficial figure"
"QCL","Crops and livestock products","566","Nigeria","5510","Production","2165","Palm oil","2019","2019","t","1220000","X","Value from external organization","Unofficial figure"
"QCL","Crops and livestock products","566","Nigeria","5510","Production","2165","Palm oil","2020","2020","t","1280000","X","Value from external organization","Unofficial figure"
"QCL","Crops and livestock products","566","Nigeria","5510","Production","2165","Palm oil","2021","2021","t","1350000","X","Value from external organization","Unofficial figure"
"QCL","Crops and livestock products","566","Nigeria","5510","Production","2165","Palm oil","2022","2022","t","1420000","X","Value from external organization","Unofficial figure"
"QCL","Crops and livestock products","566","Nigeria","5510","Production","2165","Palm oil","2023","2023","t","1460000","X","Value from external organization","Unofficial figure"
"QCL","Crops and livestock products","566","Nigeria","5312","Area harvested","01317","Papayas","2019","2019","ha","94230","I","Value imputed by a receiving agency",""
"QCL","Crops and livestock products","566","Nigeria","5412","Yield","01317","Papayas","2019","2019","kg/ha","8952.3","E","Estimated value",""
"QCL","Crops and livestock products","566","Nigeria","5510","Production","01317","Papayas","2019","2019","t","843580.6","I","Value imputed by a receiving agency",""
"QCL","Crops and livestock products","566","Nigeria","5312","Area harvested","01317","Papayas","2020","2020","ha","95703","I","Value imputed by a receiving agency",""
"QCL","Crops and livestock products","566","Nigeria","5412","Yield","01317","Papayas","2020","2020","kg/ha","8904.6","E","Estimated value",""
"QCL","Crops and livestock products","566","Nigeria","5510","Production","01317","Papayas","2020","2020","t","852199.29","I","Value imputed by a receiving agency",""
"QCL","Crops and livestock products","566","Nigeria","5312","Area harvested","01317","Papayas","2021","2021","ha","95167","I","Value imputed by a receiving agency",""
"QCL","Crops and livestock products","566","Nigeria","5412","Yield","01317","Papayas","2021","2021","kg/ha","9141.7","E","Estimated value",""
"QCL","Crops and livestock products","566","Nigeria","5510","Production","01317","Papayas","2021","2021","t","869992.01","I","Value imputed by a receiving agency",""
"QCL","Crops and livestock products","566","Nigeria","5312","Area harvested","01317","Papayas","2022","2022","ha","95025","I","Value imputed by a receiving agency",""
"QCL","Crops and livestock products","566","Nigeria","5412","Yield","01317","Papayas","2022","2022","kg/ha","9203.7","E","Estimated value",""
"QCL","Crops and livestock products","566","Nigeria","5510","Production","01317","Papayas","2022","2022","t","874574.72","I","Value imputed by a receiving agency",""
"QCL","Crops and livestock products","566","Nigeria","5312","Area harvested","01317","Papayas","2023","2023","ha","95195","I","Value imputed by a receiving agency",""
"QCL","Crops and livestock products","566","Nigeria","5412","Yield","01317","Papayas","2023","2023","kg/ha","9250","E","Estimated value",""
"QCL","Crops and livestock products","566","Nigeria","5510","Production","01317","Papayas","2023","2023","t","880551.67","I","Value imputed by a receiving agency",""
"QCL","Crops and livestock products","566","Nigeria","5312","Area harvested","01317","Papayas","2024","2024","ha","95363","I","Value imputed by a receiving agency",""
"QCL","Crops and livestock products","566","Nigeria","5412","Yield","01317","Papayas","2024","2024","kg/ha","9296.3","E","Estimated value",""
"QCL","Crops and livestock products","566","Nigeria","5510","Production","01317","Papayas","2024","2024","t","886528.62","I","Value imputed by a receiving agency",""
"QCL","Crops and livestock products","566","Nigeria","5312","Area harvested","01318","Pineapples","2019","2019","ha","192564","I","Value imputed by a receiving agency",""
"QCL","Crops and livestock products","566","Nigeria","5412","Yield","01318","Pineapples","2019","2019","kg/ha","8277.1","E","Estimated value",""
"QCL","Crops and livestock products","566","Nigeria","5510","Production","01318","Pineapples","2019","2019","t","1593867.22","I","Value imputed by a receiving agency",""
"QCL","Crops and livestock products","566","Nigeria","5312","Area harvested","01318","Pineapples","2020","2020","ha","191826","I","Value imputed by a receiving agency",""
"QCL","Crops and livestock products","566","Nigeria","5412","Yield","01318","Pineapples","2020","2020","kg/ha","8287.7","E","Estimated value",""
"QCL","Crops and livestock products","566","Nigeria","5510","Production","01318","Pineapples","2020","2020","t","1589792.75","I","Value imputed by a receiving agency",""
"QCL","Crops and livestock products","566","Nigeria","5312","Area harvested","01318","Pineapples","2021","2021","ha","195699","I","Value imputed by a receiving agency",""
"QCL","Crops and livestock products","566","Nigeria","5412","Yield","01318","Pineapples","2021","2021","kg/ha","8307","E","Estimated value",""
"QCL","Crops and livestock products","566","Nigeria","5510","Production","01318","Pineapples","2021","2021","t","1625676.57","I","Value imputed by a receiving agency",""
"QCL","Crops and livestock products","566","Nigeria","5312","Area harvested","01318","Pineapples","2022","2022","ha","196170","I","Value imputed by a receiving agency",""
"QCL","Crops and livestock products","566","Nigeria","5412","Yield","01318","Pineapples","2022","2022","kg/ha","8172","E","Estimated value",""
"QCL","Crops and livestock products","566","Nigeria","5510","Production","01318","Pineapples","2022","2022","t","1603112.18","E","Estimated value",""
"QCL","Crops and livestock products","566","Nigeria","5312","Area harvested","01318","Pineapples","2023","2023","ha","197375","I","Value imputed by a receiving agency",""
"QCL","Crops and livestock products","566","Nigeria","5412","Yield","01318","Pineapples","2023","2023","kg/ha","8137.8","E","Estimated value",""
"QCL","Crops and livestock products","566","Nigeria","5510","Production","01318","Pineapples","2023","2023","t","1606193.83","E","Estimated value",""
"QCL","Crops and livestock products","566","Nigeria","5312","Area harvested","01318","Pineapples","2024","2024","ha","198573","I","Value imputed by a receiving agency",""
"QCL","Crops and livestock products","566","Nigeria","5412","Yield","01318","Pineapples","2024","2024","kg/ha","8116.2","E","Estimated value",""
"QCL","Crops and livestock products","566","Nigeria","5510","Production","01318","Pineapples","2024","2024","t","1611660.86","E","Estimated value",""
"QCL","Crops and livestock products","566","Nigeria","5312","Area harvested","01313","Plantains and cooking bananas","2019","2019","ha","","M","Missing value; data cannot exist",""
"QCL","Crops and livestock products","566","Nigeria","5510","Production","01313","Plantains and cooking bananas","2019","2019","t","","M","Missing value; data cannot exist",""
"QCL","Crops and livestock products","566","Nigeria","5312","Area harvested","01313","Plantains and cooking bananas","2020","2020","ha","","M","Missing value; data cannot exist",""
"QCL","Crops and livestock products","566","Nigeria","5510","Production","01313","Plantains and cooking bananas","2020","2020","t","","M","Missing value; data cannot exist",""
"QCL","Crops and livestock products","566","Nigeria","5312","Area harvested","01313","Plantains and cooking bananas","2021","2021","ha","","M","Missing value; data cannot exist",""
"QCL","Crops and livestock products","566","Nigeria","5510","Production","01313","Plantains and cooking bananas","2021","2021","t","","M","Missing value; data cannot exist",""
"QCL","Crops and livestock products","566","Nigeria","5312","Area harvested","01313","Plantains and cooking bananas","2022","2022","ha","","M","Missing value; data cannot exist",""
"QCL","Crops and livestock products","566","Nigeria","5510","Production","01313","Plantains and cooking bananas","2022","2022","t","","M","Missing value; data cannot exist",""
"QCL","Crops and livestock products","566","Nigeria","5312","Area harvested","01313","Plantains and cooking bananas","2023","2023","ha","","M","Missing value; data cannot exist",""
"QCL","Crops and livestock products","566","Nigeria","5510","Production","01313","Plantains and cooking bananas","2023","2023","t","","M","Missing value; data cannot exist",""
"QCL","Crops and livestock products","566","Nigeria","5312","Area harvested","01313","Plantains and cooking bananas","2024","2024","ha","","M","Missing value; data cannot exist",""
"QCL","Crops and livestock products","566","Nigeria","5510","Production","01313","Plantains and cooking bananas","2024","2024","t","","M","Missing value; data cannot exist",""
"QCL","Crops and livestock products","566","Nigeria","5312","Area harvested","01510","Potatoes","2019","2019","ha","321788","E","Estimated value",""
"QCL","Crops and livestock products","566","Nigeria","5412","Yield","01510","Potatoes","2019","2019","kg/ha","3763.2","E","Estimated value",""
"QCL","Crops and livestock products","566","Nigeria","5510","Production","01510","Potatoes","2019","2019","t","1210935.65","E","Estimated value",""
"QCL","Crops and livestock products","566","Nigeria","5312","Area harvested","01510","Potatoes","2020","2020","ha","331585","I","Value imputed by a receiving agency",""
"QCL","Crops and livestock products","566","Nigeria","5412","Yield","01510","Potatoes","2020","2020","kg/ha","3758.9","E","Estimated value",""
"QCL","Crops and livestock products","566","Nigeria","5510","Production","01510","Potatoes","2020","2020","t","1246389.93","I","Value imputed by a receiving agency",""
"QCL","Crops and livestock products","566","Nigeria","5312","Area harvested","01510","Potatoes","2021","2021","ha","326615","E","Estimated value",""
"QCL","Crops and livestock products","566","Nigeria","5412","Yield","01510","Potatoes","2021","2021","kg/ha","3751.2","E","Estimated value",""
"QCL","Crops and livestock products","566","Nigeria","5510","Production","01510","Potatoes","2021","2021","t","1225212.96","E","Estimated value",""
"QCL","Crops and livestock products","566","Nigeria","5312","Area harvested","01510","Potatoes","2022","2022","ha","326662","E","Estimated value",""
"QCL","Crops and livestock products","566","Nigeria","5412","Yield","01510","Potatoes","2022","2022","kg/ha","3757.7","E","Estimated value",""
"QCL","Crops and livestock products","566","Nigeria","5510","Production","01510","Potatoes","2022","2022","t","1227512.85","E","Estimated value",""
"QCL","Crops and livestock products","566","Nigeria","5312","Area harvested","01510","Potatoes","2023","2023","ha","328287","E","Estimated value",""
"QCL","Crops and livestock products","566","Nigeria","5412","Yield","01510","Potatoes","2023","2023","kg/ha","3756","E","Estimated value",""
"QCL","Crops and livestock products","566","Nigeria","5510","Production","01510","Potatoes","2023","2023","t","1233038.58","E","Estimated value",""
"QCL","Crops and livestock products","566","Nigeria","5312","Area harvested","01510","Potatoes","2024","2024","ha","327188","E","Estimated value",""
"QCL","Crops and livestock products","566","Nigeria","5412","Yield","01510","Potatoes","2024","2024","kg/ha","3755","E","Estimated value",""
"QCL","Crops and livestock products","566","Nigeria","5510","Production","01510","Potatoes","2024","2024","t","1228588.13","E","Estimated value",""
"QCL","Crops and livestock products","566","Nigeria","5112","Stocks","02191","Rabbits and hares","2019","2019","1000 An","5262","I","Value imputed by a receiving agency",""
"QCL","Crops and livestock products","566","Nigeria","5112","Stocks","02191","Rabbits and hares","2020","2020","1000 An","5461","A","Official value",""
"QCL","Crops and livestock products","566","Nigeria","5112","Stocks","02191","Rabbits and hares","2021","2021","1000 An","5680","A","Official value",""
"QCL","Crops and livestock products","566","Nigeria","5112","Stocks","02191","Rabbits and hares","2022","2022","1000 An","5893","I","Value imputed by a receiving agency",""
"QCL","Crops and livestock products","566","Nigeria","5112","Stocks","02191","Rabbits and hares","2023","2023","1000 An","5977","I","Value imputed by a receiving agency",""
"QCL","Crops and livestock products","566","Nigeria","5112","Stocks","02191","Rabbits and hares","2024","2024","1000 An","6136","I","Value imputed by a receiving agency",""
"QCL","Crops and livestock products","566","Nigeria","5510","Production","2351f","Raw cane or beet sugar (centrifugal only)","2019","2019","t","20900","X","Value from external organization","Unofficial figure"
"QCL","Crops and livestock products","566","Nigeria","5510","Production","2351f","Raw cane or beet sugar (centrifugal only)","2020","2020","t","17800","X","Value from external organization","Unofficial figure"
"QCL","Crops and livestock products","566","Nigeria","5510","Production","2351f","Raw cane or beet sugar (centrifugal only)","2021","2021","t","34150","X","Value from external organization","Unofficial figure"
"QCL","Crops and livestock products","566","Nigeria","5510","Production","2351f","Raw cane or beet sugar (centrifugal only)","2022","2022","t","20000","X","Value from external organization","Unofficial figure"
"QCL","Crops and livestock products","566","Nigeria","5510","Production","2351f","Raw cane or beet sugar (centrifugal only)","2023","2023","t","30053","X","Value from external organization","Unofficial figure"
"QCL","Crops and livestock products","566","Nigeria","5417","Yield/Carcass Weight","02951.01","Raw hides and skins of cattle","2019","2019","kg/An","12","E","Estimated value",""
"QCL","Crops and livestock products","566","Nigeria","5510","Production","02951.01","Raw hides and skins of cattle","2019","2019","t","39267.31","I","Value imputed by a receiving agency",""
"QCL","Crops and livestock products","566","Nigeria","5320","Producing Animals/Slaughtered","02951.01","Raw hides and skins of cattle","2019","2019","An","3194709","I","Value imputed by a receiving agency",""
"QCL","Crops and livestock products","566","Nigeria","5417","Yield/Carcass Weight","02951.01","Raw hides and skins of cattle","2020","2020","kg/An","12","E","Estimated value",""
"QCL","Crops and livestock products","566","Nigeria","5510","Production","02951.01","Raw hides and skins of cattle","2020","2020","t","39184.17","I","Value imputed by a receiving agency",""
"QCL","Crops and livestock products","566","Nigeria","5320","Producing Animals/Slaughtered","02951.01","Raw hides and skins of cattle","2020","2020","An","3209709","I","Value imputed by a receiving agency",""
"QCL","Crops and livestock products","566","Nigeria","5417","Yield/Carcass Weight","02951.01","Raw hides and skins of cattle","2021","2021","kg/An","12","E","Estimated value",""
"QCL","Crops and livestock products","566","Nigeria","5510","Production","02951.01","Raw hides and skins of cattle","2021","2021","t","39121.8","I","Value imputed by a receiving agency",""
"QCL","Crops and livestock products","566","Nigeria","5320","Producing Animals/Slaughtered","02951.01","Raw hides and skins of cattle","2021","2021","An","3248445","I","Value imputed by a receiving agency",""
"QCL","Crops and livestock products","566","Nigeria","5417","Yield/Carcass Weight","02951.01","Raw hides and skins of cattle","2022","2022","kg/An","12","E","Estimated value",""
"QCL","Crops and livestock products","566","Nigeria","5510","Production","02951.01","Raw hides and skins of cattle","2022","2022","t","38761.36","I","Value imputed by a receiving agency",""
"QCL","Crops and livestock products","566","Nigeria","5320","Producing Animals/Slaughtered","02951.01","Raw hides and skins of cattle","2022","2022","An","3274666","I","Value imputed by a receiving agency",""
"QCL","Crops and livestock products","566","Nigeria","5417","Yield/Carcass Weight","02951.01","Raw hides and skins of cattle","2023","2023","kg/An","12","E","Estimated value",""
"QCL","Crops and livestock products","566","Nigeria","5510","Production","02951.01","Raw hides and skins of cattle","2023","2023","t","38458.91","I","Value imputed by a receiving agency",""
"QCL","Crops and livestock products","566","Nigeria","5320","Producing Animals/Slaughtered","02951.01","Raw hides and skins of cattle","2023","2023","An","3290904","I","Value imputed by a receiving agency",""
"QCL","Crops and livestock products","566","Nigeria","5417","Yield/Carcass Weight","02951.01","Raw hides and skins of cattle","2024","2024","kg/An","12","E","Estimated value",""
"QCL","Crops and livestock products","566","Nigeria","5510","Production","02951.01","Raw hides and skins of cattle","2024","2024","t","38175.26","I","Value imputed by a receiving agency",""
"QCL","Crops and livestock products","566","Nigeria","5320","Producing Animals/Slaughtered","02951.01","Raw hides and skins of cattle","2024","2024","An","3309195","I","Value imputed by a receiving agency",""
"QCL","Crops and livestock products","566","Nigeria","5417","Yield/Carcass Weight","02954","Raw hides and skins of goats or kids","2019","2019","kg/An","2","E","Estimated value",""
"QCL","Crops and livestock products","566","Nigeria","5510","Production","02954","Raw hides and skins of goats or kids","2019","2019","t","45505.11","I","Value imputed by a receiving agency",""
"QCL","Crops and livestock products","566","Nigeria","5320","Producing Animals/Slaughtered","02954","Raw hides and skins of goats or kids","2019","2019","An","27332637","I","Value imputed by a receiving agency",""
"QCL","Crops and livestock products","566","Nigeria","5417","Yield/Carcass Weight","02954","Raw hides and skins of goats or kids","2020","2020","kg/An","2","E","Estimated value",""
"QCL","Crops and livestock products","566","Nigeria","5510","Production","02954","Raw hides and skins of goats or kids","2020","2020","t","45398.7","I","Value imputed by a receiving agency",""
"QCL","Crops and livestock products","566","Nigeria","5320","Producing Animals/Slaughtered","02954","Raw hides and skins of goats or kids","2020","2020","An","27502538","I","Value imputed by a receiving agency",""
"QCL","Crops and livestock products","566","Nigeria","5417","Yield/Carcass Weight","02954","Raw hides and skins of goats or kids","2021","2021","kg/An","2","E","Estimated value",""
"QCL","Crops and livestock products","566","Nigeria","5510","Production","02954","Raw hides and skins of goats or kids","2021","2021","t","45887.12","I","Value imputed by a receiving agency",""
"QCL","Crops and livestock products","566","Nigeria","5320","Producing Animals/Slaughtered","02954","Raw hides and skins of goats or kids","2021","2021","An","27888119","I","Value imputed by a receiving agency",""
"QCL","Crops and livestock products","566","Nigeria","5417","Yield/Carcass Weight","02954","Raw hides and skins of goats or kids","2022","2022","kg/An","2","E","Estimated value",""
"QCL","Crops and livestock products","566","Nigeria","5510","Production","02954","Raw hides and skins of goats or kids","2022","2022","t","46413.81","I","Value imputed by a receiving agency",""
"QCL","Crops and livestock products","566","Nigeria","5320","Producing Animals/Slaughtered","02954","Raw hides and skins of goats or kids","2022","2022","An","28195526","I","Value imputed by a receiving agency",""
"QCL","Crops and livestock products","566","Nigeria","5417","Yield/Carcass Weight","02954","Raw hides and skins of goats or kids","2023","2023","kg/An","2","E","Estimated value",""
"QCL","Crops and livestock products","566","Nigeria","5510","Production","02954","Raw hides and skins of goats or kids","2023","2023","t","46623.29","I","Value imputed by a receiving agency",""
"QCL","Crops and livestock products","566","Nigeria","5320","Producing Animals/Slaughtered","02954","Raw hides and skins of goats or kids","2023","2023","An","28359786","I","Value imputed by a receiving agency",""
"QCL","Crops and livestock products","566","Nigeria","5417","Yield/Carcass Weight","02954","Raw hides and skins of goats or kids","2024","2024","kg/An","2","E","Estimated value",""
"QCL","Crops and livestock products","566","Nigeria","5510","Production","02954","Raw hides and skins of goats or kids","2024","2024","t","46784.92","I","Value imputed by a receiving agency",""
"QCL","Crops and livestock products","566","Nigeria","5320","Producing Animals/Slaughtered","02954","Raw hides and skins of goats or kids","2024","2024","An","28495333","I","Value imputed by a receiving agency",""
"QCL","Crops and livestock products","566","Nigeria","5417","Yield/Carcass Weight","02953","Raw hides and skins of sheep or lambs","2019","2019","kg/An","1","E","Estimated value",""
"QCL","Crops and livestock products","566","Nigeria","5510","Production","02953","Raw hides and skins of sheep or lambs","2019","2019","t","28137.22","I","Value imputed by a receiving agency",""
"QCL","Crops and livestock products","566","Nigeria","5320","Producing Animals/Slaughtered","02953","Raw hides and skins of sheep or lambs","2019","2019","An","19099553","I","Value imputed by a receiving agency",""
"QCL","Crops and livestock products","566","Nigeria","5417","Yield/Carcass Weight","02953","Raw hides and skins of sheep or lambs","2020","2020","kg/An","1","E","Estimated value",""
"QCL","Crops and livestock products","566","Nigeria","5510","Production","02953","Raw hides and skins of sheep or lambs","2020","2020","t","28092.04","I","Value imputed by a receiving agency",""
"QCL","Crops and livestock products","566","Nigeria","5320","Producing Animals/Slaughtered","02953","Raw hides and skins of sheep or lambs","2020","2020","An","19419135","I","Value imputed by a receiving agency",""
"QCL","Crops and livestock products","566","Nigeria","5417","Yield/Carcass Weight","02953","Raw hides and skins of sheep or lambs","2021","2021","kg/An","1","E","Estimated value",""
"QCL","Crops and livestock products","566","Nigeria","5510","Production","02953","Raw hides and skins of sheep or lambs","2021","2021","t","29050.12","I","Value imputed by a receiving agency",""
"QCL","Crops and livestock products","566","Nigeria","5320","Producing Animals/Slaughtered","02953","Raw hides and skins of sheep or lambs","2021","2021","An","19949974","I","Value imputed by a receiving agency",""
"QCL","Crops and livestock products","566","Nigeria","5417","Yield/Carcass Weight","02953","Raw hides and skins of sheep or lambs","2022","2022","kg/An","1","E","Estimated value",""
"QCL","Crops and livestock products","566","Nigeria","5510","Production","02953","Raw hides and skins of sheep or lambs","2022","2022","t","29272.11","I","Value imputed by a receiving agency",""
"QCL","Crops and livestock products","566","Nigeria","5320","Producing Animals/Slaughtered","02953","Raw hides and skins of sheep or lambs","2022","2022","An","20475867","I","Value imputed by a receiving agency",""
"QCL","Crops and livestock products","566","Nigeria","5417","Yield/Carcass Weight","02953","Raw hides and skins of sheep or lambs","2023","2023","kg/An","1","E","Estimated value",""
"QCL","Crops and livestock products","566","Nigeria","5510","Production","02953","Raw hides and skins of sheep or lambs","2023","2023","t","29449.8","I","Value imputed by a receiving agency",""
"QCL","Crops and livestock products","566","Nigeria","5320","Producing Animals/Slaughtered","02953","Raw hides and skins of sheep or lambs","2023","2023","An","20893106","I","Value imputed by a receiving agency",""
"QCL","Crops and livestock products","566","Nigeria","5417","Yield/Carcass Weight","02953","Raw hides and skins of sheep or lambs","2024","2024","kg/An","2","E","Estimated value",""
"QCL","Crops and livestock products","566","Nigeria","5510","Production","02953","Raw hides and skins of sheep or lambs","2024","2024","t","29620.72","I","Value imputed by a receiving agency",""
"QCL","Crops and livestock products","566","Nigeria","5320","Producing Animals/Slaughtered","02953","Raw hides and skins of sheep or lambs","2024","2024","An","19686361","E","Estimated value",""
"QCL","Crops and livestock products","566","Nigeria","5417","Yield/Carcass Weight","02211","Raw milk of cattle","2019","2019","kg/An","237","E","Estimated value",""
"QCL","Crops and livestock products","566","Nigeria","5510","Production","02211","Raw milk of cattle","2019","2019","t","517077.11","I","Value imputed by a receiving agency",""
"QCL","Crops and livestock products","566","Nigeria","5318","Milk Animals","02211","Raw milk of cattle","2019","2019","An","2181347","I","Value imputed by a receiving agency",""
"QCL","Crops and livestock products","566","Nigeria","5417","Yield/Carcass Weight","02211","Raw milk of cattle","2020","2020","kg/An","236","E","Estimated value",""
"QCL","Crops and livestock products","566","Nigeria","5510","Production","02211","Raw milk of cattle","2020","2020","t","519811.34","I","Value imputed by a receiving agency",""
"QCL","Crops and livestock products","566","Nigeria","5318","Milk Animals","02211","Raw milk of cattle","2020","2020","An","2198659","I","Value imputed by a receiving agency",""
"QCL","Crops and livestock products","566","Nigeria","5417","Yield/Carcass Weight","02211","Raw milk of cattle","2021","2021","kg/An","236","E","Estimated value",""
"QCL","Crops and livestock products","566","Nigeria","5510","Production","02211","Raw milk of cattle","2021","2021","t","523324.41","I","Value imputed by a receiving agency",""
"QCL","Crops and livestock products","566","Nigeria","5318","Milk Animals","02211","Raw milk of cattle","2021","2021","An","2215191","I","Value imputed by a receiving agency",""
"QCL","Crops and livestock products","566","Nigeria","5417","Yield/Carcass Weight","02211","Raw milk of cattle","2022","2022","kg/An","236","E","Estimated value",""
"QCL","Crops and livestock products","566","Nigeria","5510","Production","02211","Raw milk of cattle","2022","2022","t","525458","I","Value imputed by a receiving agency",""
"QCL","Crops and livestock products","566","Nigeria","5318","Milk Animals","02211","Raw milk of cattle","2022","2022","An","2224791","I","Value imputed by a receiving agency",""
"QCL","Crops and livestock products","566","Nigeria","5417","Yield/Carcass Weight","02211","Raw milk of cattle","2023","2023","kg/An","236","E","Estimated value",""
"QCL","Crops and livestock products","566","Nigeria","5510","Production","02211","Raw milk of cattle","2023","2023","t","526502.2","I","Value imputed by a receiving agency",""
"QCL","Crops and livestock products","566","Nigeria","5318","Milk Animals","02211","Raw milk of cattle","2023","2023","An","2228913","I","Value imputed by a receiving agency",""
"QCL","Crops and livestock products","566","Nigeria","5417","Yield/Carcass Weight","02211","Raw milk of cattle","2024","2024","kg/An","236","E","Estimated value",""
"QCL","Crops and livestock products","566","Nigeria","5510","Production","02211","Raw milk of cattle","2024","2024","t","527765.07","I","Value imputed by a receiving agency",""
"QCL","Crops and livestock products","566","Nigeria","5318","Milk Animals","02211","Raw milk of cattle","2024","2024","An","2234131","I","Value imputed by a receiving agency",""
"QCL","Crops and livestock products","566","Nigeria","5312","Area harvested","0113","Rice","2019","2019","ha","4126670","A","Official value",""
"QCL","Crops and livestock products","566","Nigeria","5412","Yield","0113","Rice","2019","2019","kg/ha","2044.1","A","Official value",""
"QCL","Crops and livestock products","566","Nigeria","5510","Production","0113","Rice","2019","2019","t","8435510","A","Official value",""
"QCL","Crops and livestock products","566","Nigeria","5312","Area harvested","0113","Rice","2020","2020","ha","4195100","A","Official value",""
"QCL","Crops and livestock products","566","Nigeria","5412","Yield","0113","Rice","2020","2020","kg/ha","1947.9","A","Official value",""
"QCL","Crops and livestock products","566","Nigeria","5510","Production","0113","Rice","2020","2020","t","8171800","A","Official value",""
"QCL","Crops and livestock products","566","Nigeria","5312","Area harvested","0113","Rice","2021","2021","ha","4320100","A","Official value",""
"QCL","Crops and livestock products","566","Nigeria","5412","Yield","0113","Rice","2021","2021","kg/ha","1931","A","Official value",""
"QCL","Crops and livestock products","566","Nigeria","5510","Production","0113","Rice","2021","2021","t","8342000","A","Official value",""
"QCL","Crops and livestock products","566","Nigeria","5312","Area harvested","0113","Rice","2022","2022","ha","4580000","A","Official value",""
"QCL","Crops and livestock products","566","Nigeria","5412","Yield","0113","Rice","2022","2022","kg/ha","1856.3","A","Official value",""
"QCL","Crops and livestock products","566","Nigeria","5510","Production","0113","Rice","2022","2022","t","8502000","A","Official value",""
"QCL","Crops and livestock products","566","Nigeria","5312","Area harvested","0113","Rice","2023","2023","ha","4509800","A","Official value",""
"QCL","Crops and livestock products","566","Nigeria","5412","Yield","0113","Rice","2023","2023","kg/ha","1974","A","Official value",""
"QCL","Crops and livestock products","566","Nigeria","5510","Production","0113","Rice","2023","2023","t","8902200","A","Official value",""
"QCL","Crops and livestock products","566","Nigeria","5312","Area harvested","0113","Rice","2024","2024","ha","4572900","A","Official value",""
"QCL","Crops and livestock products","566","Nigeria","5412","Yield","0113","Rice","2024","2024","kg/ha","1996.5","A","Official value",""
"QCL","Crops and livestock products","566","Nigeria","5510","Production","0113","Rice","2024","2024","t","9129900","A","Official value",""
"QCL","Crops and livestock products","566","Nigeria","5312","Area harvested","01921.01","Seed cotton, unginned","2019","2019","ha","234245","E","Estimated value",""
"QCL","Crops and livestock products","566","Nigeria","5412","Yield","01921.01","Seed cotton, unginned","2019","2019","kg/ha","469.6","E","Estimated value",""
"QCL","Crops and livestock products","566","Nigeria","5510","Production","01921.01","Seed cotton, unginned","2019","2019","t","110000","E","Estimated value",""
"QCL","Crops and livestock products","566","Nigeria","5312","Area harvested","01921.01","Seed cotton, unginned","2020","2020","ha","510370","A","Official value",""
"QCL","Crops and livestock products","566","Nigeria","5412","Yield","01921.01","Seed cotton, unginned","2020","2020","kg/ha","464.1","A","Official value",""
"QCL","Crops and livestock products","566","Nigeria","5510","Production","01921.01","Seed cotton, unginned","2020","2020","t","236840","A","Official value",""
"QCL","Crops and livestock products","566","Nigeria","5312","Area harvested","01921.01","Seed cotton, unginned","2021","2021","ha","510890","A","Official value",""
"QCL","Crops and livestock products","566","Nigeria","5412","Yield","01921.01","Seed cotton, unginned","2021","2021","kg/ha","475.1","A","Official value",""
"QCL","Crops and livestock products","566","Nigeria","5510","Production","01921.01","Seed cotton, unginned","2021","2021","t","242740","A","Official value",""
"QCL","Crops and livestock products","566","Nigeria","5312","Area harvested","01921.01","Seed cotton, unginned","2022","2022","ha","502514","I","Value imputed by a receiving agency",""
"QCL","Crops and livestock products","566","Nigeria","5412","Yield","01921.01","Seed cotton, unginned","2022","2022","kg/ha","497.5","E","Estimated value",""
"QCL","Crops and livestock products","566","Nigeria","5510","Production","01921.01","Seed cotton, unginned","2022","2022","t","250000","E","Estimated value",""
"QCL","Crops and livestock products","566","Nigeria","5312","Area harvested","01921.01","Seed cotton, unginned","2023","2023","ha","532691","I","Value imputed by a receiving agency",""
"QCL","Crops and livestock products","566","Nigeria","5412","Yield","01921.01","Seed cotton, unginned","2023","2023","kg/ha","431.8","E","Estimated value",""
"QCL","Crops and livestock products","566","Nigeria","5510","Production","01921.01","Seed cotton, unginned","2023","2023","t","230000","E","Estimated value",""
"QCL","Crops and livestock products","566","Nigeria","5312","Area harvested","01921.01","Seed cotton, unginned","2024","2024","ha","588813","I","Value imputed by a receiving agency",""
"QCL","Crops and livestock products","566","Nigeria","5412","Yield","01921.01","Seed cotton, unginned","2024","2024","kg/ha","378.7","E","Estimated value",""
"QCL","Crops and livestock products","566","Nigeria","5510","Production","01921.01","Seed cotton, unginned","2024","2024","t","223000","X","Value from external organization","Unofficial figure"
"QCL","Crops and livestock products","566","Nigeria","5312","Area harvested","01444","Sesame seed","2019","2019","ha","782590","A","Official value",""
"QCL","Crops and livestock products","566","Nigeria","5412","Yield","01444","Sesame seed","2019","2019","kg/ha","668.8","A","Official value",""
"QCL","Crops and livestock products","566","Nigeria","5510","Production","01444","Sesame seed","2019","2019","t","523430","A","Official value",""
"QCL","Crops and livestock products","566","Nigeria","5312","Area harvested","01444","Sesame seed","2020","2020","ha","351413","A","Official value",""
"QCL","Crops and livestock products","566","Nigeria","5412","Yield","01444","Sesame seed","2020","2020","kg/ha","556.1","A","Official value",""
"QCL","Crops and livestock products","566","Nigeria","5510","Production","01444","Sesame seed","2020","2020","t","195426.98","A","Official value",""
"QCL","Crops and livestock products","566","Nigeria","5312","Area harvested","01444","Sesame seed","2021","2021","ha","506666","I","Value imputed by a receiving agency",""
"QCL","Crops and livestock products","566","Nigeria","5412","Yield","01444","Sesame seed","2021","2021","kg/ha","868.4","E","Estimated value",""
"QCL","Crops and livestock products","566","Nigeria","5510","Production","01444","Sesame seed","2021","2021","t","440000","X","Value from external organization","Unofficial figure"
"QCL","Crops and livestock products","566","Nigeria","5312","Area harvested","01444","Sesame seed","2022","2022","ha","340000","X","Value from external organization","Unofficial figure"
"QCL","Crops and livestock products","566","Nigeria","5412","Yield","01444","Sesame seed","2022","2022","kg/ha","1235.3","X","Value from external organization",""
"QCL","Crops and livestock products","566","Nigeria","5510","Production","01444","Sesame seed","2022","2022","t","420000","X","Value from external organization","Unofficial figure"
"QCL","Crops and livestock products","566","Nigeria","5312","Area harvested","01444","Sesame seed","2023","2023","ha","350000","X","Value from external organization","Unofficial figure"
"QCL","Crops and livestock products","566","Nigeria","5412","Yield","01444","Sesame seed","2023","2023","kg/ha","1285.7","X","Value from external organization",""
"QCL","Crops and livestock products","566","Nigeria","5510","Production","01444","Sesame seed","2023","2023","t","450000","X","Value from external organization","Unofficial figure"
"QCL","Crops and livestock products","566","Nigeria","5312","Area harvested","01444","Sesame seed","2024","2024","ha","350000","X","Value from external organization","Unofficial figure"
"QCL","Crops and livestock products","566","Nigeria","5412","Yield","01444","Sesame seed","2024","2024","kg/ha","1285.7","X","Value from external organization",""
"QCL","Crops and livestock products","566","Nigeria","5510","Production","01444","Sesame seed","2024","2024","t","450000","X","Value from external organization","Unofficial figure"
"QCL","Crops and livestock products","566","Nigeria","5111","Stocks","02122","Sheep","2019","2019","An","46767182","I","Value imputed by a receiving agency",""
"QCL","Crops and livestock products","566","Nigeria","5111","Stocks","02122","Sheep","2020","2020","An","47926393","A","Official value",""
"QCL","Crops and livestock products","566","Nigeria","5111","Stocks","02122","Sheep","2021","2021","An","49124553","A","Official value",""
"QCL","Crops and livestock products","566","Nigeria","5111","Stocks","02122","Sheep","2022","2022","An","50305129","I","Value imputed by a receiving agency",""
"QCL","Crops and livestock products","566","Nigeria","5111","Stocks","02122","Sheep","2023","2023","An","51214020","I","Value imputed by a receiving agency",""
"QCL","Crops and livestock products","566","Nigeria","5111","Stocks","02122","Sheep","2024","2024","An","52136324","I","Value imputed by a receiving agency",""
"QCL","Crops and livestock products","566","Nigeria","5510","Production","21514","Sheep fat, unrendered","2019","2019","t","4328.8","I","Value imputed by a receiving agency",""
"QCL","Crops and livestock products","566","Nigeria","5320","Producing Animals/Slaughtered","21514","Sheep fat, unrendered","2019","2019","An","19099553","I","Value imputed by a receiving agency",""
"QCL","Crops and livestock products","566","Nigeria","5510","Production","21514","Sheep fat, unrendered","2020","2020","t","4321.85","I","Value imputed by a receiving agency",""
"QCL","Crops and livestock products","566","Nigeria","5320","Producing Animals/Slaughtered","21514","Sheep fat, unrendered","2020","2020","An","19419135","I","Value imputed by a receiving agency",""
"QCL","Crops and livestock products","566","Nigeria","5510","Production","21514","Sheep fat, unrendered","2021","2021","t","4469.25","I","Value imputed by a receiving agency",""
"QCL","Crops and livestock products","566","Nigeria","5320","Producing Animals/Slaughtered","21514","Sheep fat, unrendered","2021","2021","An","19949974","I","Value imputed by a receiving agency",""
"QCL","Crops and livestock products","566","Nigeria","5510","Production","21514","Sheep fat, unrendered","2022","2022","t","4503.4","I","Value imputed by a receiving agency",""
"QCL","Crops and livestock products","566","Nigeria","5320","Producing Animals/Slaughtered","21514","Sheep fat, unrendered","2022","2022","An","20475867","I","Value imputed by a receiving agency",""
"QCL","Crops and livestock products","566","Nigeria","5510","Production","21514","Sheep fat, unrendered","2023","2023","t","4530.74","I","Value imputed by a receiving agency",""
"QCL","Crops and livestock products","566","Nigeria","5320","Producing Animals/Slaughtered","21514","Sheep fat, unrendered","2023","2023","An","20893106","I","Value imputed by a receiving agency",""
"QCL","Crops and livestock products","566","Nigeria","5510","Production","21514","Sheep fat, unrendered","2024","2024","t","4557.03","I","Value imputed by a receiving agency",""
"QCL","Crops and livestock products","566","Nigeria","5320","Producing Animals/Slaughtered","21514","Sheep fat, unrendered","2024","2024","An","19686361","E","Estimated value",""
"QCL","Crops and livestock products","566","Nigeria","5510","Production","22110.02","Skim milk of cows","2019","2019","t","219013.35","I","Value imputed by a receiving agency",""
"QCL","Crops and livestock products","566","Nigeria","5510","Production","22110.02","Skim milk of cows","2020","2020","t","221961.42","I","Value imputed by a receiving agency",""
"QCL","Crops and livestock products","566","Nigeria","5510","Production","22110.02","Skim milk of cows","2021","2021","t","220549.14","I","Value imputed by a receiving agency",""
"QCL","Crops and livestock products","566","Nigeria","5510","Production","22110.02","Skim milk of cows","2022","2022","t","221542.84","I","Value imputed by a receiving agency",""
"QCL","Crops and livestock products","566","Nigeria","5510","Production","22110.02","Skim milk of cows","2023","2023","t","222070.18","I","Value imputed by a receiving agency",""
"QCL","Crops and livestock products","566","Nigeria","5312","Area harvested","0114","Sorghum","2019","2019","ha","5397000","X","Value from external organization","Unofficial figure"
"QCL","Crops and livestock products","566","Nigeria","5412","Yield","0114","Sorghum","2019","2019","kg/ha","1234.9","X","Value from external organization",""
"QCL","Crops and livestock products","566","Nigeria","5510","Production","0114","Sorghum","2019","2019","t","6665000","X","Value from external organization","Unofficial figure"
"QCL","Crops and livestock products","566","Nigeria","5312","Area harvested","0114","Sorghum","2020","2020","ha","5799600","A","Official value",""
"QCL","Crops and livestock products","566","Nigeria","5412","Yield","0114","Sorghum","2020","2020","kg/ha","1136.4","A","Official value",""
"QCL","Crops and livestock products","566","Nigeria","5510","Production","0114","Sorghum","2020","2020","t","6590600","A","Official value",""
"QCL","Crops and livestock products","566","Nigeria","5312","Area harvested","0114","Sorghum","2021","2021","ha","5930900","A","Official value",""
"QCL","Crops and livestock products","566","Nigeria","5412","Yield","0114","Sorghum","2021","2021","kg/ha","1134","A","Official value",""
"QCL","Crops and livestock products","566","Nigeria","5510","Production","0114","Sorghum","2021","2021","t","6725500","A","Official value",""
"QCL","Crops and livestock products","566","Nigeria","5312","Area harvested","0114","Sorghum","2022","2022","ha","5700000","X","Value from external organization","Unofficial figure"
"QCL","Crops and livestock products","566","Nigeria","5412","Yield","0114","Sorghum","2022","2022","kg/ha","1194.1","X","Value from external organization",""
"QCL","Crops and livestock products","566","Nigeria","5510","Production","0114","Sorghum","2022","2022","t","6806370","X","Value from external organization","Unofficial figure"
"QCL","Crops and livestock products","566","Nigeria","5312","Area harvested","0114","Sorghum","2023","2023","ha","5700000","X","Value from external organization","Unofficial figure"
"QCL","Crops and livestock products","566","Nigeria","5412","Yield","0114","Sorghum","2023","2023","kg/ha","1123.2","X","Value from external organization",""
"QCL","Crops and livestock products","566","Nigeria","5510","Production","0114","Sorghum","2023","2023","t","6402000","X","Value from external organization","Unofficial figure"
"QCL","Crops and livestock products","566","Nigeria","5312","Area harvested","0114","Sorghum","2024","2024","ha","6100000","X","Value from external organization","Unofficial figure"
"QCL","Crops and livestock products","566","Nigeria","5412","Yield","0114","Sorghum","2024","2024","kg/ha","1065.6","X","Value from external organization",""
"QCL","Crops and livestock products","566","Nigeria","5510","Production","0114","Sorghum","2024","2024","t","6500000","X","Value from external organization","Unofficial figure"
"QCL","Crops and livestock products","566","Nigeria","5510","Production","2161","Soya bean oil","2019","2019","t","124500","X","Value from external organization","Unofficial figure"
"QCL","Crops and livestock products","566","Nigeria","5510","Production","2161","Soya bean oil","2020","2020","t","113500","X","Value from external organization","Unofficial figure"
"QCL","Crops and livestock products","566","Nigeria","5510","Production","2161","Soya bean oil","2021","2021","t","132300","X","Value from external organization","Unofficial figure"
"QCL","Crops and livestock products","566","Nigeria","5510","Production","2161","Soya bean oil","2022","2022","t","133600","X","Value from external organization","Unofficial figure"
"QCL","Crops and livestock products","566","Nigeria","5510","Production","2161","Soya bean oil","2023","2023","t","140500","X","Value from external organization","Unofficial figure"
"QCL","Crops and livestock products","566","Nigeria","5312","Area harvested","0141","Soya beans","2019","2019","ha","1148050","A","Official value",""
"QCL","Crops and livestock products","566","Nigeria","5412","Yield","0141","Soya beans","2019","2019","kg/ha","913.3","A","Official value",""
"QCL","Crops and livestock products","566","Nigeria","5510","Production","0141","Soya beans","2019","2019","t","1048510","A","Official value",""
"QCL","Crops and livestock products","566","Nigeria","5312","Area harvested","0141","Soya beans","2020","2020","ha","1207740","A","Official value",""
"QCL","Crops and livestock products","566","Nigeria","5412","Yield","0141","Soya beans","2020","2020","kg/ha","1045.2","A","Official value",""
"QCL","Crops and livestock products","566","Nigeria","5510","Production","0141","Soya beans","2020","2020","t","1262280","A","Official value",""
"QCL","Crops and livestock products","566","Nigeria","5312","Area harvested","0141","Soya beans","2021","2021","ha","1105950","A","Official value",""
"QCL","Crops and livestock products","566","Nigeria","5412","Yield","0141","Soya beans","2021","2021","kg/ha","1054.3","A","Official value",""
"QCL","Crops and livestock products","566","Nigeria","5510","Production","0141","Soya beans","2021","2021","t","1166050","A","Official value",""
"QCL","Crops and livestock products","566","Nigeria","5312","Area harvested","0141","Soya beans","2022","2022","ha","1150000","X","Value from external organization","Unofficial figure"
"QCL","Crops and livestock products","566","Nigeria","5412","Yield","0141","Soya beans","2022","2022","kg/ha","1147.8","X","Value from external organization",""
"QCL","Crops and livestock products","566","Nigeria","5510","Production","0141","Soya beans","2022","2022","t","1320000","X","Value from external organization","Unofficial figure"
"QCL","Crops and livestock products","566","Nigeria","5312","Area harvested","0141","Soya beans","2023","2023","ha","1250000","X","Value from external organization","Unofficial figure"
"QCL","Crops and livestock products","566","Nigeria","5412","Yield","0141","Soya beans","2023","2023","kg/ha","1200","X","Value from external organization",""
"QCL","Crops and livestock products","566","Nigeria","5510","Production","0141","Soya beans","2023","2023","t","1500000","X","Value from external organization","Unofficial figure"
"QCL","Crops and livestock products","566","Nigeria","5312","Area harvested","0141","Soya beans","2024","2024","ha","1130000","X","Value from external organization","Unofficial figure"
"QCL","Crops and livestock products","566","Nigeria","5412","Yield","0141","Soya beans","2024","2024","kg/ha","1017.7","X","Value from external organization",""
"QCL","Crops and livestock products","566","Nigeria","5510","Production","0141","Soya beans","2024","2024","t","1150000","X","Value from external organization","Unofficial figure"
"QCL","Crops and livestock products","566","Nigeria","5312","Area harvested","01802","Sugar cane","2019","2019","ha","86403","E","Estimated value",""
"QCL","Crops and livestock products","566","Nigeria","5412","Yield","01802","Sugar cane","2019","2019","kg/ha","17401.9","E","Estimated value",""
"QCL","Crops and livestock products","566","Nigeria","5510","Production","01802","Sugar cane","2019","2019","t","1503575.52","I","Value imputed by a receiving agency",""
"QCL","Crops and livestock products","566","Nigeria","5312","Area harvested","01802","Sugar cane","2020","2020","ha","90163","I","Value imputed by a receiving agency",""
"QCL","Crops and livestock products","566","Nigeria","5412","Yield","01802","Sugar cane","2020","2020","kg/ha","16831.7","E","Estimated value",""
"QCL","Crops and livestock products","566","Nigeria","5510","Production","01802","Sugar cane","2020","2020","t","1517600.38","I","Value imputed by a receiving agency",""
"QCL","Crops and livestock products","566","Nigeria","5312","Area harvested","01802","Sugar cane","2021","2021","ha","88327","E","Estimated value",""
"QCL","Crops and livestock products","566","Nigeria","5412","Yield","01802","Sugar cane","2021","2021","kg/ha","17059.5","E","Estimated value",""
"QCL","Crops and livestock products","566","Nigeria","5510","Production","01802","Sugar cane","2021","2021","t","1506817.17","E","Estimated value",""
"QCL","Crops and livestock products","566","Nigeria","5312","Area harvested","01802","Sugar cane","2022","2022","ha","88298","E","Estimated value",""
"QCL","Crops and livestock products","566","Nigeria","5412","Yield","01802","Sugar cane","2022","2022","kg/ha","17093.6","E","Estimated value",""
"QCL","Crops and livestock products","566","Nigeria","5510","Production","01802","Sugar cane","2022","2022","t","1509331.02","E","Estimated value",""
"QCL","Crops and livestock products","566","Nigeria","5312","Area harvested","01802","Sugar cane","2023","2023","ha","88929","E","Estimated value",""
"QCL","Crops and livestock products","566","Nigeria","5412","Yield","01802","Sugar cane","2023","2023","kg/ha","16993.8","E","Estimated value",""
"QCL","Crops and livestock products","566","Nigeria","5510","Production","01802","Sugar cane","2023","2023","t","1511249.52","E","Estimated value",""
"QCL","Crops and livestock products","566","Nigeria","5312","Area harvested","01802","Sugar cane","2024","2024","ha","88518","E","Estimated value",""
"QCL","Crops and livestock products","566","Nigeria","5412","Yield","01802","Sugar cane","2024","2024","kg/ha","17048.9","E","Estimated value",""
"QCL","Crops and livestock products","566","Nigeria","5510","Production","01802","Sugar cane","2024","2024","t","1509132.57","E","Estimated value",""
"QCL","Crops and livestock products","566","Nigeria","5312","Area harvested","01530","Sweet potatoes","2019","2019","ha","1503891","E","Estimated value",""
"QCL","Crops and livestock products","566","Nigeria","5412","Yield","01530","Sweet potatoes","2019","2019","kg/ha","2755","E","Estimated value",""
"QCL","Crops and livestock products","566","Nigeria","5510","Production","01530","Sweet potatoes","2019","2019","t","4143207.09","I","Value imputed by a receiving agency",""
"QCL","Crops and livestock products","566","Nigeria","5312","Area harvested","01530","Sweet potatoes","2020","2020","ha","1511243","E","Estimated value",""
"QCL","Crops and livestock products","566","Nigeria","5412","Yield","01530","Sweet potatoes","2020","2020","kg/ha","2689.4","E","Estimated value",""
"QCL","Crops and livestock products","566","Nigeria","5510","Production","01530","Sweet potatoes","2020","2020","t","4064354.1","E","Estimated value",""
"QCL","Crops and livestock products","566","Nigeria","5312","Area harvested","01530","Sweet potatoes","2021","2021","ha","1510408","E","Estimated value",""
"QCL","Crops and livestock products","566","Nigeria","5412","Yield","01530","Sweet potatoes","2021","2021","kg/ha","2707.9","E","Estimated value",""
"QCL","Crops and livestock products","566","Nigeria","5510","Production","01530","Sweet potatoes","2021","2021","t","4090009.19","E","Estimated value",""
"QCL","Crops and livestock products","566","Nigeria","5312","Area harvested","01530","Sweet potatoes","2022","2022","ha","1508514","E","Estimated value",""
"QCL","Crops and livestock products","566","Nigeria","5412","Yield","01530","Sweet potatoes","2022","2022","kg/ha","2717.4","E","Estimated value",""
"QCL","Crops and livestock products","566","Nigeria","5510","Production","01530","Sweet potatoes","2022","2022","t","4099190.13","E","Estimated value",""
"QCL","Crops and livestock products","566","Nigeria","5312","Area harvested","01530","Sweet potatoes","2023","2023","ha","1510055","E","Estimated value",""
"QCL","Crops and livestock products","566","Nigeria","5412","Yield","01530","Sweet potatoes","2023","2023","kg/ha","2704.9","E","Estimated value",""
"QCL","Crops and livestock products","566","Nigeria","5510","Production","01530","Sweet potatoes","2023","2023","t","4084517.8","E","Estimated value",""
"QCL","Crops and livestock products","566","Nigeria","5312","Area harvested","01530","Sweet potatoes","2024","2024","ha","1509659","E","Estimated value",""
"QCL","Crops and livestock products","566","Nigeria","5412","Yield","01530","Sweet potatoes","2024","2024","kg/ha","2710","E","Estimated value",""
"QCL","Crops and livestock products","566","Nigeria","5510","Production","01530","Sweet potatoes","2024","2024","t","4091239.04","E","Estimated value",""
"QCL","Crops and livestock products","566","Nigeria","5111","Stocks","02140","Swine / pigs","2019","2019","An","8562529","I","Value imputed by a receiving agency",""
"QCL","Crops and livestock products","566","Nigeria","5111","Stocks","02140","Swine / pigs","2020","2020","An","8941888","A","Official value",""
"QCL","Crops and livestock products","566","Nigeria","5111","Stocks","02140","Swine / pigs","2021","2021","An","9299563","A","Official value",""
"QCL","Crops and livestock products","566","Nigeria","5111","Stocks","02140","Swine / pigs","2022","2022","An","9515952","I","Value imputed by a receiving agency",""
"QCL","Crops and livestock products","566","Nigeria","5111","Stocks","02140","Swine / pigs","2023","2023","An","9717469","I","Value imputed by a receiving agency",""
"QCL","Crops and livestock products","566","Nigeria","5111","Stocks","02140","Swine / pigs","2024","2024","An","9958091","I","Value imputed by a receiving agency",""
"QCL","Crops and livestock products","566","Nigeria","5312","Area harvested","01550","Taro","2019","2019","ha","1223180","A","Official value",""
"QCL","Crops and livestock products","566","Nigeria","5412","Yield","01550","Taro","2019","2019","kg/ha","6458.6","A","Official value",""
"QCL","Crops and livestock products","566","Nigeria","5510","Production","01550","Taro","2019","2019","t","7900080","A","Official value",""
"QCL","Crops and livestock products","566","Nigeria","5312","Area harvested","01550","Taro","2020","2020","ha","1332030","A","Official value",""
"QCL","Crops and livestock products","566","Nigeria","5412","Yield","01550","Taro","2020","2020","kg/ha","5906.2","A","Official value",""
"QCL","Crops and livestock products","566","Nigeria","5510","Production","01550","Taro","2020","2020","t","7867170","A","Official value",""
"QCL","Crops and livestock products","566","Nigeria","5312","Area harvested","01550","Taro","2021","2021","ha","1337500","A","Official value",""
"QCL","Crops and livestock products","566","Nigeria","5412","Yield","01550","Taro","2021","2021","kg/ha","6132.8","A","Official value",""
"QCL","Crops and livestock products","566","Nigeria","5510","Production","01550","Taro","2021","2021","t","8202650","A","Official value",""
"QCL","Crops and livestock products","566","Nigeria","5312","Area harvested","01550","Taro","2022","2022","ha","1321666","I","Value imputed by a receiving agency",""
"QCL","Crops and livestock products","566","Nigeria","5412","Yield","01550","Taro","2022","2022","kg/ha","6204.3","E","Estimated value",""
"QCL","Crops and livestock products","566","Nigeria","5510","Production","01550","Taro","2022","2022","t","8200000","E","Estimated value",""
"QCL","Crops and livestock products","566","Nigeria","5312","Area harvested","01550","Taro","2023","2023","ha","1333735","I","Value imputed by a receiving agency",""
"QCL","Crops and livestock products","566","Nigeria","5412","Yield","01550","Taro","2023","2023","kg/ha","6198.6","E","Estimated value",""
"QCL","Crops and livestock products","566","Nigeria","5510","Production","01550","Taro","2023","2023","t","8267305.64","I","Value imputed by a receiving agency",""
"QCL","Crops and livestock products","566","Nigeria","5312","Area harvested","01550","Taro","2024","2024","ha","1393692","I","Value imputed by a receiving agency",""
"QCL","Crops and livestock products","566","Nigeria","5412","Yield","01550","Taro","2024","2024","kg/ha","6174.7","E","Estimated value",""
"QCL","Crops and livestock products","566","Nigeria","5510","Production","01550","Taro","2024","2024","t","8605587.3","I","Value imputed by a receiving agency",""
"QCL","Crops and livestock products","566","Nigeria","5312","Area harvested","01234","Tomatoes","2019","2019","ha","902911","I","Value imputed by a receiving agency",""
"QCL","Crops and livestock products","566","Nigeria","5412","Yield","01234","Tomatoes","2019","2019","kg/ha","3436.6","E","Estimated value",""
"QCL","Crops and livestock products","566","Nigeria","5510","Production","01234","Tomatoes","2019","2019","t","3102960","A","Official value",""
"QCL","Crops and livestock products","566","Nigeria","5312","Area harvested","01234","Tomatoes","2020","2020","ha","938295","I","Value imputed by a receiving agency",""
"QCL","Crops and livestock products","566","Nigeria","5412","Yield","01234","Tomatoes","2020","2020","kg/ha","3613.1","E","Estimated value",""
"QCL","Crops and livestock products","566","Nigeria","5510","Production","01234","Tomatoes","2020","2020","t","3390170","A","Official value",""
"QCL","Crops and livestock products","566","Nigeria","5312","Area harvested","01234","Tomatoes","2021","2021","ha","929048","I","Value imputed by a receiving agency",""
"QCL","Crops and livestock products","566","Nigeria","5412","Yield","01234","Tomatoes","2021","2021","kg/ha","3743.6","E","Estimated value",""
"QCL","Crops and livestock products","566","Nigeria","5510","Production","01234","Tomatoes","2021","2021","t","3477981","A","Official value",""
"QCL","Crops and livestock products","566","Nigeria","5312","Area harvested","01234","Tomatoes","2022","2022","ha","1017523","I","Value imputed by a receiving agency",""
"QCL","Crops and livestock products","566","Nigeria","5412","Yield","01234","Tomatoes","2022","2022","kg/ha","3558.2","E","Estimated value",""
"QCL","Crops and livestock products","566","Nigeria","5510","Production","01234","Tomatoes","2022","2022","t","3620589.71","I","Value imputed by a receiving agency",""
"QCL","Crops and livestock products","566","Nigeria","5312","Area harvested","01234","Tomatoes","2023","2023","ha","843276","E","Estimated value",""
"QCL","Crops and livestock products","566","Nigeria","5412","Yield","01234","Tomatoes","2023","2023","kg/ha","4532.3","E","Estimated value",""
"QCL","Crops and livestock products","566","Nigeria","5510","Production","01234","Tomatoes","2023","2023","t","3821959.59","I","Value imputed by a receiving agency",""
"QCL","Crops and livestock products","566","Nigeria","5312","Area harvested","01234","Tomatoes","2024","2024","ha","822140","E","Estimated value",""
"QCL","Crops and livestock products","566","Nigeria","5412","Yield","01234","Tomatoes","2024","2024","kg/ha","4532.3","E","Estimated value",""
"QCL","Crops and livestock products","566","Nigeria","5510","Production","01234","Tomatoes","2024","2024","t","3726166.42","I","Value imputed by a receiving agency",""
"QCL","Crops and livestock products","566","Nigeria","5312","Area harvested","01970","Unmanufactured tobacco","2019","2019","ha","9722","E","Estimated value",""
"QCL","Crops and livestock products","566","Nigeria","5412","Yield","01970","Unmanufactured tobacco","2019","2019","kg/ha","582.9","E","Estimated value",""
"QCL","Crops and livestock products","566","Nigeria","5510","Production","01970","Unmanufactured tobacco","2019","2019","t","5666.67","E","Estimated value",""
"QCL","Crops and livestock products","566","Nigeria","5312","Area harvested","01970","Unmanufactured tobacco","2020","2020","ha","9314","I","Value imputed by a receiving agency",""
"QCL","Crops and livestock products","566","Nigeria","5412","Yield","01970","Unmanufactured tobacco","2020","2020","kg/ha","595.2","E","Estimated value",""
"QCL","Crops and livestock products","566","Nigeria","5510","Production","01970","Unmanufactured tobacco","2020","2020","t","5543.58","I","Value imputed by a receiving agency",""
"QCL","Crops and livestock products","566","Nigeria","5312","Area harvested","01970","Unmanufactured tobacco","2021","2021","ha","9568","E","Estimated value",""
"QCL","Crops and livestock products","566","Nigeria","5412","Yield","01970","Unmanufactured tobacco","2021","2021","kg/ha","582.2","E","Estimated value",""
"QCL","Crops and livestock products","566","Nigeria","5510","Production","01970","Unmanufactured tobacco","2021","2021","t","5570.08","E","Estimated value",""
"QCL","Crops and livestock products","566","Nigeria","5312","Area harvested","01970","Unmanufactured tobacco","2022","2022","ha","9535","E","Estimated value",""
"QCL","Crops and livestock products","566","Nigeria","5412","Yield","01970","Unmanufactured tobacco","2022","2022","kg/ha","586.6","E","Estimated value",""
"QCL","Crops and livestock products","566","Nigeria","5510","Production","01970","Unmanufactured tobacco","2022","2022","t","5593.44","E","Estimated value",""
"QCL","Crops and livestock products","566","Nigeria","5312","Area harvested","01970","Unmanufactured tobacco","2023","2023","ha","9472","E","Estimated value",""
"QCL","Crops and livestock products","566","Nigeria","5412","Yield","01970","Unmanufactured tobacco","2023","2023","kg/ha","587.9","E","Estimated value",""
"QCL","Crops and livestock products","566","Nigeria","5510","Production","01970","Unmanufactured tobacco","2023","2023","t","5569.03","E","Estimated value",""
"QCL","Crops and livestock products","566","Nigeria","5312","Area harvested","01970","Unmanufactured tobacco","2024","2024","ha","9525","E","Estimated value",""
"QCL","Crops and livestock products","566","Nigeria","5412","Yield","01970","Unmanufactured tobacco","2024","2024","kg/ha","585.6","E","Estimated value",""
"QCL","Crops and livestock products","566","Nigeria","5510","Production","01970","Unmanufactured tobacco","2024","2024","t","5577.52","E","Estimated value",""
"QCL","Crops and livestock products","566","Nigeria","5312","Area harvested","0111","Wheat","2019","2019","ha","51646","A","Official value",""
"QCL","Crops and livestock products","566","Nigeria","5412","Yield","0111","Wheat","2019","2019","kg/ha","1682.6","A","Official value",""
"QCL","Crops and livestock products","566","Nigeria","5510","Production","0111","Wheat","2019","2019","t","86900","A","Official value",""
"QCL","Crops and livestock products","566","Nigeria","5312","Area harvested","0111","Wheat","2020","2020","ha","50000","X","Value from external organization","Unofficial figure"
"QCL","Crops and livestock products","566","Nigeria","5412","Yield","0111","Wheat","2020","2020","kg/ha","1100","X","Value from external organization",""
"QCL","Crops and livestock products","566","Nigeria","5510","Production","0111","Wheat","2020","2020","t","55000","X","Value from external organization","Unofficial figure"
"QCL","Crops and livestock products","566","Nigeria","5312","Area harvested","0111","Wheat","2021","2021","ha","11820","A","Official value",""
"QCL","Crops and livestock products","566","Nigeria","5412","Yield","0111","Wheat","2021","2021","kg/ha","3125.5","A","Official value",""
"QCL","Crops and livestock products","566","Nigeria","5510","Production","0111","Wheat","2021","2021","t","36944","A","Official value",""
"QCL","Crops and livestock products","566","Nigeria","5312","Area harvested","0111","Wheat","2022","2022","ha","14374","I","Value imputed by a receiving agency",""
"QCL","Crops and livestock products","566","Nigeria","5412","Yield","0111","Wheat","2022","2022","kg/ha","2182.7","E","Estimated value",""
"QCL","Crops and livestock products","566","Nigeria","5510","Production","0111","Wheat","2022","2022","t","31373.56","I","Value imputed by a receiving agency",""
"QCL","Crops and livestock products","566","Nigeria","5312","Area harvested","0111","Wheat","2023","2023","ha","30801","I","Value imputed by a receiving agency",""
"QCL","Crops and livestock products","566","Nigeria","5412","Yield","0111","Wheat","2023","2023","kg/ha","1586.6","E","Estimated value",""
"QCL","Crops and livestock products","566","Nigeria","5510","Production","0111","Wheat","2023","2023","t","48868.93","I","Value imputed by a receiving agency",""
"QCL","Crops and livestock products","566","Nigeria","5312","Area harvested","0111","Wheat","2024","2024","ha","27906","I","Value imputed by a receiving agency",""
"QCL","Crops and livestock products","566","Nigeria","5412","Yield","0111","Wheat","2024","2024","kg/ha","1574.1","E","Estimated value",""
"QCL","Crops and livestock products","566","Nigeria","5510","Production","0111","Wheat","2024","2024","t","43926.98","I","Value imputed by a receiving agency",""
"QCL","Crops and livestock products","566","Nigeria","5312","Area harvested","01540","Yams","2019","2019","ha","6778080","A","Official value",""
"QCL","Crops and livestock products","566","Nigeria","5412","Yield","01540","Yams","2019","2019","kg/ha","7806.8","A","Official value",""
"QCL","Crops and livestock products","566","Nigeria","5510","Production","01540","Yams","2019","2019","t","52914910","A","Official value",""
"QCL","Crops and livestock products","566","Nigeria","5312","Area harvested","01540","Yams","2020","2020","ha","7128080","A","Official value",""
"QCL","Crops and livestock products","566","Nigeria","5412","Yield","01540","Yams","2020","2020","kg/ha","7904.7","A","Official value",""
"QCL","Crops and livestock products","566","Nigeria","5510","Production","01540","Yams","2020","2020","t","56345530","A","Official value",""
"QCL","Crops and livestock products","566","Nigeria","5312","Area harvested","01540","Yams","2021","2021","ha","7498130","A","Official value",""
"QCL","Crops and livestock products","566","Nigeria","5412","Yield","01540","Yams","2021","2021","kg/ha","7986.5","A","Official value",""
"QCL","Crops and livestock products","566","Nigeria","5510","Production","01540","Yams","2021","2021","t","59884050","A","Official value",""
"QCL","Crops and livestock products","566","Nigeria","5312","Area harvested","01540","Yams","2022","2022","ha","7467286","I","Value imputed by a receiving agency",""
"QCL","Crops and livestock products","566","Nigeria","5412","Yield","01540","Yams","2022","2022","kg/ha","8182.4","E","Estimated value",""
"QCL","Crops and livestock products","566","Nigeria","5510","Production","01540","Yams","2022","2022","t","61100194.52","I","Value imputed by a receiving agency",""
"QCL","Crops and livestock products","566","Nigeria","5312","Area harvested","01540","Yams","2023","2023","ha","7613167","I","Value imputed by a receiving agency",""
"QCL","Crops and livestock products","566","Nigeria","5412","Yield","01540","Yams","2023","2023","kg/ha","8193.5","E","Estimated value",""
"QCL","Crops and livestock products","566","Nigeria","5510","Production","01540","Yams","2023","2023","t","62378631.04","I","Value imputed by a receiving agency",""
"QCL","Crops and livestock products","566","Nigeria","5312","Area harvested","01540","Yams","2024","2024","ha","8015649","I","Value imputed by a receiving agency",""
"QCL","Crops and livestock products","566","Nigeria","5412","Yield","01540","Yams","2024","2024","kg/ha","8149.3","E","Estimated value",""
"QCL","Crops and livestock products","566","Nigeria","5510","Production","01540","Yams","2024","2024","t","65322031.57","E","Estimated value",""
