state,year,crop,rainfall_mm,avg_temp_c,min_temp_c,max_temp_c,humidity_pct,solar_radiation,nitrogen_n,phosphorus_p,potassium_k,soil_ph,fertilizer_kg_ha,pesticide_kg_ha,area_harvested_ha,yield_kg_ha,source
Abia,2019,"Cassava, fresh",2019.69,25.82,22.82,29.42,86.11,16.27,52.3,30.6,23.3,5.99,44.6,7.63,335690.15,7160.39,Nigeria_Synthesized_FAO_NASA
Adamawa,2019,"Cassava, fresh",960.01,27.76,22.27,33.74,56.41,20.28,45.2,32.8,26.7,6.02,54.5,3.19,297221.67,4629.14,Nigeria_Synthesized_FAO_NASA
Akwa Ibom,2019,"Cassava, fresh",2231.91,26.29,23.81,29.49,86.47,16.27,49.3,28.7,25.6,5.98,63.4,4.38,268158.68,7181.67,Nigeria_Synthesized_FAO_NASA
Anambra,2019,"Cassava, fresh",2330.26,25.85,22.81,29.34,85.38,17.04,47.0,30.1,25.5,5.92,88.6,3.11,309445.66,7262.48,Nigeria_Synthesized_FAO_NASA
Bauchi,2019,"Cassava, fresh",867.4,26.58,20.84,33.37,51.51,20.5,54.7,31.9,24.0,5.95,94.7,4.86,335400.22,3869.52,Nigeria_Synthesized_FAO_NASA
Bayelsa,2019,"Cassava, fresh",3319.11,26.16,23.71,29.38,87.88,15.0,45.3,32.5,23.8,6.3,64.9,5.38,263469.13,6937.77,Nigeria_Synthesized_FAO_NASA
Benue,2019,"Cassava, fresh",1023.91,26.98,22.72,32.08,71.9,18.06,54.7,31.7,27.2,6.44,87.8,7.99,214270.52,5006.18,Nigeria_Synthesized_FAO_NASA
Borno,2019,"Cassava, fresh",545.89,28.54,22.01,35.97,40.71,21.14,45.5,29.0,24.4,6.06,106.3,4.32,216034.82,3634.36,Nigeria_Synthesized_FAO_NASA
Cross River,2019,"Cassava, fresh",2231.91,26.29,23.81,29.49,86.47,15.4,46.4,31.8,22.9,6.5,101.8,3.29,271002.83,7154.02,Nigeria_Synthesized_FAO_NASA
Delta,2019,"Cassava, fresh",2330.26,25.85,22.81,29.34,85.38,16.34,52.1,31.4,26.4,5.94,68.7,2.75,314247.12,6735.24,Nigeria_Synthesized_FAO_NASA
Ebonyi,2019,"Cassava, fresh",1142.89,26.36,22.7,30.77,79.82,17.53,48.3,27.4,24.1,6.09,98.4,6.14,283781.5,5759.46,Nigeria_Synthesized_FAO_NASA
Edo,2019,"Cassava, fresh",2626.04,25.64,22.8,29.18,88.29,15.76,46.2,31.3,26.3,6.24,101.7,5.21,259828.73,7716.33,Nigeria_Synthesized_FAO_NASA
Ekiti,2019,"Cassava, fresh",2325.44,24.63,21.43,28.64,85.23,16.92,45.3,27.6,22.7,6.28,65.1,5.31,252746.12,7062.23,Nigeria_Synthesized_FAO_NASA
Enugu,2019,"Cassava, fresh",1601.35,25.72,22.28,29.72,82.47,17.04,49.1,31.5,23.6,5.94,63.2,3.05,224486.51,7759.36,Nigeria_Synthesized_FAO_NASA
FCT Abuja,2019,"Cassava, fresh",1302.2,26.23,21.5,31.88,67.06,18.58,51.3,32.2,26.5,6.01,111.4,5.51,313083.27,6602.0,Nigeria_Synthesized_FAO_NASA
Gombe,2019,"Cassava, fresh",1233.79,26.8,21.28,33.1,55.76,20.71,48.2,27.7,23.6,6.15,105.4,7.59,327030.21,6248.17,Nigeria_Synthesized_FAO_NASA
Imo,2019,"Cassava, fresh",2559.56,26.01,23.05,29.59,86.4,16.27,49.2,28.3,23.1,6.1,115.4,4.1,265937.66,6770.4,Nigeria_Synthesized_FAO_NASA
Jigawa,2019,"Cassava, fresh",485.81,27.58,20.91,35.54,41.33,20.87,48.6,32.8,27.3,6.05,79.8,3.96,296420.46,4020.05,Nigeria_Synthesized_FAO_NASA
Kaduna,2019,"Cassava, fresh",1623.16,24.48,19.33,30.82,63.85,19.89,51.1,30.0,22.8,6.06,112.7,3.56,190811.72,6761.48,Nigeria_Synthesized_FAO_NASA
Kano,2019,"Cassava, fresh",517.4,27.07,20.35,35.28,43.11,21.48,54.9,28.5,25.9,6.36,59.0,6.73,262561.62,3839.14,Nigeria_Synthesized_FAO_NASA
Katsina,2019,"Cassava, fresh",702.35,26.88,20.7,33.83,42.66,21.26,51.3,30.2,23.0,6.41,65.7,3.21,285209.59,3978.31,Nigeria_Synthesized_FAO_NASA
Kebbi,2019,"Cassava, fresh",975.0,27.47,21.57,34.45,51.71,21.15,51.8,27.1,25.1,6.03,91.6,3.13,278643.98,4324.79,Nigeria_Synthesized_FAO_NASA
Kogi,2019,"Cassava, fresh",1251.26,27.25,22.95,32.23,71.52,17.31,54.4,27.8,24.2,5.96,114.0,7.7,246276.77,6214.67,Nigeria_Synthesized_FAO_NASA
Kwara,2019,"Cassava, fresh",1645.89,25.35,21.41,30.21,78.48,18.09,53.2,30.3,25.1,6.04,47.4,7.83,289597.7,6921.39,Nigeria_Synthesized_FAO_NASA
Lagos,2019,"Cassava, fresh",1952.69,26.78,25.09,28.91,85.85,16.26,48.4,29.1,26.1,6.45,111.0,7.07,285335.72,8007.35,Nigeria_Synthesized_FAO_NASA
Nasarawa,2019,"Cassava, fresh",938.12,27.98,23.38,33.58,62.16,18.38,46.6,32.4,25.5,5.9,48.1,6.31,198303.22,4521.98,Nigeria_Synthesized_FAO_NASA
Niger,2019,"Cassava, fresh",1226.48,26.93,22.01,32.45,68.58,18.47,50.5,31.2,25.8,6.03,97.0,3.54,210458.2,5472.54,Nigeria_Synthesized_FAO_NASA
Ogun,2019,"Cassava, fresh",1932.32,26.05,23.09,29.76,86.83,16.7,51.5,32.1,25.8,6.24,47.5,4.39,303312.6,7153.75,Nigeria_Synthesized_FAO_NASA
Ondo,2019,"Cassava, fresh",2325.44,24.63,21.43,28.64,85.23,16.92,54.7,29.4,27.0,6.28,103.6,5.27,223645.83,6772.28,Nigeria_Synthesized_FAO_NASA
Osun,2019,"Cassava, fresh",2184.61,24.92,21.46,29.14,83.53,16.53,47.0,31.3,23.9,5.91,91.6,3.15,263047.54,7189.93,Nigeria_Synthesized_FAO_NASA
Oyo,2019,"Cassava, fresh",2257.17,25.43,22.21,29.34,86.49,16.7,54.1,29.2,22.6,6.47,74.3,8.28,336199.74,7727.14,Nigeria_Synthesized_FAO_NASA
Plateau,2019,"Cassava, fresh",1166.1,23.54,18.25,30.23,58.25,18.6,47.9,29.3,26.8,6.09,53.6,5.62,320200.0,5451.16,Nigeria_Synthesized_FAO_NASA
Rivers,2019,"Cassava, fresh",3286.85,26.06,23.24,29.71,87.68,15.01,50.7,27.6,25.6,6.5,51.2,5.37,295312.4,7875.34,Nigeria_Synthesized_FAO_NASA
Sokoto,2019,"Cassava, fresh",1088.13,27.34,21.33,34.05,48.97,21.64,52.0,31.2,24.3,6.07,104.7,7.27,302405.31,5545.76,Nigeria_Synthesized_FAO_NASA
Taraba,2019,"Cassava, fresh",982.97,27.29,22.23,33.11,61.02,19.1,50.1,30.0,26.5,6.29,96.2,7.17,329749.05,5009.59,Nigeria_Synthesized_FAO_NASA
Yobe,2019,"Cassava, fresh",776.03,27.41,21.34,34.46,46.98,21.13,48.8,27.6,25.4,5.91,77.2,5.53,238549.49,4280.2,Nigeria_Synthesized_FAO_NASA
Zamfara,2019,"Cassava, fresh",738.05,26.25,20.33,33.26,49.44,21.28,45.3,27.2,26.6,6.11,50.2,5.39,278634.51,3851.02,Nigeria_Synthesized_FAO_NASA
Abia,2020,"Cassava, fresh",2029.78,25.76,22.57,29.63,85.2,16.76,51.2,27.5,22.8,6.22,83.3,6.14,215538.72,7546.35,Nigeria_Synthesized_FAO_NASA
Adamawa,2020,"Cassava, fresh",982.6,27.15,21.49,33.42,57.83,20.76,50.2,28.9,26.5,6.06,75.1,2.51,334032.45,4881.58,Nigeria_Synthesized_FAO_NASA
Akwa Ibom,2020,"Cassava, fresh",2982.8,26.24,23.63,29.59,86.16,16.76,53.4,31.2,24.5,6.0,52.5,3.63,331973.92,6784.46,Nigeria_Synthesized_FAO_NASA
Anambra,2020,"Cassava, fresh",2228.5,25.76,22.46,29.53,84.05,17.58,51.6,28.7,27.3,6.35,84.3,5.98,293300.94,7290.83,Nigeria_Synthesized_FAO_NASA
Bauchi,2020,"Cassava, fresh",2013.76,24.95,19.31,31.5,59.51,20.92,48.6,31.5,22.6,5.96,43.7,2.26,220513.69,6960.57,Nigeria_Synthesized_FAO_NASA
Bayelsa,2020,"Cassava, fresh",3495.17,26.08,23.46,29.46,87.47,15.56,49.7,27.6,25.0,6.18,53.9,4.82,291595.62,7721.5,Nigeria_Synthesized_FAO_NASA
Benue,2020,"Cassava, fresh",1209.6,26.41,22.11,31.55,72.34,18.7,51.4,27.3,24.4,6.28,80.3,7.57,277905.83,5629.69,Nigeria_Synthesized_FAO_NASA
Borno,2020,"Cassava, fresh",545.45,28.06,21.39,35.6,42.48,21.41,45.7,30.9,22.6,6.25,115.2,5.74,207293.36,4016.45,Nigeria_Synthesized_FAO_NASA
Cross River,2020,"Cassava, fresh",2982.8,26.24,23.63,29.59,86.16,15.31,49.6,30.3,27.2,6.13,116.9,7.88,282183.61,7210.68,Nigeria_Synthesized_FAO_NASA
Delta,2020,"Cassava, fresh",2228.5,25.76,22.46,29.53,84.05,16.94,46.0,27.1,23.0,6.31,45.7,4.07,192704.71,6881.76,Nigeria_Synthesized_FAO_NASA
Ebonyi,2020,"Cassava, fresh",1251.59,26.36,22.44,31.15,77.86,18.1,53.1,28.7,23.1,6.32,90.3,7.7,185519.08,6238.47,Nigeria_Synthesized_FAO_NASA
Edo,2020,"Cassava, fresh",2111.49,25.46,22.36,29.3,87.0,16.43,47.8,28.1,26.3,6.39,119.2,4.68,307158.68,7435.77,Nigeria_Synthesized_FAO_NASA
Ekiti,2020,"Cassava, fresh",1688.06,24.44,20.97,28.85,83.66,17.35,48.4,32.6,26.8,6.16,100.1,6.9,302938.61,6794.29,Nigeria_Synthesized_FAO_NASA
Enugu,2020,"Cassava, fresh",1630.95,25.64,21.91,30.0,80.61,17.58,50.1,32.0,24.1,6.45,71.1,2.07,322604.64,6749.17,Nigeria_Synthesized_FAO_NASA
FCT Abuja,2020,"Cassava, fresh",1389.91,25.33,20.59,31.05,70.06,19.24,48.2,32.7,27.3,6.25,90.5,4.91,196123.02,6771.21,Nigeria_Synthesized_FAO_NASA
Gombe,2020,"Cassava, fresh",1610.11,25.46,19.91,31.96,61.65,21.05,51.7,31.5,26.5,6.38,47.3,5.21,233131.75,6929.13,Nigeria_Synthesized_FAO_NASA
Imo,2020,"Cassava, fresh",2537.08,25.96,22.78,29.79,85.46,16.76,49.4,32.3,24.3,5.96,51.4,6.95,267565.93,6763.65,Nigeria_Synthesized_FAO_NASA
Jigawa,2020,"Cassava, fresh",1348.11,26.04,19.53,33.9,50.64,21.0,45.8,31.2,22.9,6.4,96.5,2.53,197656.51,6425.12,Nigeria_Synthesized_FAO_NASA
Kaduna,2020,"Cassava, fresh",3398.52,23.14,18.43,29.08,70.9,20.28,48.7,29.2,26.6,6.48,118.9,6.9,335714.29,6202.02,Nigeria_Synthesized_FAO_NASA
Kano,2020,"Cassava, fresh",1291.71,25.59,19.15,33.6,52.35,21.5,52.8,30.4,24.6,6.45,48.9,5.2,194909.14,5840.08,Nigeria_Synthesized_FAO_NASA
Katsina,2020,"Cassava, fresh",1539.75,25.3,19.52,31.74,53.57,21.05,45.6,27.7,23.1,6.29,99.7,5.79,254958.05,6487.39,Nigeria_Synthesized_FAO_NASA
Kebbi,2020,"Cassava, fresh",1131.67,26.83,21.14,33.82,56.95,20.69,47.9,32.2,23.6,6.49,41.0,8.3,240335.57,5823.6,Nigeria_Synthesized_FAO_NASA
Kogi,2020,"Cassava, fresh",1391.1,26.62,22.18,31.74,72.68,17.84,50.3,33.0,22.9,6.23,117.5,5.4,320825.78,6139.37,Nigeria_Synthesized_FAO_NASA
Kwara,2020,"Cassava, fresh",1204.71,25.26,20.98,30.59,76.31,18.29,49.5,30.8,25.4,6.45,43.6,3.83,290362.53,5613.17,Nigeria_Synthesized_FAO_NASA
Lagos,2020,"Cassava, fresh",1510.91,26.41,24.55,28.78,85.34,16.91,49.6,30.7,23.9,6.01,77.1,4.3,320688.69,7663.25,Nigeria_Synthesized_FAO_NASA
Nasarawa,2020,"Cassava, fresh",1078.68,27.24,22.6,32.97,63.62,19.25,54.7,32.9,26.0,6.22,64.8,7.29,194010.17,5226.82,Nigeria_Synthesized_FAO_NASA
Niger,2020,"Cassava, fresh",1309.13,26.28,21.2,32.07,70.38,18.94,54.1,31.9,27.2,6.34,89.1,4.72,207243.86,6351.24,Nigeria_Synthesized_FAO_NASA
Ogun,2020,"Cassava, fresh",1525.8,25.74,22.52,29.83,85.71,16.87,45.5,27.2,24.4,6.39,119.0,2.98,316915.77,7560.42,Nigeria_Synthesized_FAO_NASA
Ondo,2020,"Cassava, fresh",1688.06,24.44,20.97,28.85,83.66,17.35,54.7,32.1,26.7,6.18,73.2,3.78,241274.17,7040.79,Nigeria_Synthesized_FAO_NASA
Osun,2020,"Cassava, fresh",1523.34,24.79,21.01,29.45,81.59,16.86,53.1,33.0,27.5,6.23,101.5,8.14,316706.62,6364.12,Nigeria_Synthesized_FAO_NASA
Oyo,2020,"Cassava, fresh",1568.36,25.24,21.73,29.6,84.71,16.87,49.5,27.8,27.3,6.27,58.3,6.37,220454.0,7514.78,Nigeria_Synthesized_FAO_NASA
Plateau,2020,"Cassava, fresh",3385.52,22.35,17.41,28.56,63.84,19.39,46.1,31.0,25.1,6.37,81.6,7.54,237730.71,6587.43,Nigeria_Synthesized_FAO_NASA
Rivers,2020,"Cassava, fresh",3361.46,26.04,23.03,29.87,87.03,15.21,53.8,29.4,23.2,5.91,100.4,6.03,269344.68,7357.57,Nigeria_Synthesized_FAO_NASA
Sokoto,2020,"Cassava, fresh",1145.58,26.35,20.64,33.04,56.06,21.49,46.4,27.1,24.3,6.26,71.4,4.84,215093.32,5586.46,Nigeria_Synthesized_FAO_NASA
Taraba,2020,"Cassava, fresh",1075.73,26.37,21.19,32.39,64.01,19.69,50.1,31.7,24.5,6.28,109.0,8.17,236186.11,5411.76,Nigeria_Synthesized_FAO_NASA
Yobe,2020,"Cassava, fresh",792.26,26.9,20.63,34.19,48.36,21.55,49.9,28.5,24.8,6.5,79.4,4.14,326351.81,3805.75,Nigeria_Synthesized_FAO_NASA
Zamfara,2020,"Cassava, fresh",1146.34,25.26,19.6,32.14,55.83,20.88,45.8,27.8,23.1,5.98,51.1,6.17,219331.08,5344.55,Nigeria_Synthesized_FAO_NASA
Abia,2021,"Cassava, fresh",1877.25,25.78,22.8,29.53,86.39,16.48,54.0,29.8,25.8,6.0,55.4,2.27,244736.43,6936.86,Nigeria_Synthesized_FAO_NASA
Adamawa,2021,"Cassava, fresh",945.3,27.6,21.95,33.88,56.24,20.8,46.8,27.5,23.1,6.18,56.5,4.37,233881.57,4275.27,Nigeria_Synthesized_FAO_NASA
Akwa Ibom,2021,"Cassava, fresh",2456.61,26.21,23.74,29.42,87.15,16.48,45.4,31.8,25.6,5.94,109.9,7.99,300522.64,7410.79,Nigeria_Synthesized_FAO_NASA
Anambra,2021,"Cassava, fresh",2208.72,25.78,22.8,29.34,86.04,17.38,53.1,31.5,23.4,6.02,69.6,5.15,233604.41,6795.59,Nigeria_Synthesized_FAO_NASA
Bauchi,2021,"Cassava, fresh",3305.27,25.04,19.49,31.42,60.49,21.27,49.6,31.5,22.7,6.05,97.1,7.82,248498.31,7275.55,Nigeria_Synthesized_FAO_NASA
Bayelsa,2021,"Cassava, fresh",3490.5,26.11,23.68,29.29,88.5,15.38,46.1,29.7,25.2,6.04,61.5,4.45,274908.45,7397.78,Nigeria_Synthesized_FAO_NASA
Benue,2021,"Cassava, fresh",1524.55,26.51,22.31,31.46,73.01,18.37,47.1,29.0,23.1,6.44,87.5,6.41,240919.23,6744.2,Nigeria_Synthesized_FAO_NASA
Borno,2021,"Cassava, fresh",444.23,28.5,21.62,36.32,39.39,21.77,45.9,30.2,25.4,6.35,74.5,2.83,269459.53,4081.73,Nigeria_Synthesized_FAO_NASA
Cross River,2021,"Cassava, fresh",2456.61,26.21,23.74,29.42,87.15,15.69,51.5,30.4,24.3,6.5,88.5,3.54,247554.64,7150.5,Nigeria_Synthesized_FAO_NASA
Delta,2021,"Cassava, fresh",2208.72,25.78,22.8,29.34,86.04,16.78,47.5,28.0,23.4,6.07,53.9,7.83,213534.87,6843.19,Nigeria_Synthesized_FAO_NASA
Ebonyi,2021,"Cassava, fresh",780.95,26.73,22.83,31.71,77.1,17.93,49.1,32.9,23.1,6.14,117.6,7.63,273678.23,3779.83,Nigeria_Synthesized_FAO_NASA
Edo,2021,"Cassava, fresh",2357.05,25.6,22.85,29.07,89.16,16.34,46.7,31.0,27.1,6.24,85.7,3.82,230533.77,7636.62,Nigeria_Synthesized_FAO_NASA
Ekiti,2021,"Cassava, fresh",2803.84,24.66,21.47,28.82,85.48,17.19,48.2,29.6,25.0,6.04,49.2,5.97,219066.86,7358.12,Nigeria_Synthesized_FAO_NASA
Enugu,2021,"Cassava, fresh",1288.82,25.72,22.24,30.06,82.26,17.38,46.5,29.9,25.2,5.92,66.9,2.87,282858.16,5823.24,Nigeria_Synthesized_FAO_NASA
FCT Abuja,2021,"Cassava, fresh",1369.92,25.61,20.82,31.36,68.57,19.4,48.2,31.9,23.8,6.31,100.8,5.87,349000.4,5938.33,Nigeria_Synthesized_FAO_NASA
Gombe,2021,"Cassava, fresh",2221.85,25.9,20.36,32.35,60.63,21.29,48.5,32.6,26.7,6.49,49.9,6.75,255445.1,7302.82,Nigeria_Synthesized_FAO_NASA
Imo,2021,"Cassava, fresh",2610.4,25.97,23.05,29.59,86.97,16.48,45.7,31.4,25.4,6.41,51.2,7.17,218126.53,7867.75,Nigeria_Synthesized_FAO_NASA
Jigawa,2021,"Cassava, fresh",1693.73,25.93,19.29,33.69,51.02,21.81,46.6,31.9,25.8,6.21,68.7,7.7,215282.08,6992.46,Nigeria_Synthesized_FAO_NASA
Kaduna,2021,"Cassava, fresh",6360.7,23.35,18.52,29.42,70.17,20.72,49.4,29.3,24.8,6.08,99.8,5.27,320945.95,6639.55,Nigeria_Synthesized_FAO_NASA
Kano,2021,"Cassava, fresh",1845.71,25.31,18.75,33.21,53.87,22.26,48.8,30.3,27.0,6.28,49.4,8.11,334373.57,6893.33,Nigeria_Synthesized_FAO_NASA
Katsina,2021,"Cassava, fresh",1784.49,25.63,19.61,32.47,49.51,21.82,46.4,31.8,25.6,6.22,111.5,7.13,242994.9,7423.38,Nigeria_Synthesized_FAO_NASA
Kebbi,2021,"Cassava, fresh",925.26,27.38,21.34,34.71,52.95,21.44,47.5,31.5,22.7,6.24,101.0,7.7,239243.17,4200.48,Nigeria_Synthesized_FAO_NASA
Kogi,2021,"Cassava, fresh",2024.23,26.62,22.46,31.48,74.62,17.63,46.1,32.1,23.1,6.14,103.8,2.97,321699.72,7310.55,Nigeria_Synthesized_FAO_NASA
Kwara,2021,"Cassava, fresh",1764.69,25.68,21.46,30.92,74.97,18.45,52.2,30.8,26.0,6.23,60.1,4.25,305678.08,6970.48,Nigeria_Synthesized_FAO_NASA
Lagos,2021,"Cassava, fresh",1713.6,26.77,25.1,28.92,85.31,16.64,50.8,29.4,24.8,6.48,52.3,5.81,335809.94,7150.37,Nigeria_Synthesized_FAO_NASA
Nasarawa,2021,"Cassava, fresh",1517.79,27.2,22.63,32.72,64.83,19.03,45.2,32.2,27.2,6.24,95.7,8.0,287747.92,7343.89,Nigeria_Synthesized_FAO_NASA
Niger,2021,"Cassava, fresh",1567.28,26.65,21.5,32.49,68.64,19.19,50.8,30.6,24.6,6.35,114.7,8.02,213483.07,7755.8,Nigeria_Synthesized_FAO_NASA
Ogun,2021,"Cassava, fresh",1752.89,26.03,23.06,29.86,86.44,17.14,54.8,32.0,23.1,6.46,109.6,5.37,207123.11,7307.83,Nigeria_Synthesized_FAO_NASA
Ondo,2021,"Cassava, fresh",2803.84,24.66,21.47,28.82,85.48,17.19,45.5,29.0,26.5,5.89,66.7,4.59,253367.53,7156.98,Nigeria_Synthesized_FAO_NASA
Osun,2021,"Cassava, fresh",2545.61,25.1,21.46,29.67,82.03,16.81,48.5,29.1,26.2,6.17,58.0,4.94,337655.59,7196.91,Nigeria_Synthesized_FAO_NASA
Oyo,2021,"Cassava, fresh",2405.57,25.45,22.18,29.58,85.99,17.14,50.0,29.5,27.1,6.11,86.4,6.11,217342.31,6818.09,Nigeria_Synthesized_FAO_NASA
Plateau,2021,"Cassava, fresh",6143.64,22.42,17.47,28.63,64.07,19.45,46.8,32.8,23.2,6.15,46.8,8.48,296176.38,6034.33,Nigeria_Synthesized_FAO_NASA
Rivers,2021,"Cassava, fresh",3286.06,26.06,23.27,29.7,88.29,15.22,45.7,31.5,23.5,6.45,56.4,3.24,285147.49,7375.19,Nigeria_Synthesized_FAO_NASA
Sokoto,2021,"Cassava, fresh",1248.4,26.82,20.76,33.8,52.26,22.27,50.6,27.4,26.4,6.17,82.0,4.86,265191.3,5590.63,Nigeria_Synthesized_FAO_NASA
Taraba,2021,"Cassava, fresh",995.65,26.9,21.62,32.99,61.7,19.68,46.6,28.1,26.8,6.48,69.9,3.76,279363.04,4750.84,Nigeria_Synthesized_FAO_NASA
Yobe,2021,"Cassava, fresh",1602.2,26.8,20.56,34.02,49.32,22.04,45.3,27.9,26.1,6.3,42.2,3.44,254942.35,7714.77,Nigeria_Synthesized_FAO_NASA
Zamfara,2021,"Cassava, fresh",1543.33,25.19,19.44,32.19,55.73,21.79,45.2,27.6,26.5,6.0,92.2,3.55,297528.5,6792.51,Nigeria_Synthesized_FAO_NASA
Abia,2022,"Cassava, fresh",1579.69,25.57,22.28,29.59,84.63,16.48,52.2,32.1,26.7,6.14,93.4,3.33,229622.06,7114.09,Nigeria_Synthesized_FAO_NASA
Adamawa,2022,"Cassava, fresh",1250.17,26.34,20.98,32.39,61.0,20.39,45.1,27.5,23.5,5.91,54.5,5.79,336003.56,6032.12,Nigeria_Synthesized_FAO_NASA
Akwa Ibom,2022,"Cassava, fresh",3367.59,26.03,23.38,29.41,86.43,16.48,53.2,29.1,23.8,6.13,87.2,3.74,335406.78,7613.91,Nigeria_Synthesized_FAO_NASA
Anambra,2022,"Cassava, fresh",1520.42,25.52,22.18,29.44,83.61,17.09,50.5,29.6,24.0,6.48,101.1,2.91,256697.66,7543.71,Nigeria_Synthesized_FAO_NASA
Bauchi,2022,"Cassava, fresh",2192.25,23.61,18.14,29.92,65.09,20.54,53.9,31.8,24.6,5.9,61.5,5.52,269404.8,7554.86,Nigeria_Synthesized_FAO_NASA
Bayelsa,2022,"Cassava, fresh",2262.15,25.86,23.18,29.29,87.25,15.34,46.4,32.0,27.4,6.22,53.7,3.77,232018.78,7834.16,Nigeria_Synthesized_FAO_NASA
Benue,2022,"Cassava, fresh",1847.07,25.08,21.17,29.65,77.48,18.09,46.2,30.5,23.9,6.23,92.1,7.39,338929.21,6907.77,Nigeria_Synthesized_FAO_NASA
Borno,2022,"Cassava, fresh",476.63,27.77,21.18,35.35,41.4,21.11,46.4,32.4,26.9,6.26,88.0,6.32,191807.23,3981.42,Nigeria_Synthesized_FAO_NASA
Cross River,2022,"Cassava, fresh",3367.59,26.03,23.38,29.41,86.43,15.25,49.2,29.3,25.1,5.92,53.3,6.8,338947.64,7310.34,Nigeria_Synthesized_FAO_NASA
Delta,2022,"Cassava, fresh",1520.42,25.52,22.18,29.44,83.61,16.56,47.5,29.3,23.9,6.11,97.5,3.93,288252.39,6903.03,Nigeria_Synthesized_FAO_NASA
Ebonyi,2022,"Cassava, fresh",1089.98,26.56,22.33,31.89,73.62,17.56,51.6,32.6,26.2,6.02,42.5,3.7,267551.19,5534.02,Nigeria_Synthesized_FAO_NASA
Edo,2022,"Cassava, fresh",1751.31,25.24,22.22,29.04,87.11,16.2,50.0,30.6,24.2,6.37,48.5,2.49,198392.1,7637.06,Nigeria_Synthesized_FAO_NASA
Ekiti,2022,"Cassava, fresh",2113.63,24.07,20.77,28.17,85.26,17.06,51.9,29.6,23.7,6.4,104.0,6.52,270717.56,7508.34,Nigeria_Synthesized_FAO_NASA
Enugu,2022,"Cassava, fresh",1234.16,25.55,21.69,30.33,78.39,17.09,48.6,27.5,27.1,5.97,116.0,4.9,286147.86,5790.7,Nigeria_Synthesized_FAO_NASA
FCT Abuja,2022,"Cassava, fresh",1760.93,24.61,19.96,30.21,72.48,18.75,53.7,31.4,26.5,6.3,95.4,7.52,278276.35,7001.1,Nigeria_Synthesized_FAO_NASA
Gombe,2022,"Cassava, fresh",2531.68,24.85,19.37,31.35,62.57,20.6,47.2,32.9,27.2,5.91,96.4,8.01,269729.52,7132.12,Nigeria_Synthesized_FAO_NASA
Imo,2022,"Cassava, fresh",1729.51,25.75,22.53,29.66,85.07,16.48,54.2,27.2,26.0,6.07,114.0,8.31,282518.21,7253.46,Nigeria_Synthesized_FAO_NASA
Jigawa,2022,"Cassava, fresh",764.89,25.49,18.93,33.6,50.77,20.59,53.6,32.1,24.1,6.4,43.0,5.88,267252.13,4372.93,Nigeria_Synthesized_FAO_NASA
Kaduna,2022,"Cassava, fresh",4954.11,22.45,17.78,28.41,73.02,19.63,45.8,31.2,24.2,6.34,45.2,4.05,209653.19,6561.63,Nigeria_Synthesized_FAO_NASA
Kano,2022,"Cassava, fresh",781.04,24.6,18.13,32.79,55.71,20.9,48.2,30.8,26.9,6.27,58.6,2.16,318802.3,3993.61,Nigeria_Synthesized_FAO_NASA
Katsina,2022,"Cassava, fresh",1325.45,24.72,18.93,31.41,53.18,20.62,53.7,30.2,27.2,6.39,119.8,4.28,193480.5,6658.56,Nigeria_Synthesized_FAO_NASA
Kebbi,2022,"Cassava, fresh",980.15,26.68,20.86,33.83,54.97,20.66,49.8,30.8,26.9,6.5,101.5,4.72,255479.27,5153.31,Nigeria_Synthesized_FAO_NASA
Kogi,2022,"Cassava, fresh",1437.67,25.42,21.41,29.88,78.17,17.55,47.4,27.7,24.3,6.07,63.7,3.52,310147.19,6884.52,Nigeria_Synthesized_FAO_NASA
Kwara,2022,"Cassava, fresh",1540.4,24.76,20.61,29.83,78.16,18.05,54.9,29.6,24.4,6.31,57.5,8.17,192927.47,6779.23,Nigeria_Synthesized_FAO_NASA
Lagos,2022,"Cassava, fresh",1637.38,26.36,24.55,28.59,85.07,16.58,49.2,32.3,27.2,6.18,89.1,3.09,204578.8,8146.35,Nigeria_Synthesized_FAO_NASA
Nasarawa,2022,"Cassava, fresh",1908.77,25.78,21.49,31.12,70.43,18.69,54.4,30.9,25.5,6.21,58.5,3.15,227748.96,8252.58,Nigeria_Synthesized_FAO_NASA
Niger,2022,"Cassava, fresh",1218.58,25.95,20.84,31.8,71.14,18.49,52.8,29.1,22.8,6.49,110.7,8.03,220381.74,5739.66,Nigeria_Synthesized_FAO_NASA
Ogun,2022,"Cassava, fresh",1698.93,25.61,22.45,29.56,86.01,16.65,49.0,31.5,26.0,5.99,105.3,3.46,218338.84,8213.44,Nigeria_Synthesized_FAO_NASA
Ondo,2022,"Cassava, fresh",2113.63,24.07,20.77,28.17,85.26,17.06,50.9,30.5,23.0,6.43,61.2,2.84,277473.96,6923.76,Nigeria_Synthesized_FAO_NASA
Osun,2022,"Cassava, fresh",2171.52,24.37,20.75,28.76,83.32,16.56,53.6,31.9,25.8,6.23,47.0,4.65,345664.37,7770.35,Nigeria_Synthesized_FAO_NASA
Oyo,2022,"Cassava, fresh",2188.72,25.01,21.57,29.19,85.48,16.65,52.2,30.0,22.9,6.03,94.7,2.49,232322.72,7315.71,Nigeria_Synthesized_FAO_NASA
Plateau,2022,"Cassava, fresh",4912.41,21.6,16.62,27.93,66.17,18.96,49.8,30.6,26.6,6.11,94.2,5.68,270661.4,7029.35,Nigeria_Synthesized_FAO_NASA
Rivers,2022,"Cassava, fresh",2252.03,25.81,22.77,29.66,87.1,15.13,53.0,31.0,26.8,6.43,96.7,7.44,333119.79,7372.96,Nigeria_Synthesized_FAO_NASA
Sokoto,2022,"Cassava, fresh",1156.6,26.01,20.22,32.86,54.85,21.23,51.2,31.5,23.3,6.44,109.7,2.19,300791.62,5893.89,Nigeria_Synthesized_FAO_NASA
Taraba,2022,"Cassava, fresh",1228.08,25.86,20.77,31.75,65.52,19.13,48.4,31.5,23.3,6.4,106.6,5.3,211005.51,6353.11,Nigeria_Synthesized_FAO_NASA
Yobe,2022,"Cassava, fresh",893.85,26.19,20.1,33.36,49.44,21.16,51.2,32.9,25.7,6.05,90.7,5.51,236766.55,4089.35,Nigeria_Synthesized_FAO_NASA
Zamfara,2022,"Cassava, fresh",1059.55,24.33,18.79,31.18,58.41,20.65,52.6,30.2,27.3,6.1,90.6,8.06,207440.38,5184.28,Nigeria_Synthesized_FAO_NASA
Abia,2023,"Cassava, fresh",1475.58,26.0,22.97,29.78,85.98,16.51,51.9,27.4,24.0,6.33,45.4,5.78,345527.8,6920.44,Nigeria_Synthesized_FAO_NASA
Adamawa,2023,"Cassava, fresh",519.27,29.06,23.09,35.71,48.82,20.47,45.5,32.2,27.4,6.49,100.0,2.85,293578.95,3968.88,Nigeria_Synthesized_FAO_NASA
Akwa Ibom,2023,"Cassava, fresh",2436.57,26.42,24.01,29.57,87.24,16.51,45.2,28.9,24.9,6.37,94.7,4.9,195642.46,8241.83,Nigeria_Synthesized_FAO_NASA
Anambra,2023,"Cassava, fresh",1615.95,26.03,22.88,29.77,84.86,17.37,49.3,29.7,23.3,6.38,95.5,3.44,355364.66,7537.27,Nigeria_Synthesized_FAO_NASA
Bauchi,2023,"Cassava, fresh",697.86,26.4,20.3,33.58,51.79,20.63,51.5,28.6,27.3,5.98,74.6,8.13,303364.54,3974.6,Nigeria_Synthesized_FAO_NASA
Bayelsa,2023,"Cassava, fresh",1814.82,26.3,23.77,29.56,87.72,15.29,49.0,28.6,27.4,6.14,111.5,3.49,296471.15,7784.49,Nigeria_Synthesized_FAO_NASA
Benue,2023,"Cassava, fresh",944.03,26.63,22.48,31.5,74.24,18.47,51.5,29.2,26.8,6.18,117.5,3.21,196717.72,4599.05,Nigeria_Synthesized_FAO_NASA
Borno,2023,"Cassava, fresh",343.14,29.63,22.82,37.31,35.78,20.81,52.7,32.1,26.3,6.28,50.5,2.21,319146.87,4230.69,Nigeria_Synthesized_FAO_NASA
Cross River,2023,"Cassava, fresh",2436.57,26.42,24.01,29.57,87.24,15.23,53.0,29.9,23.1,5.97,94.8,4.8,292878.47,8447.72,Nigeria_Synthesized_FAO_NASA
Delta,2023,"Cassava, fresh",1615.95,26.03,22.88,29.77,84.86,16.79,45.6,30.5,23.8,6.38,64.8,4.96,272340.25,7445.8,Nigeria_Synthesized_FAO_NASA
Ebonyi,2023,"Cassava, fresh",798.23,27.26,23.22,32.34,75.35,17.86,48.9,29.9,25.5,6.07,95.6,7.59,203502.62,3967.17,Nigeria_Synthesized_FAO_NASA
Edo,2023,"Cassava, fresh",1676.66,25.77,22.82,29.43,87.56,16.33,49.8,27.6,23.7,6.5,51.4,5.24,198111.19,8105.06,Nigeria_Synthesized_FAO_NASA
Ekiti,2023,"Cassava, fresh",2169.85,24.73,21.45,28.77,85.2,17.29,50.6,27.1,24.1,6.21,47.0,4.28,306972.02,7648.3,Nigeria_Synthesized_FAO_NASA
Enugu,2023,"Cassava, fresh",1108.57,26.27,22.56,30.82,79.47,17.37,49.0,27.8,25.3,6.32,104.0,3.3,204509.63,5180.5,Nigeria_Synthesized_FAO_NASA
FCT Abuja,2023,"Cassava, fresh",1030.73,25.93,21.23,31.83,70.09,19.26,51.4,31.2,22.7,6.47,44.2,5.52,208777.92,4877.19,Nigeria_Synthesized_FAO_NASA
Gombe,2023,"Cassava, fresh",862.01,27.1,21.19,33.91,53.37,20.53,52.1,31.8,24.2,6.4,46.4,7.82,334645.86,4586.0,Nigeria_Synthesized_FAO_NASA
Imo,2023,"Cassava, fresh",1777.67,26.17,23.15,29.88,86.12,16.51,49.5,30.9,25.1,6.34,46.5,2.39,325831.28,7914.17,Nigeria_Synthesized_FAO_NASA
Jigawa,2023,"Cassava, fresh",423.99,28.08,21.04,36.39,38.64,20.91,53.7,28.3,27.4,6.1,54.6,7.13,217806.9,4026.93,Nigeria_Synthesized_FAO_NASA
Kaduna,2023,"Cassava, fresh",2465.41,24.0,18.96,30.15,67.86,20.1,50.6,31.3,23.6,6.51,118.0,6.23,273424.38,7516.12,Nigeria_Synthesized_FAO_NASA
Kano,2023,"Cassava, fresh",404.08,27.34,20.3,35.93,42.1,21.23,45.7,27.2,23.8,6.18,109.5,6.73,303320.02,4086.65,Nigeria_Synthesized_FAO_NASA
Katsina,2023,"Cassava, fresh",982.9,26.58,20.38,33.43,45.93,20.87,48.5,29.2,27.4,5.91,109.4,5.76,261484.29,5205.77,Nigeria_Synthesized_FAO_NASA
Kebbi,2023,"Cassava, fresh",730.22,28.19,22.1,35.52,49.11,21.05,49.9,32.2,27.0,6.15,62.1,5.85,310715.31,4141.35,Nigeria_Synthesized_FAO_NASA
Kogi,2023,"Cassava, fresh",1484.52,26.48,22.44,31.06,77.19,17.79,51.2,30.8,26.2,5.97,97.3,7.91,226202.05,8043.46,Nigeria_Synthesized_FAO_NASA
Kwara,2023,"Cassava, fresh",1579.72,25.6,21.52,30.56,78.01,18.12,54.7,28.1,26.8,6.2,59.8,7.66,230616.81,7321.14,Nigeria_Synthesized_FAO_NASA
Lagos,2023,"Cassava, fresh",1725.77,26.85,25.11,28.99,85.4,16.75,48.6,30.6,23.3,6.13,117.6,3.68,276154.19,7948.51,Nigeria_Synthesized_FAO_NASA
Nasarawa,2023,"Cassava, fresh",792.72,27.73,23.06,33.55,63.92,18.98,52.7,27.8,27.3,6.17,58.9,2.48,245011.24,4348.67,Nigeria_Synthesized_FAO_NASA
Niger,2023,"Cassava, fresh",980.38,27.13,22.06,32.82,68.69,18.85,48.4,32.0,24.7,6.04,89.4,6.59,276968.23,4775.94,Nigeria_Synthesized_FAO_NASA
Ogun,2023,"Cassava, fresh",1751.53,26.09,23.04,29.88,86.48,16.84,45.4,31.4,25.8,6.18,107.5,7.24,219133.0,7417.63,Nigeria_Synthesized_FAO_NASA
Ondo,2023,"Cassava, fresh",2169.85,24.73,21.45,28.77,85.2,17.29,47.1,27.7,23.8,5.93,82.5,8.09,334202.79,7608.9,Nigeria_Synthesized_FAO_NASA
Osun,2023,"Cassava, fresh",2201.65,25.06,21.5,29.39,83.52,16.78,49.5,32.6,24.1,6.2,43.3,2.96,211658.9,7027.0,Nigeria_Synthesized_FAO_NASA
Oyo,2023,"Cassava, fresh",2213.93,25.55,22.23,29.59,86.03,16.84,45.0,32.7,25.7,6.43,76.4,5.35,350108.27,8304.42,Nigeria_Synthesized_FAO_NASA
Plateau,2023,"Cassava, fresh",2848.18,23.43,18.07,30.06,59.1,19.25,46.4,27.2,24.0,6.33,56.1,6.38,301125.22,7179.41,Nigeria_Synthesized_FAO_NASA
Rivers,2023,"Cassava, fresh",1891.07,26.21,23.36,29.86,87.72,14.97,51.7,29.7,26.8,6.0,95.4,7.45,207026.03,8455.29,Nigeria_Synthesized_FAO_NASA
Sokoto,2023,"Cassava, fresh",789.78,27.79,21.68,34.73,47.25,21.37,50.0,30.7,26.8,6.24,42.4,8.05,303815.97,4535.71,Nigeria_Synthesized_FAO_NASA
Taraba,2023,"Cassava, fresh",410.16,28.57,22.82,35.08,53.6,19.38,47.2,31.0,24.5,6.29,48.5,6.28,302709.92,4258.31,Nigeria_Synthesized_FAO_NASA
Yobe,2023,"Cassava, fresh",406.07,28.53,21.87,36.21,40.3,21.27,54.8,29.4,26.9,6.38,85.4,6.8,199522.47,4468.86,Nigeria_Synthesized_FAO_NASA
Zamfara,2023,"Cassava, fresh",540.96,26.93,20.75,34.3,46.38,21.09,48.3,31.0,26.5,6.36,103.8,4.83,257977.44,4590.29,Nigeria_Synthesized_FAO_NASA
Abia,2024,"Cassava, fresh",1371.1,26.26,22.98,30.44,83.64,16.73,50.4,27.0,24.1,6.12,71.7,6.52,223760.68,6856.94,Nigeria_Synthesized_FAO_NASA
Adamawa,2024,"Cassava, fresh",935.61,28.37,22.56,34.94,52.06,20.19,47.4,29.2,23.6,5.94,88.3,6.34,280877.25,4288.68,Nigeria_Synthesized_FAO_NASA
Akwa Ibom,2024,"Cassava, fresh",1887.73,26.7,24.02,30.21,85.14,16.73,48.8,32.2,25.1,6.19,42.1,4.22,283450.73,7668.17,Nigeria_Synthesized_FAO_NASA
Anambra,2024,"Cassava, fresh",1360.79,26.34,22.94,30.45,82.05,17.55,50.8,30.2,25.5,6.36,105.0,6.67,272205.76,6367.5,Nigeria_Synthesized_FAO_NASA
Bauchi,2024,"Cassava, fresh",1109.06,26.3,20.35,33.25,52.28,20.55,47.0,27.0,25.7,6.45,59.5,8.03,206029.11,5669.69,Nigeria_Synthesized_FAO_NASA
Bayelsa,2024,"Cassava, fresh",1913.76,26.75,24.06,30.28,85.78,15.55,48.5,27.6,24.9,6.05,62.8,4.0,365337.66,7005.51,Nigeria_Synthesized_FAO_NASA
Benue,2024,"Cassava, fresh",1021.39,27.15,22.6,32.57,67.47,18.62,48.1,30.7,26.1,6.06,73.1,2.79,296607.68,5188.76,Nigeria_Synthesized_FAO_NASA
Borno,2024,"Cassava, fresh",583.5,28.57,22.0,36.05,40.59,20.7,46.8,30.2,26.0,5.96,85.4,3.67,321290.94,3697.04,Nigeria_Synthesized_FAO_NASA
Cross River,2024,"Cassava, fresh",1887.73,26.7,24.02,30.21,85.14,15.26,53.1,30.3,22.7,6.28,116.1,5.91,286937.28,8081.63,Nigeria_Synthesized_FAO_NASA
Delta,2024,"Cassava, fresh",1360.79,26.34,22.94,30.45,82.05,16.99,47.3,28.3,25.6,6.14,107.2,7.85,356603.79,6823.49,Nigeria_Synthesized_FAO_NASA
Ebonyi,2024,"Cassava, fresh",905.76,27.86,23.42,33.37,68.7,18.04,52.8,28.6,26.6,6.15,93.4,2.62,244045.66,4193.95,Nigeria_Synthesized_FAO_NASA
Edo,2024,"Cassava, fresh",1389.25,26.08,22.92,30.06,85.46,16.41,50.9,28.0,26.2,6.42,57.3,2.62,281411.76,6705.28,Nigeria_Synthesized_FAO_NASA
Ekiti,2024,"Cassava, fresh",1380.98,25.04,21.44,29.48,81.98,17.4,51.1,30.3,23.7,6.13,87.6,5.23,314484.22,5843.97,Nigeria_Synthesized_FAO_NASA
Enugu,2024,"Cassava, fresh",980.36,26.81,22.68,31.9,73.62,17.55,52.0,29.4,24.6,6.33,95.4,8.44,226582.86,5114.57,Nigeria_Synthesized_FAO_NASA
FCT Abuja,2024,"Cassava, fresh",1182.97,26.46,21.44,32.59,64.55,18.82,52.2,30.5,23.9,5.94,46.9,7.81,220961.33,5327.56,Nigeria_Synthesized_FAO_NASA
Gombe,2024,"Cassava, fresh",1511.27,26.9,21.14,33.62,54.02,20.46,47.3,29.1,22.8,6.21,45.4,7.2,259086.37,6971.86,Nigeria_Synthesized_FAO_NASA
Imo,2024,"Cassava, fresh",1626.91,26.48,23.28,30.5,84.2,16.73,53.8,30.9,25.2,6.09,66.6,6.35,296755.58,7155.76,Nigeria_Synthesized_FAO_NASA
Jigawa,2024,"Cassava, fresh",1025.51,26.63,20.09,34.46,47.2,20.69,50.6,31.4,24.8,5.93,85.0,8.22,317938.79,5326.08,Nigeria_Synthesized_FAO_NASA
Kaduna,2024,"Cassava, fresh",1925.09,24.21,19.05,30.7,65.0,19.62,47.0,30.2,23.0,6.17,100.5,4.26,322836.21,6595.71,Nigeria_Synthesized_FAO_NASA
Kano,2024,"Cassava, fresh",1009.62,26.18,19.59,34.33,48.56,20.93,54.3,28.4,24.5,5.98,119.4,8.03,341170.9,4919.49,Nigeria_Synthesized_FAO_NASA
Katsina,2024,"Cassava, fresh",1294.93,25.85,19.99,32.56,50.33,20.6,50.2,30.7,22.9,6.36,50.2,7.37,349270.76,6124.0,Nigeria_Synthesized_FAO_NASA
Kebbi,2024,"Cassava, fresh",2228.6,27.02,21.27,34.01,56.38,20.48,45.4,28.8,23.8,6.11,47.0,8.09,326094.67,7930.5,Nigeria_Synthesized_FAO_NASA
Kogi,2024,"Cassava, fresh",918.5,27.23,22.62,32.55,69.54,17.95,49.0,29.7,25.5,6.21,113.6,5.23,255983.11,4477.79,Nigeria_Synthesized_FAO_NASA
Kwara,2024,"Cassava, fresh",1259.82,25.8,21.29,31.26,74.74,18.15,47.1,32.6,23.1,6.4,70.4,7.71,350903.78,6376.37,Nigeria_Synthesized_FAO_NASA
Lagos,2024,"Cassava, fresh",1382.65,27.05,25.19,29.33,84.49,16.86,52.9,28.8,22.9,6.14,53.9,6.52,342992.36,7115.08,Nigeria_Synthesized_FAO_NASA
Nasarawa,2024,"Cassava, fresh",1082.75,28.0,23.22,33.88,60.44,18.97,51.4,31.9,23.2,6.42,113.8,5.17,372496.98,4985.87,Nigeria_Synthesized_FAO_NASA
Niger,2024,"Cassava, fresh",926.85,27.69,22.24,33.83,63.71,18.72,46.7,30.0,24.5,5.98,69.4,2.44,335843.22,4492.78,Nigeria_Synthesized_FAO_NASA
Ogun,2024,"Cassava, fresh",1383.59,26.28,23.01,30.33,84.74,16.62,54.6,30.3,27.3,6.16,64.9,5.29,226361.43,6088.72,Nigeria_Synthesized_FAO_NASA
Ondo,2024,"Cassava, fresh",1380.98,25.04,21.44,29.48,81.98,17.4,51.4,28.3,25.6,6.29,52.2,2.4,221231.72,6264.9,Nigeria_Synthesized_FAO_NASA
Osun,2024,"Cassava, fresh",1552.21,25.25,21.3,29.96,80.5,16.59,45.6,33.0,22.8,6.32,118.7,3.55,282808.49,7479.67,Nigeria_Synthesized_FAO_NASA
Oyo,2024,"Cassava, fresh",1674.52,25.69,22.07,30.01,84.02,16.62,48.0,27.6,26.0,5.93,80.8,8.48,223965.14,6876.73,Nigeria_Synthesized_FAO_NASA
Plateau,2024,"Cassava, fresh",1740.79,23.31,17.86,30.2,58.55,18.87,48.1,30.7,25.1,6.15,50.5,7.76,309832.59,7091.34,Nigeria_Synthesized_FAO_NASA
Rivers,2024,"Cassava, fresh",1796.83,26.6,23.57,30.6,85.73,15.17,48.7,29.5,26.6,6.34,101.5,2.07,236699.62,7441.27,Nigeria_Synthesized_FAO_NASA
Sokoto,2024,"Cassava, fresh",1403.83,26.96,21.08,33.83,53.46,20.92,45.2,28.6,26.3,5.98,82.8,3.4,286554.49,6732.81,Nigeria_Synthesized_FAO_NASA
Taraba,2024,"Cassava, fresh",1137.38,27.76,22.3,34.06,57.28,19.35,54.8,31.8,27.3,6.19,48.8,5.56,244798.72,4987.24,Nigeria_Synthesized_FAO_NASA
Yobe,2024,"Cassava, fresh",931.33,27.61,21.32,34.81,45.09,21.08,46.0,29.9,23.3,6.09,99.0,5.09,349674.82,4417.43,Nigeria_Synthesized_FAO_NASA
Zamfara,2024,"Cassava, fresh",714.1,26.35,20.36,33.59,49.36,20.63,49.6,31.7,27.0,6.48,103.0,4.05,271449.99,3929.02,Nigeria_Synthesized_FAO_NASA
Abia,2019,Cocoa beans,2019.69,25.82,22.82,29.42,86.11,16.27,47.5,32.0,22.7,6.45,76.9,6.14,23038.29,364.65,Nigeria_Synthesized_FAO_NASA
Adamawa,2019,Cocoa beans,960.01,27.76,22.27,33.74,56.41,20.28,51.4,30.7,22.8,6.21,52.0,6.79,29608.48,226.32,Nigeria_Synthesized_FAO_NASA
Akwa Ibom,2019,Cocoa beans,2231.91,26.29,23.81,29.49,86.47,16.27,45.4,27.5,26.1,5.93,45.7,2.08,26522.53,359.88,Nigeria_Synthesized_FAO_NASA
Anambra,2019,Cocoa beans,2330.26,25.85,22.81,29.34,85.38,17.04,48.5,28.8,24.2,6.37,92.9,3.2,27345.12,380.21,Nigeria_Synthesized_FAO_NASA
Bauchi,2019,Cocoa beans,867.4,26.58,20.84,33.37,51.51,20.5,51.6,31.6,23.8,5.9,46.6,8.29,18167.07,190.98,Nigeria_Synthesized_FAO_NASA
Bayelsa,2019,Cocoa beans,3319.11,26.16,23.71,29.38,87.88,15.0,51.2,29.3,23.5,5.97,89.2,7.04,27800.56,346.03,Nigeria_Synthesized_FAO_NASA
Benue,2019,Cocoa beans,1023.91,26.98,22.72,32.08,71.9,18.06,45.4,32.8,26.5,6.07,118.4,5.91,24369.51,246.27,Nigeria_Synthesized_FAO_NASA
Borno,2019,Cocoa beans,545.89,28.54,22.01,35.97,40.71,21.14,53.1,30.9,23.1,6.1,114.2,3.46,27496.83,190.97,Nigeria_Synthesized_FAO_NASA
Cross River,2019,Cocoa beans,2231.91,26.29,23.81,29.49,86.47,15.4,49.4,30.7,27.2,6.04,49.7,3.28,22958.93,351.83,Nigeria_Synthesized_FAO_NASA
Delta,2019,Cocoa beans,2330.26,25.85,22.81,29.34,85.38,16.34,47.9,31.9,26.8,6.41,113.5,3.64,26028.28,376.26,Nigeria_Synthesized_FAO_NASA
Ebonyi,2019,Cocoa beans,1142.89,26.36,22.7,30.77,79.82,17.53,53.4,31.4,26.4,6.3,54.2,5.54,23367.67,274.46,Nigeria_Synthesized_FAO_NASA
Edo,2019,Cocoa beans,2626.04,25.64,22.8,29.18,88.29,15.76,45.4,28.0,23.2,6.34,105.4,3.39,30215.51,379.31,Nigeria_Synthesized_FAO_NASA
Ekiti,2019,Cocoa beans,2325.44,24.63,21.43,28.64,85.23,16.92,52.3,30.3,25.5,6.21,63.8,5.67,28827.05,341.22,Nigeria_Synthesized_FAO_NASA
Enugu,2019,Cocoa beans,1601.35,25.72,22.28,29.72,82.47,17.04,51.4,31.6,23.3,6.18,40.7,3.6,29295.5,363.56,Nigeria_Synthesized_FAO_NASA
FCT Abuja,2019,Cocoa beans,1302.2,26.23,21.5,31.88,67.06,18.58,46.0,29.4,26.5,6.02,84.4,6.76,30997.04,310.11,Nigeria_Synthesized_FAO_NASA
Gombe,2019,Cocoa beans,1233.79,26.8,21.28,33.1,55.76,20.71,48.6,31.7,25.3,5.89,100.9,2.23,19454.2,293.86,Nigeria_Synthesized_FAO_NASA
Imo,2019,Cocoa beans,2559.56,26.01,23.05,29.59,86.4,16.27,54.6,29.2,24.1,5.98,64.4,7.7,19661.79,370.09,Nigeria_Synthesized_FAO_NASA
Jigawa,2019,Cocoa beans,485.81,27.58,20.91,35.54,41.33,20.87,49.5,31.3,26.9,6.26,71.3,4.68,22043.2,209.59,Nigeria_Synthesized_FAO_NASA
Kaduna,2019,Cocoa beans,1623.16,24.48,19.33,30.82,63.85,19.89,51.2,29.1,26.5,5.95,87.1,5.13,16800.26,349.86,Nigeria_Synthesized_FAO_NASA
Kano,2019,Cocoa beans,517.4,27.07,20.35,35.28,43.11,21.48,50.8,30.4,25.3,6.26,94.1,7.23,17685.38,201.69,Nigeria_Synthesized_FAO_NASA
Katsina,2019,Cocoa beans,702.35,26.88,20.7,33.83,42.66,21.26,50.0,27.5,22.8,6.1,102.8,6.6,28602.26,189.65,Nigeria_Synthesized_FAO_NASA
Kebbi,2019,Cocoa beans,975.0,27.47,21.57,34.45,51.71,21.15,49.4,27.9,24.1,6.16,47.1,3.43,24182.35,236.58,Nigeria_Synthesized_FAO_NASA
Kogi,2019,Cocoa beans,1251.26,27.25,22.95,32.23,71.52,17.31,55.0,32.6,25.7,6.15,90.9,7.11,27318.62,296.74,Nigeria_Synthesized_FAO_NASA
Kwara,2019,Cocoa beans,1645.89,25.35,21.41,30.21,78.48,18.09,53.4,29.3,25.4,6.25,54.8,4.35,22640.53,327.52,Nigeria_Synthesized_FAO_NASA
Lagos,2019,Cocoa beans,1952.69,26.78,25.09,28.91,85.85,16.26,45.2,32.0,23.9,6.21,63.9,8.11,17130.25,354.91,Nigeria_Synthesized_FAO_NASA
Nasarawa,2019,Cocoa beans,938.12,27.98,23.38,33.58,62.16,18.38,53.7,32.1,23.4,6.39,76.7,5.14,22924.18,205.95,Nigeria_Synthesized_FAO_NASA
Niger,2019,Cocoa beans,1226.48,26.93,22.01,32.45,68.58,18.47,52.3,30.0,24.7,6.34,101.2,3.03,17911.53,271.04,Nigeria_Synthesized_FAO_NASA
Ogun,2019,Cocoa beans,1932.32,26.05,23.09,29.76,86.83,16.7,52.5,30.9,27.3,5.93,44.6,3.83,18697.81,362.82,Nigeria_Synthesized_FAO_NASA
Ondo,2019,Cocoa beans,2325.44,24.63,21.43,28.64,85.23,16.92,54.1,28.5,23.9,6.36,76.0,7.05,20300.81,327.9,Nigeria_Synthesized_FAO_NASA
Osun,2019,Cocoa beans,2184.61,24.92,21.46,29.14,83.53,16.53,45.3,27.4,27.0,5.98,82.6,4.67,23755.87,320.16,Nigeria_Synthesized_FAO_NASA
Oyo,2019,Cocoa beans,2257.17,25.43,22.21,29.34,86.49,16.7,45.2,31.0,27.3,6.24,114.9,2.34,29676.2,341.16,Nigeria_Synthesized_FAO_NASA
Plateau,2019,Cocoa beans,1166.1,23.54,18.25,30.23,58.25,18.6,52.3,32.9,23.8,6.3,55.8,5.67,20490.07,242.66,Nigeria_Synthesized_FAO_NASA
Rivers,2019,Cocoa beans,3286.85,26.06,23.24,29.71,87.68,15.01,51.1,29.1,23.1,5.98,58.0,3.63,30712.64,354.58,Nigeria_Synthesized_FAO_NASA
Sokoto,2019,Cocoa beans,1088.13,27.34,21.33,34.05,48.97,21.64,50.2,27.7,26.8,6.34,45.4,6.6,24813.55,267.59,Nigeria_Synthesized_FAO_NASA
Taraba,2019,Cocoa beans,982.97,27.29,22.23,33.11,61.02,19.1,49.6,29.9,23.3,6.48,108.0,6.35,17927.67,230.83,Nigeria_Synthesized_FAO_NASA
Yobe,2019,Cocoa beans,776.03,27.41,21.34,34.46,46.98,21.13,51.5,30.3,22.8,6.21,104.5,4.99,22667.25,194.0,Nigeria_Synthesized_FAO_NASA
Zamfara,2019,Cocoa beans,738.05,26.25,20.33,33.26,49.44,21.28,47.0,28.6,23.3,6.09,100.5,5.38,28045.48,179.32,Nigeria_Synthesized_FAO_NASA
Abia,2020,Cocoa beans,2029.78,25.76,22.57,29.63,85.2,16.76,53.8,32.2,23.7,6.17,118.8,7.02,39402.47,358.83,Nigeria_Synthesized_FAO_NASA
Adamawa,2020,Cocoa beans,982.6,27.15,21.49,33.42,57.83,20.76,49.6,32.5,25.2,6.2,48.4,6.27,23741.18,226.72,Nigeria_Synthesized_FAO_NASA
Akwa Ibom,2020,Cocoa beans,2982.8,26.24,23.63,29.59,86.16,16.76,52.8,32.8,23.5,6.21,63.0,7.15,29816.16,401.95,Nigeria_Synthesized_FAO_NASA
Anambra,2020,Cocoa beans,2228.5,25.76,22.46,29.53,84.05,17.58,53.0,29.4,27.1,6.22,52.6,6.52,34714.49,381.29,Nigeria_Synthesized_FAO_NASA
Bauchi,2020,Cocoa beans,2013.76,24.95,19.31,31.5,59.51,20.92,53.6,32.4,23.9,6.5,51.3,3.31,28589.3,384.34,Nigeria_Synthesized_FAO_NASA
Bayelsa,2020,Cocoa beans,3495.17,26.08,23.46,29.46,87.47,15.56,51.5,27.9,24.7,6.27,46.7,7.74,39713.91,361.16,Nigeria_Synthesized_FAO_NASA
Benue,2020,Cocoa beans,1209.6,26.41,22.11,31.55,72.34,18.7,54.7,29.5,27.4,6.3,90.8,3.08,32221.1,312.41,Nigeria_Synthesized_FAO_NASA
Borno,2020,Cocoa beans,545.45,28.06,21.39,35.6,42.48,21.41,46.6,27.1,25.3,6.22,97.5,7.79,30723.31,216.39,Nigeria_Synthesized_FAO_NASA
Cross River,2020,Cocoa beans,2982.8,26.24,23.63,29.59,86.16,15.31,46.9,32.1,26.6,6.23,96.8,4.04,36582.26,356.53,Nigeria_Synthesized_FAO_NASA
Delta,2020,Cocoa beans,2228.5,25.76,22.46,29.53,84.05,16.94,49.6,29.1,25.0,6.4,66.8,3.13,38319.49,374.88,Nigeria_Synthesized_FAO_NASA
Ebonyi,2020,Cocoa beans,1251.59,26.36,22.44,31.15,77.86,18.1,46.0,28.4,23.2,6.11,76.0,6.87,38403.16,318.25,Nigeria_Synthesized_FAO_NASA
Edo,2020,Cocoa beans,2111.49,25.46,22.36,29.3,87.0,16.43,48.5,32.0,24.9,6.5,90.7,2.82,34451.35,382.12,Nigeria_Synthesized_FAO_NASA
Ekiti,2020,Cocoa beans,1688.06,24.44,20.97,28.85,83.66,17.35,51.9,27.4,23.4,6.42,58.2,7.44,28750.08,371.31,Nigeria_Synthesized_FAO_NASA
Enugu,2020,Cocoa beans,1630.95,25.64,21.91,30.0,80.61,17.58,51.9,30.1,24.0,6.02,42.7,3.98,34874.44,361.96,Nigeria_Synthesized_FAO_NASA
FCT Abuja,2020,Cocoa beans,1389.91,25.33,20.59,31.05,70.06,19.24,53.7,31.6,26.4,6.3,60.8,7.9,40567.97,339.17,Nigeria_Synthesized_FAO_NASA
Gombe,2020,Cocoa beans,1610.11,25.46,19.91,31.96,61.65,21.05,46.1,29.7,24.8,6.43,83.7,4.47,33285.6,383.29,Nigeria_Synthesized_FAO_NASA
Imo,2020,Cocoa beans,2537.08,25.96,22.78,29.79,85.46,16.76,49.2,27.3,26.2,6.46,62.4,7.58,24618.39,407.88,Nigeria_Synthesized_FAO_NASA
Jigawa,2020,Cocoa beans,1348.11,26.04,19.53,33.9,50.64,21.0,52.5,31.8,22.6,6.49,98.1,3.98,40037.31,317.39,Nigeria_Synthesized_FAO_NASA
Kaduna,2020,Cocoa beans,3398.52,23.14,18.43,29.08,70.9,20.28,53.7,27.7,26.0,6.23,47.7,3.57,27910.13,364.1,Nigeria_Synthesized_FAO_NASA
Kano,2020,Cocoa beans,1291.71,25.59,19.15,33.6,52.35,21.5,48.0,30.6,24.0,6.08,99.5,2.31,31518.84,286.0,Nigeria_Synthesized_FAO_NASA
Katsina,2020,Cocoa beans,1539.75,25.3,19.52,31.74,53.57,21.05,51.7,30.6,27.0,6.0,46.3,3.56,38909.75,390.02,Nigeria_Synthesized_FAO_NASA
Kebbi,2020,Cocoa beans,1131.67,26.83,21.14,33.82,56.95,20.69,50.8,33.0,26.8,6.21,45.1,7.4,23152.71,295.63,Nigeria_Synthesized_FAO_NASA
Kogi,2020,Cocoa beans,1391.1,26.62,22.18,31.74,72.68,17.84,45.9,32.5,25.8,6.4,110.3,5.72,24699.57,350.3,Nigeria_Synthesized_FAO_NASA
Kwara,2020,Cocoa beans,1204.71,25.26,20.98,30.59,76.31,18.29,48.2,29.6,26.4,6.26,111.4,4.88,30779.92,287.11,Nigeria_Synthesized_FAO_NASA
Lagos,2020,Cocoa beans,1510.91,26.41,24.55,28.78,85.34,16.91,50.9,31.2,23.7,6.21,48.3,4.5,34651.38,378.53,Nigeria_Synthesized_FAO_NASA
Nasarawa,2020,Cocoa beans,1078.68,27.24,22.6,32.97,63.62,19.25,54.5,30.6,26.2,6.2,90.7,2.46,35054.49,268.0,Nigeria_Synthesized_FAO_NASA
Niger,2020,Cocoa beans,1309.13,26.28,21.2,32.07,70.38,18.94,49.7,27.3,23.2,6.06,117.7,4.15,29458.33,308.55,Nigeria_Synthesized_FAO_NASA
Ogun,2020,Cocoa beans,1525.8,25.74,22.52,29.83,85.71,16.87,51.1,28.7,23.5,6.21,40.4,2.05,26263.81,367.07,Nigeria_Synthesized_FAO_NASA
Ondo,2020,Cocoa beans,1688.06,24.44,20.97,28.85,83.66,17.35,46.1,29.0,26.5,6.24,81.0,3.91,23192.24,344.9,Nigeria_Synthesized_FAO_NASA
Osun,2020,Cocoa beans,1523.34,24.79,21.01,29.45,81.59,16.86,45.9,30.7,23.1,6.1,80.6,7.68,30135.98,381.29,Nigeria_Synthesized_FAO_NASA
Oyo,2020,Cocoa beans,1568.36,25.24,21.73,29.6,84.71,16.87,54.9,27.8,23.9,6.13,73.7,4.67,36018.78,370.13,Nigeria_Synthesized_FAO_NASA
Plateau,2020,Cocoa beans,3385.52,22.35,17.41,28.56,63.84,19.39,51.1,28.9,26.6,6.48,105.7,2.01,36245.69,358.55,Nigeria_Synthesized_FAO_NASA
Rivers,2020,Cocoa beans,3361.46,26.04,23.03,29.87,87.03,15.21,47.6,27.4,25.5,6.32,49.2,4.49,23470.03,388.2,Nigeria_Synthesized_FAO_NASA
Sokoto,2020,Cocoa beans,1145.58,26.35,20.64,33.04,56.06,21.49,46.2,29.5,26.3,5.93,46.4,4.31,29597.09,279.68,Nigeria_Synthesized_FAO_NASA
Taraba,2020,Cocoa beans,1075.73,26.37,21.19,32.39,64.01,19.69,51.8,29.2,25.5,5.9,90.9,7.94,35369.57,283.35,Nigeria_Synthesized_FAO_NASA
Yobe,2020,Cocoa beans,792.26,26.9,20.63,34.19,48.36,21.55,52.2,27.7,27.0,5.93,82.7,2.92,39322.85,213.78,Nigeria_Synthesized_FAO_NASA
Zamfara,2020,Cocoa beans,1146.34,25.26,19.6,32.14,55.83,20.88,48.0,29.9,25.4,5.92,49.8,5.63,30618.17,251.16,Nigeria_Synthesized_FAO_NASA
Abia,2021,Cocoa beans,1877.25,25.78,22.8,29.53,86.39,16.48,51.5,32.1,26.0,6.16,93.8,3.79,30967.29,339.44,Nigeria_Synthesized_FAO_NASA
Adamawa,2021,Cocoa beans,945.3,27.6,21.95,33.88,56.24,20.8,49.5,31.8,26.6,6.42,113.3,4.8,31944.27,208.39,Nigeria_Synthesized_FAO_NASA
Akwa Ibom,2021,Cocoa beans,2456.61,26.21,23.74,29.42,87.15,16.48,48.7,30.6,26.0,6.32,70.0,3.08,28566.55,342.61,Nigeria_Synthesized_FAO_NASA
Anambra,2021,Cocoa beans,2208.72,25.78,22.8,29.34,86.04,17.38,53.9,29.1,23.3,5.91,91.7,6.14,21385.9,344.3,Nigeria_Synthesized_FAO_NASA
Bauchi,2021,Cocoa beans,3305.27,25.04,19.49,31.42,60.49,21.27,49.1,28.9,25.9,6.27,69.2,3.42,20228.09,331.47,Nigeria_Synthesized_FAO_NASA
Bayelsa,2021,Cocoa beans,3490.5,26.11,23.68,29.29,88.5,15.38,51.9,27.8,24.9,5.91,80.4,8.27,26472.54,379.22,Nigeria_Synthesized_FAO_NASA
Benue,2021,Cocoa beans,1524.55,26.51,22.31,31.46,73.01,18.37,45.3,29.3,23.3,5.9,100.5,4.98,19693.7,341.55,Nigeria_Synthesized_FAO_NASA
Borno,2021,Cocoa beans,444.23,28.5,21.62,36.32,39.39,21.77,46.2,32.7,24.1,6.44,88.2,7.37,33758.98,179.58,Nigeria_Synthesized_FAO_NASA
Cross River,2021,Cocoa beans,2456.61,26.21,23.74,29.42,87.15,15.69,54.6,29.3,24.4,6.1,83.3,3.0,23767.64,380.16,Nigeria_Synthesized_FAO_NASA
Delta,2021,Cocoa beans,2208.72,25.78,22.8,29.34,86.04,16.78,52.6,32.0,24.7,6.08,60.7,3.27,27905.11,351.16,Nigeria_Synthesized_FAO_NASA
Ebonyi,2021,Cocoa beans,780.95,26.73,22.83,31.71,77.1,17.93,47.7,32.8,25.3,6.11,86.4,2.9,24650.38,179.36,Nigeria_Synthesized_FAO_NASA
Edo,2021,Cocoa beans,2357.05,25.6,22.85,29.07,89.16,16.34,49.9,29.4,27.5,6.44,89.9,5.7,29285.85,343.12,Nigeria_Synthesized_FAO_NASA
Ekiti,2021,Cocoa beans,2803.84,24.66,21.47,28.82,85.48,17.19,49.0,27.2,24.9,6.23,58.2,8.27,22345.02,342.52,Nigeria_Synthesized_FAO_NASA
Enugu,2021,Cocoa beans,1288.82,25.72,22.24,30.06,82.26,17.38,50.3,32.2,23.2,6.38,50.0,7.16,30852.45,305.92,Nigeria_Synthesized_FAO_NASA
FCT Abuja,2021,Cocoa beans,1369.92,25.61,20.82,31.36,68.57,19.4,54.4,27.9,24.8,6.5,78.7,7.61,33383.42,293.22,Nigeria_Synthesized_FAO_NASA
Gombe,2021,Cocoa beans,2221.85,25.9,20.36,32.35,60.63,21.29,47.9,28.2,26.3,6.13,80.9,5.2,25187.49,354.44,Nigeria_Synthesized_FAO_NASA
Imo,2021,Cocoa beans,2610.4,25.97,23.05,29.59,86.97,16.48,54.8,29.4,26.6,6.36,85.9,8.21,33195.35,354.56,Nigeria_Synthesized_FAO_NASA
Jigawa,2021,Cocoa beans,1693.73,25.93,19.29,33.69,51.02,21.81,53.5,29.6,26.7,6.44,45.0,7.74,20841.48,333.04,Nigeria_Synthesized_FAO_NASA
Kaduna,2021,Cocoa beans,6360.7,23.35,18.52,29.42,70.17,20.72,51.3,32.6,22.6,6.19,95.0,6.7,27394.3,319.17,Nigeria_Synthesized_FAO_NASA
Kano,2021,Cocoa beans,1845.71,25.31,18.75,33.21,53.87,22.26,48.0,29.2,26.5,6.06,56.9,8.22,21252.63,353.65,Nigeria_Synthesized_FAO_NASA
Katsina,2021,Cocoa beans,1784.49,25.63,19.61,32.47,49.51,21.82,51.8,32.0,24.0,5.9,99.0,7.42,35355.46,319.31,Nigeria_Synthesized_FAO_NASA
Kebbi,2021,Cocoa beans,925.26,27.38,21.34,34.71,52.95,21.44,52.5,31.6,25.8,6.36,107.7,5.99,21390.09,220.06,Nigeria_Synthesized_FAO_NASA
Kogi,2021,Cocoa beans,2024.23,26.62,22.46,31.48,74.62,17.63,45.8,29.4,24.5,5.93,67.9,2.72,27021.8,333.76,Nigeria_Synthesized_FAO_NASA
Kwara,2021,Cocoa beans,1764.69,25.68,21.46,30.92,74.97,18.45,45.7,32.7,25.1,6.08,46.1,5.25,34536.58,364.21,Nigeria_Synthesized_FAO_NASA
Lagos,2021,Cocoa beans,1713.6,26.77,25.1,28.92,85.31,16.64,45.5,27.4,24.5,6.07,58.6,3.83,30606.51,375.82,Nigeria_Synthesized_FAO_NASA
Nasarawa,2021,Cocoa beans,1517.79,27.2,22.63,32.72,64.83,19.03,49.1,32.4,24.1,6.19,58.1,6.16,34235.05,366.48,Nigeria_Synthesized_FAO_NASA
Niger,2021,Cocoa beans,1567.28,26.65,21.5,32.49,68.64,19.19,48.6,30.9,23.1,6.44,80.2,4.92,28914.38,385.01,Nigeria_Synthesized_FAO_NASA
Ogun,2021,Cocoa beans,1752.89,26.03,23.06,29.86,86.44,17.14,45.7,31.1,23.7,6.33,105.8,7.23,29262.15,355.7,Nigeria_Synthesized_FAO_NASA
Ondo,2021,Cocoa beans,2803.84,24.66,21.47,28.82,85.48,17.19,46.4,31.7,23.9,6.2,62.7,2.87,27553.35,338.85,Nigeria_Synthesized_FAO_NASA
Osun,2021,Cocoa beans,2545.61,25.1,21.46,29.67,82.03,16.81,52.5,28.9,22.5,6.21,43.7,3.8,19944.2,347.86,Nigeria_Synthesized_FAO_NASA
Oyo,2021,Cocoa beans,2405.57,25.45,22.18,29.58,85.99,17.14,53.4,27.0,23.7,6.35,65.3,2.66,20080.72,356.01,Nigeria_Synthesized_FAO_NASA
Plateau,2021,Cocoa beans,6143.64,22.42,17.47,28.63,64.07,19.45,53.4,28.9,26.4,6.44,74.7,7.91,23473.42,304.77,Nigeria_Synthesized_FAO_NASA
Rivers,2021,Cocoa beans,3286.06,26.06,23.27,29.7,88.29,15.22,45.9,31.1,25.0,6.13,90.6,6.58,34804.3,344.31,Nigeria_Synthesized_FAO_NASA
Sokoto,2021,Cocoa beans,1248.4,26.82,20.76,33.8,52.26,22.27,52.1,31.0,27.3,6.36,116.1,6.57,21783.79,264.84,Nigeria_Synthesized_FAO_NASA
Taraba,2021,Cocoa beans,995.65,26.9,21.62,32.99,61.7,19.68,52.8,30.9,22.7,6.11,116.5,5.25,20777.79,222.54,Nigeria_Synthesized_FAO_NASA
Yobe,2021,Cocoa beans,1602.2,26.8,20.56,34.02,49.32,22.04,47.1,29.2,24.3,5.92,101.4,4.71,26532.94,355.37,Nigeria_Synthesized_FAO_NASA
Zamfara,2021,Cocoa beans,1543.33,25.19,19.44,32.19,55.73,21.79,47.1,30.9,24.9,6.44,57.3,6.41,32946.59,355.55,Nigeria_Synthesized_FAO_NASA
Abia,2022,Cocoa beans,1579.69,25.57,22.28,29.59,84.63,16.48,46.4,30.9,26.2,6.09,91.6,4.57,26061.04,345.4,Nigeria_Synthesized_FAO_NASA
Adamawa,2022,Cocoa beans,1250.17,26.34,20.98,32.39,61.0,20.39,53.9,28.7,24.3,5.93,48.9,5.35,24348.21,288.19,Nigeria_Synthesized_FAO_NASA
Akwa Ibom,2022,Cocoa beans,3367.59,26.03,23.38,29.41,86.43,16.48,45.1,29.3,24.2,5.9,49.9,4.69,35690.27,331.64,Nigeria_Synthesized_FAO_NASA
Anambra,2022,Cocoa beans,1520.42,25.52,22.18,29.44,83.61,17.09,50.3,30.6,22.5,6.18,117.1,5.37,28003.87,330.04,Nigeria_Synthesized_FAO_NASA
Bauchi,2022,Cocoa beans,2192.25,23.61,18.14,29.92,65.09,20.54,52.7,31.6,25.1,6.5,50.0,2.11,26356.29,327.74,Nigeria_Synthesized_FAO_NASA
Bayelsa,2022,Cocoa beans,2262.15,25.86,23.18,29.29,87.25,15.34,46.2,28.6,22.6,6.07,101.9,5.37,35185.35,357.45,Nigeria_Synthesized_FAO_NASA
Benue,2022,Cocoa beans,1847.07,25.08,21.17,29.65,77.48,18.09,45.0,28.8,25.7,6.49,107.8,2.15,27423.62,326.21,Nigeria_Synthesized_FAO_NASA
Borno,2022,Cocoa beans,476.63,27.77,21.18,35.35,41.4,21.11,52.8,29.7,24.5,6.08,45.3,3.48,34758.29,198.52,Nigeria_Synthesized_FAO_NASA
Cross River,2022,Cocoa beans,3367.59,26.03,23.38,29.41,86.43,15.25,52.5,29.8,22.8,6.48,115.4,7.1,29426.16,330.48,Nigeria_Synthesized_FAO_NASA
Delta,2022,Cocoa beans,1520.42,25.52,22.18,29.44,83.61,16.56,54.6,27.5,24.3,6.03,55.7,2.92,30502.94,356.39,Nigeria_Synthesized_FAO_NASA
Ebonyi,2022,Cocoa beans,1089.98,26.56,22.33,31.89,73.62,17.56,50.8,27.9,26.6,6.28,71.1,6.38,34724.84,249.4,Nigeria_Synthesized_FAO_NASA
Edo,2022,Cocoa beans,1751.31,25.24,22.22,29.04,87.11,16.2,54.2,28.7,24.8,6.44,96.6,2.4,26950.4,323.13,Nigeria_Synthesized_FAO_NASA
Ekiti,2022,Cocoa beans,2113.63,24.07,20.77,28.17,85.26,17.06,51.3,29.7,23.2,6.48,82.4,3.57,20936.78,305.33,Nigeria_Synthesized_FAO_NASA
Enugu,2022,Cocoa beans,1234.16,25.55,21.69,30.33,78.39,17.09,45.8,28.6,26.5,6.17,83.7,4.81,32911.91,268.49,Nigeria_Synthesized_FAO_NASA
FCT Abuja,2022,Cocoa beans,1760.93,24.61,19.96,30.21,72.48,18.75,49.5,28.3,22.7,6.41,118.5,7.16,23751.66,305.3,Nigeria_Synthesized_FAO_NASA
Gombe,2022,Cocoa beans,2531.68,24.85,19.37,31.35,62.57,20.6,54.6,28.2,27.3,6.51,96.9,8.38,25110.48,350.67,Nigeria_Synthesized_FAO_NASA
Imo,2022,Cocoa beans,1729.51,25.75,22.53,29.66,85.07,16.48,49.4,30.6,22.9,6.28,118.5,3.24,25423.59,345.27,Nigeria_Synthesized_FAO_NASA
Jigawa,2022,Cocoa beans,764.89,25.49,18.93,33.6,50.77,20.59,54.4,32.8,25.1,6.5,100.6,3.05,36981.2,190.91,Nigeria_Synthesized_FAO_NASA
Kaduna,2022,Cocoa beans,4954.11,22.45,17.78,28.41,73.02,19.63,47.5,30.8,25.8,5.99,85.2,7.02,33601.97,305.21,Nigeria_Synthesized_FAO_NASA
Kano,2022,Cocoa beans,781.04,24.6,18.13,32.79,55.71,20.9,45.1,29.1,27.1,6.03,90.7,3.44,21012.75,177.24,Nigeria_Synthesized_FAO_NASA
Katsina,2022,Cocoa beans,1325.45,24.72,18.93,31.41,53.18,20.62,52.3,27.6,24.6,5.91,78.5,6.31,35914.2,272.8,Nigeria_Synthesized_FAO_NASA
Kebbi,2022,Cocoa beans,980.15,26.68,20.86,33.83,54.97,20.66,49.0,32.5,27.5,5.92,100.9,4.42,25946.66,207.29,Nigeria_Synthesized_FAO_NASA
Kogi,2022,Cocoa beans,1437.67,25.42,21.41,29.88,78.17,17.55,54.2,32.7,25.4,6.11,103.0,3.63,34242.53,306.09,Nigeria_Synthesized_FAO_NASA
Kwara,2022,Cocoa beans,1540.4,24.76,20.61,29.83,78.16,18.05,51.6,28.4,23.5,6.46,48.1,5.29,27189.02,330.12,Nigeria_Synthesized_FAO_NASA
Lagos,2022,Cocoa beans,1637.38,26.36,24.55,28.59,85.07,16.58,45.4,28.1,26.8,6.07,116.0,5.78,21490.97,332.42,Nigeria_Synthesized_FAO_NASA
Nasarawa,2022,Cocoa beans,1908.77,25.78,21.49,31.12,70.43,18.69,50.2,31.6,23.9,6.11,111.5,8.15,31137.66,338.32,Nigeria_Synthesized_FAO_NASA
Niger,2022,Cocoa beans,1218.58,25.95,20.84,31.8,71.14,18.49,52.8,29.9,25.0,6.02,87.3,3.21,28274.08,285.25,Nigeria_Synthesized_FAO_NASA
Ogun,2022,Cocoa beans,1698.93,25.61,22.45,29.56,86.01,16.65,47.1,27.4,22.8,6.47,80.6,4.66,36038.77,330.81,Nigeria_Synthesized_FAO_NASA
Ondo,2022,Cocoa beans,2113.63,24.07,20.77,28.17,85.26,17.06,48.3,31.2,26.4,6.3,52.1,7.69,35696.43,339.68,Nigeria_Synthesized_FAO_NASA
Osun,2022,Cocoa beans,2171.52,24.37,20.75,28.76,83.32,16.56,49.3,27.2,23.1,6.36,40.0,4.71,25832.35,328.82,Nigeria_Synthesized_FAO_NASA
Oyo,2022,Cocoa beans,2188.72,25.01,21.57,29.19,85.48,16.65,54.7,28.4,24.0,6.08,58.4,2.01,21770.91,334.79,Nigeria_Synthesized_FAO_NASA
Plateau,2022,Cocoa beans,4912.41,21.6,16.62,27.93,66.17,18.96,47.2,31.0,26.2,6.42,73.8,3.97,38031.99,308.21,Nigeria_Synthesized_FAO_NASA
Rivers,2022,Cocoa beans,2252.03,25.81,22.77,29.66,87.1,15.13,53.2,28.1,24.4,6.45,104.5,8.4,33500.19,332.54,Nigeria_Synthesized_FAO_NASA
Sokoto,2022,Cocoa beans,1156.6,26.01,20.22,32.86,54.85,21.23,50.9,31.0,22.9,6.23,96.7,3.09,27806.1,265.6,Nigeria_Synthesized_FAO_NASA
Taraba,2022,Cocoa beans,1228.08,25.86,20.77,31.75,65.52,19.13,54.5,27.3,23.8,6.26,63.7,6.64,31203.33,281.85,Nigeria_Synthesized_FAO_NASA
Yobe,2022,Cocoa beans,893.85,26.19,20.1,33.36,49.44,21.16,50.1,30.1,24.3,6.47,106.2,6.53,22624.45,206.56,Nigeria_Synthesized_FAO_NASA
Zamfara,2022,Cocoa beans,1059.55,24.33,18.79,31.18,58.41,20.65,54.2,31.2,26.1,6.42,61.9,7.25,29027.55,229.26,Nigeria_Synthesized_FAO_NASA
Abia,2023,Cocoa beans,1475.58,26.0,22.97,29.78,85.98,16.51,48.4,32.9,26.8,6.32,98.2,5.65,31505.91,309.06,Nigeria_Synthesized_FAO_NASA
Adamawa,2023,Cocoa beans,519.27,29.06,23.09,35.71,48.82,20.47,48.8,28.0,26.4,6.35,70.7,2.16,34650.58,191.69,Nigeria_Synthesized_FAO_NASA
Akwa Ibom,2023,Cocoa beans,2436.57,26.42,24.01,29.57,87.24,16.51,52.0,32.8,24.7,6.04,96.4,7.31,24547.9,366.83,Nigeria_Synthesized_FAO_NASA
Anambra,2023,Cocoa beans,1615.95,26.03,22.88,29.77,84.86,17.37,45.5,30.0,26.1,6.42,54.3,7.2,44460.21,346.37,Nigeria_Synthesized_FAO_NASA
Bauchi,2023,Cocoa beans,697.86,26.4,20.3,33.58,51.79,20.63,46.3,32.2,23.3,6.08,63.2,7.66,32573.02,188.83,Nigeria_Synthesized_FAO_NASA
Bayelsa,2023,Cocoa beans,1814.82,26.3,23.77,29.56,87.72,15.29,47.5,30.7,25.4,6.41,112.5,2.08,40910.53,356.26,Nigeria_Synthesized_FAO_NASA
Benue,2023,Cocoa beans,944.03,26.63,22.48,31.5,74.24,18.47,50.5,28.7,24.0,6.11,89.7,4.17,25390.09,217.82,Nigeria_Synthesized_FAO_NASA
Borno,2023,Cocoa beans,343.14,29.63,22.82,37.31,35.78,20.81,45.7,31.7,23.9,6.16,94.8,4.16,32739.17,182.17,Nigeria_Synthesized_FAO_NASA
Cross River,2023,Cocoa beans,2436.57,26.42,24.01,29.57,87.24,15.23,54.4,30.9,25.9,6.28,55.9,4.72,32101.42,323.27,Nigeria_Synthesized_FAO_NASA
Delta,2023,Cocoa beans,1615.95,26.03,22.88,29.77,84.86,16.79,47.8,28.7,24.7,6.5,45.4,5.37,26422.3,357.62,Nigeria_Synthesized_FAO_NASA
Ebonyi,2023,Cocoa beans,798.23,27.26,23.22,32.34,75.35,17.86,46.1,29.4,26.2,6.33,73.8,4.25,44536.09,179.49,Nigeria_Synthesized_FAO_NASA
Edo,2023,Cocoa beans,1676.66,25.77,22.82,29.43,87.56,16.33,47.1,29.9,23.8,6.07,92.5,8.3,29816.74,335.47,Nigeria_Synthesized_FAO_NASA
Ekiti,2023,Cocoa beans,2169.85,24.73,21.45,28.77,85.2,17.29,45.8,32.7,24.0,5.95,87.9,6.05,25914.01,335.48,Nigeria_Synthesized_FAO_NASA
Enugu,2023,Cocoa beans,1108.57,26.27,22.56,30.82,79.47,17.37,45.2,32.8,23.8,6.31,96.5,5.97,29881.87,251.98,Nigeria_Synthesized_FAO_NASA
FCT Abuja,2023,Cocoa beans,1030.73,25.93,21.23,31.83,70.09,19.26,51.0,32.2,27.2,5.96,52.4,8.14,29958.84,219.69,Nigeria_Synthesized_FAO_NASA
Gombe,2023,Cocoa beans,862.01,27.1,21.19,33.91,53.37,20.53,47.0,30.5,26.0,6.31,72.7,2.1,42709.03,202.47,Nigeria_Synthesized_FAO_NASA
Imo,2023,Cocoa beans,1777.67,26.17,23.15,29.88,86.12,16.51,49.5,32.7,24.5,6.41,55.1,6.37,29583.89,349.88,Nigeria_Synthesized_FAO_NASA
Jigawa,2023,Cocoa beans,423.99,28.08,21.04,36.39,38.64,20.91,45.1,29.6,23.0,6.35,113.2,4.82,26433.14,198.58,Nigeria_Synthesized_FAO_NASA
Kaduna,2023,Cocoa beans,2465.41,24.0,18.96,30.15,67.86,20.1,52.2,27.1,25.4,6.27,91.0,3.57,33361.69,309.81,Nigeria_Synthesized_FAO_NASA
Kano,2023,Cocoa beans,404.08,27.34,20.3,35.93,42.1,21.23,47.0,32.3,26.2,5.9,59.9,3.39,26214.31,195.2,Nigeria_Synthesized_FAO_NASA
Katsina,2023,Cocoa beans,982.9,26.58,20.38,33.43,45.93,20.87,45.6,29.8,26.2,6.27,93.8,2.53,29468.41,212.23,Nigeria_Synthesized_FAO_NASA
Kebbi,2023,Cocoa beans,730.22,28.19,22.1,35.52,49.11,21.05,53.1,31.9,27.2,6.23,56.0,6.01,41781.74,197.16,Nigeria_Synthesized_FAO_NASA
Kogi,2023,Cocoa beans,1484.52,26.48,22.44,31.06,77.19,17.79,50.2,27.4,24.4,6.46,86.8,5.5,39686.05,344.62,Nigeria_Synthesized_FAO_NASA
Kwara,2023,Cocoa beans,1579.72,25.6,21.52,30.56,78.01,18.12,54.0,31.0,26.4,6.17,90.4,3.61,31987.39,326.7,Nigeria_Synthesized_FAO_NASA
Lagos,2023,Cocoa beans,1725.77,26.85,25.11,28.99,85.4,16.75,49.4,30.9,27.2,5.93,106.0,3.9,33219.96,364.12,Nigeria_Synthesized_FAO_NASA
Nasarawa,2023,Cocoa beans,792.72,27.73,23.06,33.55,63.92,18.98,48.0,30.0,22.8,6.19,114.2,2.69,24766.59,184.83,Nigeria_Synthesized_FAO_NASA
Niger,2023,Cocoa beans,980.38,27.13,22.06,32.82,68.69,18.85,51.6,28.6,23.3,5.99,45.6,3.21,32846.35,231.06,Nigeria_Synthesized_FAO_NASA
Ogun,2023,Cocoa beans,1751.53,26.09,23.04,29.88,86.48,16.84,53.1,31.1,23.1,6.07,64.8,3.62,42681.88,353.5,Nigeria_Synthesized_FAO_NASA
Ondo,2023,Cocoa beans,2169.85,24.73,21.45,28.77,85.2,17.29,48.6,29.1,26.6,6.38,64.6,7.94,35469.38,330.8,Nigeria_Synthesized_FAO_NASA
Osun,2023,Cocoa beans,2201.65,25.06,21.5,29.39,83.52,16.78,48.5,30.0,27.2,6.43,48.2,4.55,31118.35,357.67,Nigeria_Synthesized_FAO_NASA
Oyo,2023,Cocoa beans,2213.93,25.55,22.23,29.59,86.03,16.84,46.9,32.2,25.9,6.41,108.7,6.86,34793.81,341.61,Nigeria_Synthesized_FAO_NASA
Plateau,2023,Cocoa beans,2848.18,23.43,18.07,30.06,59.1,19.25,46.6,31.0,23.4,6.32,58.4,2.76,37032.02,313.12,Nigeria_Synthesized_FAO_NASA
Rivers,2023,Cocoa beans,1891.07,26.21,23.36,29.86,87.72,14.97,52.2,31.4,25.1,5.99,46.7,2.12,24351.49,327.21,Nigeria_Synthesized_FAO_NASA
Sokoto,2023,Cocoa beans,789.78,27.79,21.68,34.73,47.25,21.37,47.4,29.1,23.0,6.03,81.5,5.95,42872.85,176.2,Nigeria_Synthesized_FAO_NASA
Taraba,2023,Cocoa beans,410.16,28.57,22.82,35.08,53.6,19.38,48.9,28.4,23.6,6.49,89.3,5.62,25512.95,174.3,Nigeria_Synthesized_FAO_NASA
Yobe,2023,Cocoa beans,406.07,28.53,21.87,36.21,40.3,21.27,50.4,31.2,26.0,6.0,80.0,4.68,33247.94,179.48,Nigeria_Synthesized_FAO_NASA
Zamfara,2023,Cocoa beans,540.96,26.93,20.75,34.3,46.38,21.09,50.3,27.7,25.5,5.96,67.0,2.93,37466.93,201.56,Nigeria_Synthesized_FAO_NASA
Abia,2024,Cocoa beans,1371.1,26.26,22.98,30.44,83.64,16.73,48.9,32.4,23.5,6.2,73.5,2.12,28951.67,309.88,Nigeria_Synthesized_FAO_NASA
Adamawa,2024,Cocoa beans,935.61,28.37,22.56,34.94,52.06,20.19,49.7,30.4,25.6,6.32,60.3,2.06,26058.31,210.61,Nigeria_Synthesized_FAO_NASA
Akwa Ibom,2024,Cocoa beans,1887.73,26.7,24.02,30.21,85.14,16.73,53.4,31.9,26.7,6.19,66.7,7.15,35898.05,359.08,Nigeria_Synthesized_FAO_NASA
Anambra,2024,Cocoa beans,1360.79,26.34,22.94,30.45,82.05,17.55,53.5,32.3,24.8,5.94,71.0,7.22,28470.67,296.78,Nigeria_Synthesized_FAO_NASA
Bauchi,2024,Cocoa beans,1109.06,26.3,20.35,33.25,52.28,20.55,45.7,32.3,24.4,6.23,117.4,2.43,28893.06,259.14,Nigeria_Synthesized_FAO_NASA
Bayelsa,2024,Cocoa beans,1913.76,26.75,24.06,30.28,85.78,15.55,48.8,31.8,24.7,6.51,84.7,4.09,26165.01,355.45,Nigeria_Synthesized_FAO_NASA
Benue,2024,Cocoa beans,1021.39,27.15,22.6,32.57,67.47,18.62,48.7,27.4,24.3,6.18,97.8,6.27,31993.96,217.8,Nigeria_Synthesized_FAO_NASA
Borno,2024,Cocoa beans,583.5,28.57,22.0,36.05,40.59,20.7,47.2,31.0,24.9,5.89,104.4,7.02,24778.67,185.49,Nigeria_Synthesized_FAO_NASA
Cross River,2024,Cocoa beans,1887.73,26.7,24.02,30.21,85.14,15.26,52.7,30.5,26.4,6.36,104.2,5.37,26003.85,349.37,Nigeria_Synthesized_FAO_NASA
Delta,2024,Cocoa beans,1360.79,26.34,22.94,30.45,82.05,16.99,51.2,31.5,23.3,6.01,111.2,6.87,38755.45,281.9,Nigeria_Synthesized_FAO_NASA
Ebonyi,2024,Cocoa beans,905.76,27.86,23.42,33.37,68.7,18.04,51.0,30.9,26.9,6.25,90.6,3.02,40601.84,210.8,Nigeria_Synthesized_FAO_NASA
Edo,2024,Cocoa beans,1389.25,26.08,22.92,30.06,85.46,16.41,47.7,28.2,24.1,6.04,57.2,4.76,39709.45,301.68,Nigeria_Synthesized_FAO_NASA
Ekiti,2024,Cocoa beans,1380.98,25.04,21.44,29.48,81.98,17.4,46.9,27.5,26.0,6.13,105.7,6.29,35295.01,310.5,Nigeria_Synthesized_FAO_NASA
Enugu,2024,Cocoa beans,980.36,26.81,22.68,31.9,73.62,17.55,51.9,28.6,27.2,6.28,66.0,3.75,30337.01,228.95,Nigeria_Synthesized_FAO_NASA
FCT Abuja,2024,Cocoa beans,1182.97,26.46,21.44,32.59,64.55,18.82,47.2,30.6,23.8,6.3,105.2,7.06,39250.66,248.08,Nigeria_Synthesized_FAO_NASA
Gombe,2024,Cocoa beans,1511.27,26.9,21.14,33.62,54.02,20.46,45.9,31.2,24.3,6.16,42.5,3.69,28560.92,351.99,Nigeria_Synthesized_FAO_NASA
Imo,2024,Cocoa beans,1626.91,26.48,23.28,30.5,84.2,16.73,47.4,30.3,22.7,6.3,65.8,7.84,43142.28,318.68,Nigeria_Synthesized_FAO_NASA
Jigawa,2024,Cocoa beans,1025.51,26.63,20.09,34.46,47.2,20.69,54.0,33.0,26.6,6.41,59.9,5.75,31461.92,241.54,Nigeria_Synthesized_FAO_NASA
Kaduna,2024,Cocoa beans,1925.09,24.21,19.05,30.7,65.0,19.62,55.0,29.0,26.2,6.39,108.6,8.48,26603.89,298.35,Nigeria_Synthesized_FAO_NASA
Kano,2024,Cocoa beans,1009.62,26.18,19.59,34.33,48.56,20.93,49.1,27.8,22.6,6.11,102.7,5.68,25453.2,211.7,Nigeria_Synthesized_FAO_NASA
Katsina,2024,Cocoa beans,1294.93,25.85,19.99,32.56,50.33,20.6,47.3,27.1,26.3,6.28,101.0,2.25,38400.85,271.97,Nigeria_Synthesized_FAO_NASA
Kebbi,2024,Cocoa beans,2228.6,27.02,21.27,34.01,56.38,20.48,50.6,30.7,26.8,6.25,86.5,8.44,37666.67,368.48,Nigeria_Synthesized_FAO_NASA
Kogi,2024,Cocoa beans,918.5,27.23,22.62,32.55,69.54,17.95,52.1,29.3,23.6,6.26,114.3,8.04,33929.25,212.95,Nigeria_Synthesized_FAO_NASA
Kwara,2024,Cocoa beans,1259.82,25.8,21.29,31.26,74.74,18.15,47.1,33.0,27.4,6.29,104.4,6.65,35729.79,265.46,Nigeria_Synthesized_FAO_NASA
Lagos,2024,Cocoa beans,1382.65,27.05,25.19,29.33,84.49,16.86,49.5,31.0,25.9,6.12,115.3,3.09,25727.28,314.21,Nigeria_Synthesized_FAO_NASA
Nasarawa,2024,Cocoa beans,1082.75,28.0,23.22,33.88,60.44,18.97,52.0,30.9,23.9,5.99,90.9,5.9,39171.44,235.54,Nigeria_Synthesized_FAO_NASA
Niger,2024,Cocoa beans,926.85,27.69,22.24,33.83,63.71,18.72,49.6,31.0,26.7,6.0,41.5,7.06,39472.04,193.1,Nigeria_Synthesized_FAO_NASA
Ogun,2024,Cocoa beans,1383.59,26.28,23.01,30.33,84.74,16.62,53.4,31.8,27.3,6.22,79.1,4.61,39356.07,308.9,Nigeria_Synthesized_FAO_NASA
Ondo,2024,Cocoa beans,1380.98,25.04,21.44,29.48,81.98,17.4,47.8,32.5,25.4,6.26,68.4,2.34,36677.25,275.32,Nigeria_Synthesized_FAO_NASA
Osun,2024,Cocoa beans,1552.21,25.25,21.3,29.96,80.5,16.59,45.8,30.6,26.9,6.44,92.7,3.37,33529.45,305.1,Nigeria_Synthesized_FAO_NASA
Oyo,2024,Cocoa beans,1674.52,25.69,22.07,30.01,84.02,16.62,47.0,31.4,23.9,6.39,119.8,2.2,43287.95,355.6,Nigeria_Synthesized_FAO_NASA
Plateau,2024,Cocoa beans,1740.79,23.31,17.86,30.2,58.55,18.87,54.7,29.8,26.7,5.93,66.8,2.44,37732.13,330.88,Nigeria_Synthesized_FAO_NASA
Rivers,2024,Cocoa beans,1796.83,26.6,23.57,30.6,85.73,15.17,53.5,32.6,22.9,6.13,45.7,3.37,41830.38,371.92,Nigeria_Synthesized_FAO_NASA
Sokoto,2024,Cocoa beans,1403.83,26.96,21.08,33.83,53.46,20.92,47.7,27.6,23.3,5.98,117.8,6.94,34494.68,300.82,Nigeria_Synthesized_FAO_NASA
Taraba,2024,Cocoa beans,1137.38,27.76,22.3,34.06,57.28,19.35,47.8,31.8,24.1,6.08,58.6,2.84,33875.4,267.9,Nigeria_Synthesized_FAO_NASA
Yobe,2024,Cocoa beans,931.33,27.61,21.32,34.81,45.09,21.08,51.7,27.4,23.6,6.39,51.8,4.23,32095.16,197.04,Nigeria_Synthesized_FAO_NASA
Zamfara,2024,Cocoa beans,714.1,26.35,20.36,33.59,49.36,20.63,45.8,29.9,24.0,6.24,104.3,2.89,27869.31,195.47,Nigeria_Synthesized_FAO_NASA
Abia,2019,"Groundnuts, excluding shelled",2019.69,25.82,22.82,29.42,86.11,16.27,46.4,30.7,23.9,6.19,46.6,4.99,97660.68,1536.65,Nigeria_Synthesized_FAO_NASA
Adamawa,2019,"Groundnuts, excluding shelled",960.01,27.76,22.27,33.74,56.41,20.28,45.6,29.5,24.8,6.34,85.9,6.34,116167.09,916.5,Nigeria_Synthesized_FAO_NASA
Akwa Ibom,2019,"Groundnuts, excluding shelled",2231.91,26.29,23.81,29.49,86.47,16.27,48.1,30.2,26.7,6.5,111.2,4.41,118492.82,1607.47,Nigeria_Synthesized_FAO_NASA
Anambra,2019,"Groundnuts, excluding shelled",2330.26,25.85,22.81,29.34,85.38,17.04,52.4,30.0,24.9,6.41,68.9,7.59,96719.43,1444.42,Nigeria_Synthesized_FAO_NASA
Bauchi,2019,"Groundnuts, excluding shelled",867.4,26.58,20.84,33.37,51.51,20.5,49.5,31.6,23.1,6.01,116.1,3.14,87307.18,850.59,Nigeria_Synthesized_FAO_NASA
Bayelsa,2019,"Groundnuts, excluding shelled",3319.11,26.16,23.71,29.38,87.88,15.0,49.9,30.9,23.6,6.23,69.8,6.3,101971.18,1549.72,Nigeria_Synthesized_FAO_NASA
Benue,2019,"Groundnuts, excluding shelled",1023.91,26.98,22.72,32.08,71.9,18.06,46.9,28.7,23.6,6.0,106.1,3.86,101478.43,972.43,Nigeria_Synthesized_FAO_NASA
Borno,2019,"Groundnuts, excluding shelled",545.89,28.54,22.01,35.97,40.71,21.14,50.7,27.9,24.4,6.38,69.4,2.57,124784.24,862.94,Nigeria_Synthesized_FAO_NASA
Cross River,2019,"Groundnuts, excluding shelled",2231.91,26.29,23.81,29.49,86.47,15.4,53.0,28.1,25.9,6.03,57.5,7.68,117495.17,1553.23,Nigeria_Synthesized_FAO_NASA
Delta,2019,"Groundnuts, excluding shelled",2330.26,25.85,22.81,29.34,85.38,16.34,45.0,32.2,26.5,6.28,100.0,2.99,83511.79,1457.66,Nigeria_Synthesized_FAO_NASA
Ebonyi,2019,"Groundnuts, excluding shelled",1142.89,26.36,22.7,30.77,79.82,17.53,45.9,29.9,27.1,5.91,63.3,3.35,88649.66,1122.57,Nigeria_Synthesized_FAO_NASA
Edo,2019,"Groundnuts, excluding shelled",2626.04,25.64,22.8,29.18,88.29,15.76,49.7,29.8,26.3,5.99,79.0,4.79,121192.9,1445.37,Nigeria_Synthesized_FAO_NASA
Ekiti,2019,"Groundnuts, excluding shelled",2325.44,24.63,21.43,28.64,85.23,16.92,52.7,29.4,26.6,6.0,42.4,3.33,126514.8,1483.57,Nigeria_Synthesized_FAO_NASA
Enugu,2019,"Groundnuts, excluding shelled",1601.35,25.72,22.28,29.72,82.47,17.04,51.2,32.5,25.0,6.2,44.0,2.23,97956.9,1473.73,Nigeria_Synthesized_FAO_NASA
FCT Abuja,2019,"Groundnuts, excluding shelled",1302.2,26.23,21.5,31.88,67.06,18.58,53.4,28.0,22.6,6.17,59.0,2.32,93728.37,1293.01,Nigeria_Synthesized_FAO_NASA
Gombe,2019,"Groundnuts, excluding shelled",1233.79,26.8,21.28,33.1,55.76,20.71,51.1,28.7,23.4,6.13,104.1,4.55,74654.67,1280.83,Nigeria_Synthesized_FAO_NASA
Imo,2019,"Groundnuts, excluding shelled",2559.56,26.01,23.05,29.59,86.4,16.27,52.7,28.4,25.9,6.24,114.3,4.52,75466.08,1587.26,Nigeria_Synthesized_FAO_NASA
Jigawa,2019,"Groundnuts, excluding shelled",485.81,27.58,20.91,35.54,41.33,20.87,53.3,30.1,26.4,6.04,67.6,2.2,69256.01,774.36,Nigeria_Synthesized_FAO_NASA
Kaduna,2019,"Groundnuts, excluding shelled",1623.16,24.48,19.33,30.82,63.85,19.89,54.3,28.6,25.6,6.31,65.4,7.51,107143.0,1561.19,Nigeria_Synthesized_FAO_NASA
Kano,2019,"Groundnuts, excluding shelled",517.4,27.07,20.35,35.28,43.11,21.48,52.4,28.7,23.9,6.49,40.8,6.65,119815.78,905.54,Nigeria_Synthesized_FAO_NASA
Katsina,2019,"Groundnuts, excluding shelled",702.35,26.88,20.7,33.83,42.66,21.26,54.9,28.9,24.2,5.94,75.4,3.7,104504.43,871.66,Nigeria_Synthesized_FAO_NASA
Kebbi,2019,"Groundnuts, excluding shelled",975.0,27.47,21.57,34.45,51.71,21.15,54.4,28.1,24.4,6.47,44.9,2.6,116879.07,944.82,Nigeria_Synthesized_FAO_NASA
Kogi,2019,"Groundnuts, excluding shelled",1251.26,27.25,22.95,32.23,71.52,17.31,46.5,32.8,24.7,6.2,59.7,5.06,102899.7,1184.47,Nigeria_Synthesized_FAO_NASA
Kwara,2019,"Groundnuts, excluding shelled",1645.89,25.35,21.41,30.21,78.48,18.09,52.5,30.5,27.0,6.4,100.6,2.36,112008.54,1533.62,Nigeria_Synthesized_FAO_NASA
Lagos,2019,"Groundnuts, excluding shelled",1952.69,26.78,25.09,28.91,85.85,16.26,51.6,29.5,24.5,6.44,111.6,7.91,80544.9,1439.09,Nigeria_Synthesized_FAO_NASA
Nasarawa,2019,"Groundnuts, excluding shelled",938.12,27.98,23.38,33.58,62.16,18.38,47.7,28.1,23.4,6.1,74.4,7.4,108497.25,890.64,Nigeria_Synthesized_FAO_NASA
Niger,2019,"Groundnuts, excluding shelled",1226.48,26.93,22.01,32.45,68.58,18.47,50.3,28.7,25.0,6.08,87.7,4.82,111059.41,1158.86,Nigeria_Synthesized_FAO_NASA
Ogun,2019,"Groundnuts, excluding shelled",1932.32,26.05,23.09,29.76,86.83,16.7,50.5,32.4,24.2,6.34,92.7,8.06,74946.11,1445.88,Nigeria_Synthesized_FAO_NASA
Ondo,2019,"Groundnuts, excluding shelled",2325.44,24.63,21.43,28.64,85.23,16.92,51.6,32.4,24.5,6.09,40.9,7.37,101228.92,1535.95,Nigeria_Synthesized_FAO_NASA
Osun,2019,"Groundnuts, excluding shelled",2184.61,24.92,21.46,29.14,83.53,16.53,50.8,29.8,23.1,6.5,57.2,2.44,74237.76,1545.61,Nigeria_Synthesized_FAO_NASA
Oyo,2019,"Groundnuts, excluding shelled",2257.17,25.43,22.21,29.34,86.49,16.7,45.3,31.0,25.2,5.95,53.8,5.69,111289.56,1521.41,Nigeria_Synthesized_FAO_NASA
Plateau,2019,"Groundnuts, excluding shelled",1166.1,23.54,18.25,30.23,58.25,18.6,53.2,32.9,23.8,6.49,74.5,4.26,122938.06,1019.26,Nigeria_Synthesized_FAO_NASA
Rivers,2019,"Groundnuts, excluding shelled",3286.85,26.06,23.24,29.71,87.68,15.01,51.9,29.7,23.6,6.27,60.2,5.75,71218.93,1418.43,Nigeria_Synthesized_FAO_NASA
Sokoto,2019,"Groundnuts, excluding shelled",1088.13,27.34,21.33,34.05,48.97,21.64,53.2,29.9,24.3,6.11,104.5,4.13,116235.49,1061.37,Nigeria_Synthesized_FAO_NASA
Taraba,2019,"Groundnuts, excluding shelled",982.97,27.29,22.23,33.11,61.02,19.1,49.7,29.9,26.7,6.03,70.5,7.25,73083.35,936.65,Nigeria_Synthesized_FAO_NASA
Yobe,2019,"Groundnuts, excluding shelled",776.03,27.41,21.34,34.46,46.98,21.13,49.6,28.8,27.2,5.96,114.7,6.45,90599.84,879.75,Nigeria_Synthesized_FAO_NASA
Zamfara,2019,"Groundnuts, excluding shelled",738.05,26.25,20.33,33.26,49.44,21.28,49.8,29.4,23.3,6.3,117.7,5.65,70044.66,831.99,Nigeria_Synthesized_FAO_NASA
Abia,2020,"Groundnuts, excluding shelled",2029.78,25.76,22.57,29.63,85.2,16.76,49.2,27.7,25.6,6.47,92.9,2.5,72508.52,1512.92,Nigeria_Synthesized_FAO_NASA
Adamawa,2020,"Groundnuts, excluding shelled",982.6,27.15,21.49,33.42,57.83,20.76,49.0,32.0,26.6,6.27,69.9,3.66,100817.21,930.43,Nigeria_Synthesized_FAO_NASA
Akwa Ibom,2020,"Groundnuts, excluding shelled",2982.8,26.24,23.63,29.59,86.16,16.76,49.1,31.1,25.8,5.93,71.6,3.18,89324.63,1390.93,Nigeria_Synthesized_FAO_NASA
Anambra,2020,"Groundnuts, excluding shelled",2228.5,25.76,22.46,29.53,84.05,17.58,45.4,29.5,23.3,6.44,84.6,3.5,117057.5,1382.35,Nigeria_Synthesized_FAO_NASA
Bauchi,2020,"Groundnuts, excluding shelled",2013.76,24.95,19.31,31.5,59.51,20.92,54.6,28.3,26.9,6.47,113.3,6.13,111432.56,1426.3,Nigeria_Synthesized_FAO_NASA
Bayelsa,2020,"Groundnuts, excluding shelled",3495.17,26.08,23.46,29.46,87.47,15.56,52.5,30.2,25.9,6.16,98.5,7.36,92160.88,1507.94,Nigeria_Synthesized_FAO_NASA
Benue,2020,"Groundnuts, excluding shelled",1209.6,26.41,22.11,31.55,72.34,18.7,50.4,32.1,24.7,6.13,113.2,3.63,117387.87,1091.64,Nigeria_Synthesized_FAO_NASA
Borno,2020,"Groundnuts, excluding shelled",545.45,28.06,21.39,35.6,42.48,21.41,50.1,28.9,25.4,6.09,43.1,3.77,96904.89,835.63,Nigeria_Synthesized_FAO_NASA
Cross River,2020,"Groundnuts, excluding shelled",2982.8,26.24,23.63,29.59,86.16,15.31,54.7,29.4,26.1,6.1,93.7,7.24,125925.17,1367.29,Nigeria_Synthesized_FAO_NASA
Delta,2020,"Groundnuts, excluding shelled",2228.5,25.76,22.46,29.53,84.05,16.94,52.8,28.6,27.5,5.91,88.3,6.29,91984.86,1567.22,Nigeria_Synthesized_FAO_NASA
Ebonyi,2020,"Groundnuts, excluding shelled",1251.59,26.36,22.44,31.15,77.86,18.1,54.4,28.1,25.6,6.03,64.6,5.55,75557.53,1231.41,Nigeria_Synthesized_FAO_NASA
Edo,2020,"Groundnuts, excluding shelled",2111.49,25.46,22.36,29.3,87.0,16.43,46.7,29.5,26.3,6.45,46.7,4.56,77896.25,1429.8,Nigeria_Synthesized_FAO_NASA
Ekiti,2020,"Groundnuts, excluding shelled",1688.06,24.44,20.97,28.85,83.66,17.35,51.6,30.6,23.3,6.03,41.9,7.43,69464.16,1312.8,Nigeria_Synthesized_FAO_NASA
Enugu,2020,"Groundnuts, excluding shelled",1630.95,25.64,21.91,30.0,80.61,17.58,47.3,32.2,27.1,6.15,44.0,2.26,76442.34,1567.87,Nigeria_Synthesized_FAO_NASA
FCT Abuja,2020,"Groundnuts, excluding shelled",1389.91,25.33,20.59,31.05,70.06,19.24,45.3,30.5,22.6,6.38,64.5,2.26,91555.3,1300.94,Nigeria_Synthesized_FAO_NASA
Gombe,2020,"Groundnuts, excluding shelled",1610.11,25.46,19.91,31.96,61.65,21.05,54.7,30.3,23.9,6.33,61.7,7.88,91836.46,1469.48,Nigeria_Synthesized_FAO_NASA
Imo,2020,"Groundnuts, excluding shelled",2537.08,25.96,22.78,29.79,85.46,16.76,45.5,29.6,26.7,6.39,57.9,3.47,100770.55,1442.28,Nigeria_Synthesized_FAO_NASA
Jigawa,2020,"Groundnuts, excluding shelled",1348.11,26.04,19.53,33.9,50.64,21.0,46.0,29.7,24.2,6.43,46.7,3.37,123109.85,1339.76,Nigeria_Synthesized_FAO_NASA
Kaduna,2020,"Groundnuts, excluding shelled",3398.52,23.14,18.43,29.08,70.9,20.28,49.9,29.7,24.2,6.13,82.4,3.05,71501.33,1397.52,Nigeria_Synthesized_FAO_NASA
Kano,2020,"Groundnuts, excluding shelled",1291.71,25.59,19.15,33.6,52.35,21.5,52.6,27.9,23.2,6.06,68.9,4.65,115773.62,1218.58,Nigeria_Synthesized_FAO_NASA
Katsina,2020,"Groundnuts, excluding shelled",1539.75,25.3,19.52,31.74,53.57,21.05,45.3,29.4,26.0,6.01,91.3,3.69,71817.55,1463.9,Nigeria_Synthesized_FAO_NASA
Kebbi,2020,"Groundnuts, excluding shelled",1131.67,26.83,21.14,33.82,56.95,20.69,48.0,28.4,24.6,6.04,93.8,7.37,121072.26,1164.17,Nigeria_Synthesized_FAO_NASA
Kogi,2020,"Groundnuts, excluding shelled",1391.1,26.62,22.18,31.74,72.68,17.84,49.0,27.9,26.2,6.11,93.7,3.76,116884.22,1376.35,Nigeria_Synthesized_FAO_NASA
Kwara,2020,"Groundnuts, excluding shelled",1204.71,25.26,20.98,30.59,76.31,18.29,46.6,32.9,27.4,6.38,92.8,5.76,126760.37,1037.44,Nigeria_Synthesized_FAO_NASA
Lagos,2020,"Groundnuts, excluding shelled",1510.91,26.41,24.55,28.78,85.34,16.91,49.7,30.7,24.6,6.16,66.4,5.67,85481.86,1529.99,Nigeria_Synthesized_FAO_NASA
Nasarawa,2020,"Groundnuts, excluding shelled",1078.68,27.24,22.6,32.97,63.62,19.25,54.3,31.1,26.6,6.23,102.4,2.11,80320.96,1101.39,Nigeria_Synthesized_FAO_NASA
Niger,2020,"Groundnuts, excluding shelled",1309.13,26.28,21.2,32.07,70.38,18.94,53.9,33.0,24.0,6.02,101.2,3.64,70846.46,1310.88,Nigeria_Synthesized_FAO_NASA
Ogun,2020,"Groundnuts, excluding shelled",1525.8,25.74,22.52,29.83,85.71,16.87,46.3,32.9,25.9,6.42,65.9,6.4,74527.54,1513.33,Nigeria_Synthesized_FAO_NASA
Ondo,2020,"Groundnuts, excluding shelled",1688.06,24.44,20.97,28.85,83.66,17.35,51.8,30.5,24.6,6.06,101.5,3.47,103898.48,1423.65,Nigeria_Synthesized_FAO_NASA
Osun,2020,"Groundnuts, excluding shelled",1523.34,24.79,21.01,29.45,81.59,16.86,51.3,31.5,23.6,5.93,50.5,5.94,82188.07,1427.75,Nigeria_Synthesized_FAO_NASA
Oyo,2020,"Groundnuts, excluding shelled",1568.36,25.24,21.73,29.6,84.71,16.87,52.3,29.0,24.9,6.47,66.6,5.02,71131.65,1519.42,Nigeria_Synthesized_FAO_NASA
Plateau,2020,"Groundnuts, excluding shelled",3385.52,22.35,17.41,28.56,63.84,19.39,47.6,27.2,25.7,6.15,83.9,3.14,73280.4,1205.54,Nigeria_Synthesized_FAO_NASA
Rivers,2020,"Groundnuts, excluding shelled",3361.46,26.04,23.03,29.87,87.03,15.21,54.7,27.3,27.0,6.25,85.1,5.25,107460.42,1427.25,Nigeria_Synthesized_FAO_NASA
Sokoto,2020,"Groundnuts, excluding shelled",1145.58,26.35,20.64,33.04,56.06,21.49,51.0,29.0,27.1,6.14,51.5,6.65,73766.37,1018.49,Nigeria_Synthesized_FAO_NASA
Taraba,2020,"Groundnuts, excluding shelled",1075.73,26.37,21.19,32.39,64.01,19.69,52.0,32.4,26.5,6.31,94.4,8.15,99338.23,993.8,Nigeria_Synthesized_FAO_NASA
Yobe,2020,"Groundnuts, excluding shelled",792.26,26.9,20.63,34.19,48.36,21.55,47.7,28.3,25.8,6.28,87.5,2.11,68555.37,788.92,Nigeria_Synthesized_FAO_NASA
Zamfara,2020,"Groundnuts, excluding shelled",1146.34,25.26,19.6,32.14,55.83,20.88,51.7,30.3,24.2,5.97,47.6,7.4,87483.19,1096.8,Nigeria_Synthesized_FAO_NASA
Abia,2021,"Groundnuts, excluding shelled",1877.25,25.78,22.8,29.53,86.39,16.48,46.0,29.4,26.1,6.37,49.5,2.0,109052.38,1525.88,Nigeria_Synthesized_FAO_NASA
Adamawa,2021,"Groundnuts, excluding shelled",945.3,27.6,21.95,33.88,56.24,20.8,47.5,27.1,25.2,6.42,116.6,5.68,91450.36,913.32,Nigeria_Synthesized_FAO_NASA
Akwa Ibom,2021,"Groundnuts, excluding shelled",2456.61,26.21,23.74,29.42,87.15,16.48,50.5,29.3,25.5,6.13,59.2,2.62,75148.24,1452.64,Nigeria_Synthesized_FAO_NASA
Anambra,2021,"Groundnuts, excluding shelled",2208.72,25.78,22.8,29.34,86.04,17.38,46.8,32.9,24.7,6.22,109.9,8.47,75843.96,1387.79,Nigeria_Synthesized_FAO_NASA
Bauchi,2021,"Groundnuts, excluding shelled",3305.27,25.04,19.49,31.42,60.49,21.27,48.3,28.8,24.5,6.31,94.6,4.05,118819.36,1415.67,Nigeria_Synthesized_FAO_NASA
Bayelsa,2021,"Groundnuts, excluding shelled",3490.5,26.11,23.68,29.29,88.5,15.38,46.3,30.5,26.0,6.32,100.3,7.67,108008.25,1360.04,Nigeria_Synthesized_FAO_NASA
Benue,2021,"Groundnuts, excluding shelled",1524.55,26.51,22.31,31.46,73.01,18.37,51.2,28.1,22.6,6.07,75.4,6.01,113882.93,1429.4,Nigeria_Synthesized_FAO_NASA
Borno,2021,"Groundnuts, excluding shelled",444.23,28.5,21.62,36.32,39.39,21.77,46.3,32.8,23.0,6.19,86.8,5.52,81823.59,806.1,Nigeria_Synthesized_FAO_NASA
Cross River,2021,"Groundnuts, excluding shelled",2456.61,26.21,23.74,29.42,87.15,15.69,46.1,30.5,25.2,6.03,91.0,7.33,73465.47,1353.29,Nigeria_Synthesized_FAO_NASA
Delta,2021,"Groundnuts, excluding shelled",2208.72,25.78,22.8,29.34,86.04,16.78,51.9,28.5,24.0,6.27,111.8,7.26,99947.46,1325.24,Nigeria_Synthesized_FAO_NASA
Ebonyi,2021,"Groundnuts, excluding shelled",780.95,26.73,22.83,31.71,77.1,17.93,48.6,30.8,24.8,6.01,96.1,5.62,113881.28,803.4,Nigeria_Synthesized_FAO_NASA
Edo,2021,"Groundnuts, excluding shelled",2357.05,25.6,22.85,29.07,89.16,16.34,45.2,28.9,22.8,6.37,96.2,4.15,124754.82,1389.95,Nigeria_Synthesized_FAO_NASA
Ekiti,2021,"Groundnuts, excluding shelled",2803.84,24.66,21.47,28.82,85.48,17.19,52.6,29.7,24.6,6.47,60.1,2.78,93812.23,1419.05,Nigeria_Synthesized_FAO_NASA
Enugu,2021,"Groundnuts, excluding shelled",1288.82,25.72,22.24,30.06,82.26,17.38,48.8,27.4,24.2,6.2,53.0,6.28,128235.86,1195.28,Nigeria_Synthesized_FAO_NASA
FCT Abuja,2021,"Groundnuts, excluding shelled",1369.92,25.61,20.82,31.36,68.57,19.4,48.5,29.4,23.1,6.44,73.2,4.52,97162.37,1348.72,Nigeria_Synthesized_FAO_NASA
Gombe,2021,"Groundnuts, excluding shelled",2221.85,25.9,20.36,32.35,60.63,21.29,51.5,27.4,26.6,6.47,91.9,8.2,96579.66,1472.16,Nigeria_Synthesized_FAO_NASA
Imo,2021,"Groundnuts, excluding shelled",2610.4,25.97,23.05,29.59,86.97,16.48,51.0,30.5,24.5,6.1,50.1,4.55,98703.89,1358.37,Nigeria_Synthesized_FAO_NASA
Jigawa,2021,"Groundnuts, excluding shelled",1693.73,25.93,19.29,33.69,51.02,21.81,47.1,27.4,25.3,6.26,109.8,5.75,114130.07,1359.27,Nigeria_Synthesized_FAO_NASA
Kaduna,2021,"Groundnuts, excluding shelled",6360.7,23.35,18.52,29.42,70.17,20.72,50.4,27.5,25.3,6.45,71.7,3.93,118251.3,1289.24,Nigeria_Synthesized_FAO_NASA
Kano,2021,"Groundnuts, excluding shelled",1845.71,25.31,18.75,33.21,53.87,22.26,49.3,30.6,22.9,6.47,100.4,5.81,79133.97,1328.82,Nigeria_Synthesized_FAO_NASA
Katsina,2021,"Groundnuts, excluding shelled",1784.49,25.63,19.61,32.47,49.51,21.82,49.8,30.8,26.6,6.38,62.2,8.12,74855.89,1498.26,Nigeria_Synthesized_FAO_NASA
Kebbi,2021,"Groundnuts, excluding shelled",925.26,27.38,21.34,34.71,52.95,21.44,54.7,28.1,26.1,5.91,72.4,5.36,122581.19,818.11,Nigeria_Synthesized_FAO_NASA
Kogi,2021,"Groundnuts, excluding shelled",2024.23,26.62,22.46,31.48,74.62,17.63,51.7,29.9,26.5,6.48,41.8,8.39,126231.59,1486.48,Nigeria_Synthesized_FAO_NASA
Kwara,2021,"Groundnuts, excluding shelled",1764.69,25.68,21.46,30.92,74.97,18.45,47.8,27.8,24.7,6.29,70.5,2.35,118934.2,1331.28,Nigeria_Synthesized_FAO_NASA
Lagos,2021,"Groundnuts, excluding shelled",1713.6,26.77,25.1,28.92,85.31,16.64,48.8,28.3,24.7,5.92,105.6,7.37,124218.35,1497.69,Nigeria_Synthesized_FAO_NASA
Nasarawa,2021,"Groundnuts, excluding shelled",1517.79,27.2,22.63,32.72,64.83,19.03,53.0,30.3,26.6,6.28,102.8,5.89,91240.64,1455.85,Nigeria_Synthesized_FAO_NASA
Niger,2021,"Groundnuts, excluding shelled",1567.28,26.65,21.5,32.49,68.64,19.19,50.4,30.6,23.6,6.28,85.7,3.2,127552.89,1448.7,Nigeria_Synthesized_FAO_NASA
Ogun,2021,"Groundnuts, excluding shelled",1752.89,26.03,23.06,29.86,86.44,17.14,52.6,30.1,23.6,6.3,46.4,4.87,106325.03,1339.71,Nigeria_Synthesized_FAO_NASA
Ondo,2021,"Groundnuts, excluding shelled",2803.84,24.66,21.47,28.82,85.48,17.19,47.0,29.3,22.8,6.14,80.9,5.14,81115.96,1305.92,Nigeria_Synthesized_FAO_NASA
Osun,2021,"Groundnuts, excluding shelled",2545.61,25.1,21.46,29.67,82.03,16.81,46.5,30.0,22.8,5.93,85.9,5.68,120420.68,1373.6,Nigeria_Synthesized_FAO_NASA
Oyo,2021,"Groundnuts, excluding shelled",2405.57,25.45,22.18,29.58,85.99,17.14,54.6,27.3,23.0,5.92,54.8,5.52,103534.22,1501.06,Nigeria_Synthesized_FAO_NASA
Plateau,2021,"Groundnuts, excluding shelled",6143.64,22.42,17.47,28.63,64.07,19.45,54.5,32.1,24.0,5.94,53.6,2.83,72778.55,1310.33,Nigeria_Synthesized_FAO_NASA
Rivers,2021,"Groundnuts, excluding shelled",3286.06,26.06,23.27,29.7,88.29,15.22,47.5,29.1,27.4,6.31,115.9,2.93,101174.1,1355.66,Nigeria_Synthesized_FAO_NASA
Sokoto,2021,"Groundnuts, excluding shelled",1248.4,26.82,20.76,33.8,52.26,22.27,45.8,27.0,25.9,6.29,72.9,5.18,103345.6,1159.26,Nigeria_Synthesized_FAO_NASA
Taraba,2021,"Groundnuts, excluding shelled",995.65,26.9,21.62,32.99,61.7,19.68,48.4,28.1,23.0,6.48,87.9,6.74,71482.97,931.82,Nigeria_Synthesized_FAO_NASA
Yobe,2021,"Groundnuts, excluding shelled",1602.2,26.8,20.56,34.02,49.32,22.04,47.4,27.6,23.4,6.38,94.2,5.56,93644.73,1431.97,Nigeria_Synthesized_FAO_NASA
Zamfara,2021,"Groundnuts, excluding shelled",1543.33,25.19,19.44,32.19,55.73,21.79,45.7,28.7,24.2,6.38,119.4,3.56,125420.93,1383.33,Nigeria_Synthesized_FAO_NASA
Abia,2022,"Groundnuts, excluding shelled",1579.69,25.57,22.28,29.59,84.63,16.48,47.2,29.4,24.5,6.5,54.5,7.19,110120.82,1661.62,Nigeria_Synthesized_FAO_NASA
Adamawa,2022,"Groundnuts, excluding shelled",1250.17,26.34,20.98,32.39,61.0,20.39,49.2,30.5,26.7,6.39,109.3,2.39,104620.96,1252.55,Nigeria_Synthesized_FAO_NASA
Akwa Ibom,2022,"Groundnuts, excluding shelled",3367.59,26.03,23.38,29.41,86.43,16.48,49.2,30.3,24.5,6.21,119.7,2.88,72042.55,1639.2,Nigeria_Synthesized_FAO_NASA
Anambra,2022,"Groundnuts, excluding shelled",1520.42,25.52,22.18,29.44,83.61,17.09,46.3,28.0,27.2,6.44,112.6,8.44,86157.89,1568.39,Nigeria_Synthesized_FAO_NASA
Bauchi,2022,"Groundnuts, excluding shelled",2192.25,23.61,18.14,29.92,65.09,20.54,51.7,29.9,24.6,6.11,87.5,5.74,83921.52,1402.75,Nigeria_Synthesized_FAO_NASA
Bayelsa,2022,"Groundnuts, excluding shelled",2262.15,25.86,23.18,29.29,87.25,15.34,50.5,30.4,23.6,6.35,42.0,4.31,90333.76,1496.29,Nigeria_Synthesized_FAO_NASA
Benue,2022,"Groundnuts, excluding shelled",1847.07,25.08,21.17,29.65,77.48,18.09,47.6,31.2,25.3,6.38,98.8,5.97,95414.64,1612.86,Nigeria_Synthesized_FAO_NASA
Borno,2022,"Groundnuts, excluding shelled",476.63,27.77,21.18,35.35,41.4,21.11,47.6,29.5,25.5,6.21,63.1,2.04,71667.34,860.0,Nigeria_Synthesized_FAO_NASA
Cross River,2022,"Groundnuts, excluding shelled",3367.59,26.03,23.38,29.41,86.43,15.25,52.3,27.1,25.4,6.47,54.0,5.07,80072.35,1589.38,Nigeria_Synthesized_FAO_NASA
Delta,2022,"Groundnuts, excluding shelled",1520.42,25.52,22.18,29.44,83.61,16.56,50.5,29.4,25.1,6.45,55.7,2.15,98821.38,1425.83,Nigeria_Synthesized_FAO_NASA
Ebonyi,2022,"Groundnuts, excluding shelled",1089.98,26.56,22.33,31.89,73.62,17.56,53.9,30.6,26.6,6.16,100.0,7.93,96143.75,1194.72,Nigeria_Synthesized_FAO_NASA
Edo,2022,"Groundnuts, excluding shelled",1751.31,25.24,22.22,29.04,87.11,16.2,47.7,28.2,23.7,6.08,84.4,5.82,74291.94,1569.42,Nigeria_Synthesized_FAO_NASA
Ekiti,2022,"Groundnuts, excluding shelled",2113.63,24.07,20.77,28.17,85.26,17.06,45.8,27.5,23.4,6.21,57.1,3.84,98255.63,1476.45,Nigeria_Synthesized_FAO_NASA
Enugu,2022,"Groundnuts, excluding shelled",1234.16,25.55,21.69,30.33,78.39,17.09,45.1,30.9,25.8,6.39,114.6,2.13,109086.67,1219.73,Nigeria_Synthesized_FAO_NASA
FCT Abuja,2022,"Groundnuts, excluding shelled",1760.93,24.61,19.96,30.21,72.48,18.75,49.6,30.4,25.8,6.31,114.5,8.48,113183.5,1436.32,Nigeria_Synthesized_FAO_NASA
Gombe,2022,"Groundnuts, excluding shelled",2531.68,24.85,19.37,31.35,62.57,20.6,53.8,27.3,23.7,6.45,60.5,3.43,80160.3,1586.33,Nigeria_Synthesized_FAO_NASA
Imo,2022,"Groundnuts, excluding shelled",1729.51,25.75,22.53,29.66,85.07,16.48,50.0,31.0,23.7,6.36,100.8,4.03,111691.57,1485.29,Nigeria_Synthesized_FAO_NASA
Jigawa,2022,"Groundnuts, excluding shelled",764.89,25.49,18.93,33.6,50.77,20.59,54.8,30.9,27.2,6.08,102.6,6.98,75885.63,830.01,Nigeria_Synthesized_FAO_NASA
Kaduna,2022,"Groundnuts, excluding shelled",4954.11,22.45,17.78,28.41,73.02,19.63,48.9,27.8,25.9,6.34,86.0,3.34,117564.96,1457.79,Nigeria_Synthesized_FAO_NASA
Kano,2022,"Groundnuts, excluding shelled",781.04,24.6,18.13,32.79,55.71,20.9,49.3,30.9,26.2,6.03,72.4,3.75,81536.95,819.08,Nigeria_Synthesized_FAO_NASA
Katsina,2022,"Groundnuts, excluding shelled",1325.45,24.72,18.93,31.41,53.18,20.62,54.1,29.2,26.3,6.45,107.7,3.19,107516.48,1234.01,Nigeria_Synthesized_FAO_NASA
Kebbi,2022,"Groundnuts, excluding shelled",980.15,26.68,20.86,33.83,54.97,20.66,48.4,27.4,24.9,5.96,59.9,4.06,85092.43,1093.69,Nigeria_Synthesized_FAO_NASA
Kogi,2022,"Groundnuts, excluding shelled",1437.67,25.42,21.41,29.88,78.17,17.55,48.0,32.2,26.8,6.36,51.7,6.49,112594.51,1509.06,Nigeria_Synthesized_FAO_NASA
Kwara,2022,"Groundnuts, excluding shelled",1540.4,24.76,20.61,29.83,78.16,18.05,48.3,30.0,25.7,6.21,49.6,4.03,101956.29,1616.16,Nigeria_Synthesized_FAO_NASA
Lagos,2022,"Groundnuts, excluding shelled",1637.38,26.36,24.55,28.59,85.07,16.58,46.4,32.7,24.1,6.3,100.1,7.28,111818.72,1684.28,Nigeria_Synthesized_FAO_NASA
Nasarawa,2022,"Groundnuts, excluding shelled",1908.77,25.78,21.49,31.12,70.43,18.69,53.6,27.8,26.0,6.35,94.2,3.64,81577.19,1690.6,Nigeria_Synthesized_FAO_NASA
Niger,2022,"Groundnuts, excluding shelled",1218.58,25.95,20.84,31.8,71.14,18.49,45.5,31.3,24.9,6.42,70.7,3.09,73634.36,1313.17,Nigeria_Synthesized_FAO_NASA
Ogun,2022,"Groundnuts, excluding shelled",1698.93,25.61,22.45,29.56,86.01,16.65,46.9,31.3,25.1,6.26,76.9,7.39,94588.53,1654.19,Nigeria_Synthesized_FAO_NASA
Ondo,2022,"Groundnuts, excluding shelled",2113.63,24.07,20.77,28.17,85.26,17.06,46.1,32.0,25.9,6.32,69.0,7.72,103436.57,1572.8,Nigeria_Synthesized_FAO_NASA
Osun,2022,"Groundnuts, excluding shelled",2171.52,24.37,20.75,28.76,83.32,16.56,49.1,32.3,22.7,6.49,94.3,6.1,70532.01,1563.17,Nigeria_Synthesized_FAO_NASA
Oyo,2022,"Groundnuts, excluding shelled",2188.72,25.01,21.57,29.19,85.48,16.65,54.4,28.8,26.4,6.13,51.1,2.07,78041.49,1483.67,Nigeria_Synthesized_FAO_NASA
Plateau,2022,"Groundnuts, excluding shelled",4912.41,21.6,16.62,27.93,66.17,18.96,48.7,29.1,24.2,6.21,75.3,7.72,118124.02,1382.36,Nigeria_Synthesized_FAO_NASA
Rivers,2022,"Groundnuts, excluding shelled",2252.03,25.81,22.77,29.66,87.1,15.13,46.4,32.9,23.7,5.94,93.1,5.87,92319.62,1580.92,Nigeria_Synthesized_FAO_NASA
Sokoto,2022,"Groundnuts, excluding shelled",1156.6,26.01,20.22,32.86,54.85,21.23,52.9,28.2,26.6,6.29,73.5,4.98,87601.95,1162.36,Nigeria_Synthesized_FAO_NASA
Taraba,2022,"Groundnuts, excluding shelled",1228.08,25.86,20.77,31.75,65.52,19.13,50.1,28.9,25.5,6.51,74.8,7.98,105792.25,1196.89,Nigeria_Synthesized_FAO_NASA
Yobe,2022,"Groundnuts, excluding shelled",893.85,26.19,20.1,33.36,49.44,21.16,47.0,29.5,23.6,5.89,113.2,7.49,67342.02,893.03,Nigeria_Synthesized_FAO_NASA
Zamfara,2022,"Groundnuts, excluding shelled",1059.55,24.33,18.79,31.18,58.41,20.65,46.2,27.4,26.1,6.47,74.4,2.77,73576.8,1063.09,Nigeria_Synthesized_FAO_NASA
Abia,2023,"Groundnuts, excluding shelled",1475.58,26.0,22.97,29.78,85.98,16.51,48.7,30.7,26.1,5.96,42.8,8.46,84786.0,1489.6,Nigeria_Synthesized_FAO_NASA
Adamawa,2023,"Groundnuts, excluding shelled",519.27,29.06,23.09,35.71,48.82,20.47,46.9,27.2,24.5,6.39,67.3,4.89,68281.87,783.56,Nigeria_Synthesized_FAO_NASA
Akwa Ibom,2023,"Groundnuts, excluding shelled",2436.57,26.42,24.01,29.57,87.24,16.51,53.6,32.2,22.5,6.37,76.9,8.43,93740.83,1636.86,Nigeria_Synthesized_FAO_NASA
Anambra,2023,"Groundnuts, excluding shelled",1615.95,26.03,22.88,29.77,84.86,17.37,52.5,28.5,25.2,6.51,108.6,2.63,120483.1,1568.95,Nigeria_Synthesized_FAO_NASA
Bauchi,2023,"Groundnuts, excluding shelled",697.86,26.4,20.3,33.58,51.79,20.63,45.1,29.4,23.7,6.4,67.0,7.38,84604.05,885.07,Nigeria_Synthesized_FAO_NASA
Bayelsa,2023,"Groundnuts, excluding shelled",1814.82,26.3,23.77,29.56,87.72,15.29,47.4,28.4,22.8,6.01,84.4,3.89,82491.5,1459.54,Nigeria_Synthesized_FAO_NASA
Benue,2023,"Groundnuts, excluding shelled",944.03,26.63,22.48,31.5,74.24,18.47,53.8,32.4,25.0,6.09,48.5,8.2,86354.44,956.83,Nigeria_Synthesized_FAO_NASA
Borno,2023,"Groundnuts, excluding shelled",343.14,29.63,22.82,37.31,35.78,20.81,48.0,28.9,23.3,6.38,49.8,6.13,81922.6,747.09,Nigeria_Synthesized_FAO_NASA
Cross River,2023,"Groundnuts, excluding shelled",2436.57,26.42,24.01,29.57,87.24,15.23,54.1,28.1,26.6,6.23,46.2,8.21,69216.45,1496.3,Nigeria_Synthesized_FAO_NASA
Delta,2023,"Groundnuts, excluding shelled",1615.95,26.03,22.88,29.77,84.86,16.79,46.7,32.1,22.6,6.21,101.6,8.08,113363.94,1509.48,Nigeria_Synthesized_FAO_NASA
Ebonyi,2023,"Groundnuts, excluding shelled",798.23,27.26,23.22,32.34,75.35,17.86,53.9,28.2,23.9,6.07,70.2,4.56,111124.96,922.35,Nigeria_Synthesized_FAO_NASA
Edo,2023,"Groundnuts, excluding shelled",1676.66,25.77,22.82,29.43,87.56,16.33,51.9,28.0,24.1,6.2,103.7,6.81,74214.89,1571.65,Nigeria_Synthesized_FAO_NASA
Ekiti,2023,"Groundnuts, excluding shelled",2169.85,24.73,21.45,28.77,85.2,17.29,50.5,27.5,24.4,6.15,43.2,3.78,73985.15,1545.14,Nigeria_Synthesized_FAO_NASA
Enugu,2023,"Groundnuts, excluding shelled",1108.57,26.27,22.56,30.82,79.47,17.37,48.5,27.3,23.4,6.13,115.8,2.92,118622.15,1208.32,Nigeria_Synthesized_FAO_NASA
FCT Abuja,2023,"Groundnuts, excluding shelled",1030.73,25.93,21.23,31.83,70.09,19.26,54.8,29.3,26.4,6.1,90.2,3.25,71350.62,1079.91,Nigeria_Synthesized_FAO_NASA
Gombe,2023,"Groundnuts, excluding shelled",862.01,27.1,21.19,33.91,53.37,20.53,54.2,32.3,25.6,6.39,45.5,4.18,117751.16,842.1,Nigeria_Synthesized_FAO_NASA
Imo,2023,"Groundnuts, excluding shelled",1777.67,26.17,23.15,29.88,86.12,16.51,48.6,27.9,25.5,6.39,70.6,2.86,100832.05,1532.88,Nigeria_Synthesized_FAO_NASA
Jigawa,2023,"Groundnuts, excluding shelled",423.99,28.08,21.04,36.39,38.64,20.91,48.0,30.9,25.5,6.32,69.0,7.36,78556.5,803.24,Nigeria_Synthesized_FAO_NASA
Kaduna,2023,"Groundnuts, excluding shelled",2465.41,24.0,18.96,30.15,67.86,20.1,53.0,28.1,23.0,6.44,67.4,6.45,91511.2,1404.68,Nigeria_Synthesized_FAO_NASA
Kano,2023,"Groundnuts, excluding shelled",404.08,27.34,20.3,35.93,42.1,21.23,48.2,27.3,25.5,6.04,70.9,2.52,103875.6,798.0,Nigeria_Synthesized_FAO_NASA
Katsina,2023,"Groundnuts, excluding shelled",982.9,26.58,20.38,33.43,45.93,20.87,45.9,32.5,22.5,6.19,49.9,4.0,81940.89,951.13,Nigeria_Synthesized_FAO_NASA
Kebbi,2023,"Groundnuts, excluding shelled",730.22,28.19,22.1,35.52,49.11,21.05,54.7,28.2,26.2,6.23,110.8,5.6,74316.43,898.69,Nigeria_Synthesized_FAO_NASA
Kogi,2023,"Groundnuts, excluding shelled",1484.52,26.48,22.44,31.06,77.19,17.79,46.7,32.5,24.1,6.12,100.8,4.2,76205.35,1526.26,Nigeria_Synthesized_FAO_NASA
Kwara,2023,"Groundnuts, excluding shelled",1579.72,25.6,21.52,30.56,78.01,18.12,51.0,32.3,22.7,6.05,77.2,3.48,106554.34,1664.54,Nigeria_Synthesized_FAO_NASA
Lagos,2023,"Groundnuts, excluding shelled",1725.77,26.85,25.11,28.99,85.4,16.75,49.2,29.1,27.3,6.17,79.1,4.29,116696.23,1675.98,Nigeria_Synthesized_FAO_NASA
Nasarawa,2023,"Groundnuts, excluding shelled",792.72,27.73,23.06,33.55,63.92,18.98,52.6,31.9,24.2,6.16,107.9,4.36,97101.02,909.29,Nigeria_Synthesized_FAO_NASA
Niger,2023,"Groundnuts, excluding shelled",980.38,27.13,22.06,32.82,68.69,18.85,51.2,31.4,26.5,6.41,71.6,2.33,117914.98,1062.02,Nigeria_Synthesized_FAO_NASA
Ogun,2023,"Groundnuts, excluding shelled",1751.53,26.09,23.04,29.88,86.48,16.84,49.5,31.5,24.3,6.28,54.9,6.87,102964.2,1551.34,Nigeria_Synthesized_FAO_NASA
Ondo,2023,"Groundnuts, excluding shelled",2169.85,24.73,21.45,28.77,85.2,17.29,47.9,31.5,24.9,6.02,117.4,6.65,76686.85,1521.02,Nigeria_Synthesized_FAO_NASA
Osun,2023,"Groundnuts, excluding shelled",2201.65,25.06,21.5,29.39,83.52,16.78,49.8,32.4,25.1,6.33,60.2,4.9,89165.07,1637.63,Nigeria_Synthesized_FAO_NASA
Oyo,2023,"Groundnuts, excluding shelled",2213.93,25.55,22.23,29.59,86.03,16.84,45.0,27.2,27.4,6.04,93.1,7.45,76794.02,1456.46,Nigeria_Synthesized_FAO_NASA
Plateau,2023,"Groundnuts, excluding shelled",2848.18,23.43,18.07,30.06,59.1,19.25,52.3,30.6,26.2,6.37,118.0,5.73,73838.08,1458.51,Nigeria_Synthesized_FAO_NASA
Rivers,2023,"Groundnuts, excluding shelled",1891.07,26.21,23.36,29.86,87.72,14.97,45.7,32.4,23.1,6.09,105.3,5.88,101549.23,1541.84,Nigeria_Synthesized_FAO_NASA
Sokoto,2023,"Groundnuts, excluding shelled",789.78,27.79,21.68,34.73,47.25,21.37,53.5,29.0,26.8,5.94,102.1,7.51,91757.08,837.31,Nigeria_Synthesized_FAO_NASA
Taraba,2023,"Groundnuts, excluding shelled",410.16,28.57,22.82,35.08,53.6,19.38,46.7,31.2,25.2,6.28,55.7,3.38,89346.41,789.06,Nigeria_Synthesized_FAO_NASA
Yobe,2023,"Groundnuts, excluding shelled",406.07,28.53,21.87,36.21,40.3,21.27,50.6,32.1,25.8,6.16,116.2,6.68,83288.64,771.37,Nigeria_Synthesized_FAO_NASA
Zamfara,2023,"Groundnuts, excluding shelled",540.96,26.93,20.75,34.3,46.38,21.09,47.6,27.3,26.1,5.97,64.2,5.46,94786.68,930.57,Nigeria_Synthesized_FAO_NASA
Abia,2024,"Groundnuts, excluding shelled",1371.1,26.26,22.98,30.44,83.64,16.73,46.7,29.3,25.6,6.49,98.2,8.0,98870.47,1406.85,Nigeria_Synthesized_FAO_NASA
Adamawa,2024,"Groundnuts, excluding shelled",935.61,28.37,22.56,34.94,52.06,20.19,46.9,31.0,25.6,6.26,79.2,5.44,98374.44,970.94,Nigeria_Synthesized_FAO_NASA
Akwa Ibom,2024,"Groundnuts, excluding shelled",1887.73,26.7,24.02,30.21,85.14,16.73,47.0,31.8,23.4,5.94,74.9,6.28,94323.71,1563.2,Nigeria_Synthesized_FAO_NASA
Anambra,2024,"Groundnuts, excluding shelled",1360.79,26.34,22.94,30.45,82.05,17.55,50.6,29.1,27.2,6.46,80.2,4.13,80753.54,1371.62,Nigeria_Synthesized_FAO_NASA
Bauchi,2024,"Groundnuts, excluding shelled",1109.06,26.3,20.35,33.25,52.28,20.55,49.7,29.0,27.1,5.9,84.2,6.81,67324.21,1170.54,Nigeria_Synthesized_FAO_NASA
Bayelsa,2024,"Groundnuts, excluding shelled",1913.76,26.75,24.06,30.28,85.78,15.55,54.7,30.1,25.6,6.04,78.7,4.79,70048.22,1604.31,Nigeria_Synthesized_FAO_NASA
Benue,2024,"Groundnuts, excluding shelled",1021.39,27.15,22.6,32.57,67.47,18.62,53.4,28.4,23.5,6.2,101.5,2.4,71209.51,984.28,Nigeria_Synthesized_FAO_NASA
Borno,2024,"Groundnuts, excluding shelled",583.5,28.57,22.0,36.05,40.59,20.7,45.4,27.3,26.7,5.96,43.6,4.85,71939.61,841.6,Nigeria_Synthesized_FAO_NASA
Cross River,2024,"Groundnuts, excluding shelled",1887.73,26.7,24.02,30.21,85.14,15.26,49.2,27.2,24.7,6.25,85.7,4.16,79950.96,1694.12,Nigeria_Synthesized_FAO_NASA
Delta,2024,"Groundnuts, excluding shelled",1360.79,26.34,22.94,30.45,82.05,16.99,48.7,27.6,26.3,6.49,117.6,7.62,71235.43,1344.53,Nigeria_Synthesized_FAO_NASA
Ebonyi,2024,"Groundnuts, excluding shelled",905.76,27.86,23.42,33.37,68.7,18.04,47.9,30.8,24.8,6.19,100.6,3.83,104480.86,931.29,Nigeria_Synthesized_FAO_NASA
Edo,2024,"Groundnuts, excluding shelled",1389.25,26.08,22.92,30.06,85.46,16.41,45.6,29.9,27.1,6.27,83.7,3.62,117000.23,1362.29,Nigeria_Synthesized_FAO_NASA
Ekiti,2024,"Groundnuts, excluding shelled",1380.98,25.04,21.44,29.48,81.98,17.4,50.6,30.1,23.0,5.9,117.1,4.45,112938.92,1316.18,Nigeria_Synthesized_FAO_NASA
Enugu,2024,"Groundnuts, excluding shelled",980.36,26.81,22.68,31.9,73.62,17.55,51.8,32.6,25.4,5.97,86.5,6.98,69730.01,1029.18,Nigeria_Synthesized_FAO_NASA
FCT Abuja,2024,"Groundnuts, excluding shelled",1182.97,26.46,21.44,32.59,64.55,18.82,51.5,32.4,25.6,5.97,64.8,3.31,114493.63,1190.71,Nigeria_Synthesized_FAO_NASA
Gombe,2024,"Groundnuts, excluding shelled",1511.27,26.9,21.14,33.62,54.02,20.46,51.8,28.8,23.4,6.36,77.9,3.47,107811.57,1667.37,Nigeria_Synthesized_FAO_NASA
Imo,2024,"Groundnuts, excluding shelled",1626.91,26.48,23.28,30.5,84.2,16.73,48.3,29.8,23.2,6.5,56.7,2.85,67526.79,1624.81,Nigeria_Synthesized_FAO_NASA
Jigawa,2024,"Groundnuts, excluding shelled",1025.51,26.63,20.09,34.46,47.2,20.69,49.3,30.4,22.6,5.91,75.7,7.31,108296.12,1003.38,Nigeria_Synthesized_FAO_NASA
Kaduna,2024,"Groundnuts, excluding shelled",1925.09,24.21,19.05,30.7,65.0,19.62,50.4,32.5,24.4,6.4,50.7,8.08,70121.15,1576.21,Nigeria_Synthesized_FAO_NASA
Kano,2024,"Groundnuts, excluding shelled",1009.62,26.18,19.59,34.33,48.56,20.93,51.8,29.2,27.2,6.06,66.6,6.56,117934.11,1064.01,Nigeria_Synthesized_FAO_NASA
Katsina,2024,"Groundnuts, excluding shelled",1294.93,25.85,19.99,32.56,50.33,20.6,47.0,31.8,26.2,5.93,71.0,3.84,117266.63,1353.72,Nigeria_Synthesized_FAO_NASA
Kebbi,2024,"Groundnuts, excluding shelled",2228.6,27.02,21.27,34.01,56.38,20.48,51.4,31.3,27.4,6.12,104.1,4.82,120262.16,1568.69,Nigeria_Synthesized_FAO_NASA
Kogi,2024,"Groundnuts, excluding shelled",918.5,27.23,22.62,32.55,69.54,17.95,54.5,28.3,24.1,6.36,71.5,5.95,75377.33,1003.45,Nigeria_Synthesized_FAO_NASA
Kwara,2024,"Groundnuts, excluding shelled",1259.82,25.8,21.29,31.26,74.74,18.15,47.3,27.4,24.0,6.18,53.4,4.31,106802.86,1250.24,Nigeria_Synthesized_FAO_NASA
Lagos,2024,"Groundnuts, excluding shelled",1382.65,27.05,25.19,29.33,84.49,16.86,50.8,32.3,23.3,6.26,93.2,4.73,68481.11,1411.01,Nigeria_Synthesized_FAO_NASA
Nasarawa,2024,"Groundnuts, excluding shelled",1082.75,28.0,23.22,33.88,60.44,18.97,50.0,27.0,26.0,6.3,43.1,4.39,88249.04,1125.98,Nigeria_Synthesized_FAO_NASA
Niger,2024,"Groundnuts, excluding shelled",926.85,27.69,22.24,33.83,63.71,18.72,50.0,32.5,26.1,6.25,103.8,7.62,88808.78,1015.02,Nigeria_Synthesized_FAO_NASA
Ogun,2024,"Groundnuts, excluding shelled",1383.59,26.28,23.01,30.33,84.74,16.62,48.9,32.8,26.0,5.94,109.0,5.12,91850.66,1396.35,Nigeria_Synthesized_FAO_NASA
Ondo,2024,"Groundnuts, excluding shelled",1380.98,25.04,21.44,29.48,81.98,17.4,49.2,32.3,23.5,6.4,84.6,2.35,96024.72,1256.88,Nigeria_Synthesized_FAO_NASA
Osun,2024,"Groundnuts, excluding shelled",1552.21,25.25,21.3,29.96,80.5,16.59,47.9,29.8,26.8,6.08,55.4,2.84,93949.02,1642.91,Nigeria_Synthesized_FAO_NASA
Oyo,2024,"Groundnuts, excluding shelled",1674.52,25.69,22.07,30.01,84.02,16.62,49.7,28.4,23.3,6.1,115.2,4.23,108910.8,1506.3,Nigeria_Synthesized_FAO_NASA
Plateau,2024,"Groundnuts, excluding shelled",1740.79,23.31,17.86,30.2,58.55,18.87,46.8,32.3,24.8,6.33,118.7,2.33,92416.95,1553.49,Nigeria_Synthesized_FAO_NASA
Rivers,2024,"Groundnuts, excluding shelled",1796.83,26.6,23.57,30.6,85.73,15.17,47.8,28.1,22.7,5.9,102.0,2.87,105576.9,1497.57,Nigeria_Synthesized_FAO_NASA
Sokoto,2024,"Groundnuts, excluding shelled",1403.83,26.96,21.08,33.83,53.46,20.92,49.3,27.2,26.4,5.9,101.0,7.81,99167.74,1448.84,Nigeria_Synthesized_FAO_NASA
Taraba,2024,"Groundnuts, excluding shelled",1137.38,27.76,22.3,34.06,57.28,19.35,49.8,29.3,26.9,6.44,66.9,6.0,95231.7,1142.02,Nigeria_Synthesized_FAO_NASA
Yobe,2024,"Groundnuts, excluding shelled",931.33,27.61,21.32,34.81,45.09,21.08,50.1,29.7,23.9,6.48,51.4,5.77,119093.54,1014.5,Nigeria_Synthesized_FAO_NASA
Zamfara,2024,"Groundnuts, excluding shelled",714.1,26.35,20.36,33.59,49.36,20.63,49.0,33.0,22.8,6.25,46.6,3.0,80879.65,825.7,Nigeria_Synthesized_FAO_NASA
Abia,2019,Maize (corn),2019.69,25.82,22.82,29.42,86.11,16.27,74.0,46.7,18.2,6.12,117.3,8.14,184500.01,2306.37,Nigeria_Synthesized_FAO_NASA
Adamawa,2019,Maize (corn),960.01,27.76,22.27,33.74,56.41,20.28,84.1,43.7,21.0,6.53,47.3,3.05,191143.91,1413.54,Nigeria_Synthesized_FAO_NASA
Akwa Ibom,2019,Maize (corn),2231.91,26.29,23.81,29.49,86.47,16.27,70.2,46.1,19.6,6.37,98.7,8.47,187479.07,2537.13,Nigeria_Synthesized_FAO_NASA
Anambra,2019,Maize (corn),2330.26,25.85,22.81,29.34,85.38,17.04,78.3,47.5,18.5,6.54,108.3,5.24,187553.87,2251.81,Nigeria_Synthesized_FAO_NASA
Bauchi,2019,Maize (corn),867.4,26.58,20.84,33.37,51.51,20.5,78.4,50.3,19.9,6.55,88.9,4.41,153345.4,1347.43,Nigeria_Synthesized_FAO_NASA
Bayelsa,2019,Maize (corn),3319.11,26.16,23.71,29.38,87.88,15.0,76.0,47.0,19.5,6.42,78.7,7.16,147097.02,2456.0,Nigeria_Synthesized_FAO_NASA
Benue,2019,Maize (corn),1023.91,26.98,22.72,32.08,71.9,18.06,82.6,45.9,18.7,6.25,60.9,2.06,165975.42,1603.1,Nigeria_Synthesized_FAO_NASA
Borno,2019,Maize (corn),545.89,28.54,22.01,35.97,40.71,21.14,76.9,53.0,20.1,6.47,51.2,5.7,184569.72,1269.4,Nigeria_Synthesized_FAO_NASA
Cross River,2019,Maize (corn),2231.91,26.29,23.81,29.49,86.47,15.4,81.2,47.2,18.2,6.22,71.6,7.64,192491.73,2502.06,Nigeria_Synthesized_FAO_NASA
Delta,2019,Maize (corn),2330.26,25.85,22.81,29.34,85.38,16.34,84.9,46.0,19.2,6.49,117.3,4.88,234694.53,2235.58,Nigeria_Synthesized_FAO_NASA
Ebonyi,2019,Maize (corn),1142.89,26.36,22.7,30.77,79.82,17.53,80.7,46.2,20.7,5.97,43.9,4.51,186219.89,1685.16,Nigeria_Synthesized_FAO_NASA
Edo,2019,Maize (corn),2626.04,25.64,22.8,29.18,88.29,15.76,77.6,46.7,18.6,6.13,118.0,4.67,163067.19,2261.56,Nigeria_Synthesized_FAO_NASA
Ekiti,2019,Maize (corn),2325.44,24.63,21.43,28.64,85.23,16.92,85.3,45.9,20.5,6.38,88.6,2.58,191769.98,2222.86,Nigeria_Synthesized_FAO_NASA
Enugu,2019,Maize (corn),1601.35,25.72,22.28,29.72,82.47,17.04,79.3,50.8,18.6,6.46,42.4,7.48,135395.54,2387.35,Nigeria_Synthesized_FAO_NASA
FCT Abuja,2019,Maize (corn),1302.2,26.23,21.5,31.88,67.06,18.58,72.1,52.8,18.1,6.06,67.8,6.03,152281.27,1956.32,Nigeria_Synthesized_FAO_NASA
Gombe,2019,Maize (corn),1233.79,26.8,21.28,33.1,55.76,20.71,74.5,45.9,18.7,6.19,96.3,3.41,142166.5,1911.64,Nigeria_Synthesized_FAO_NASA
Imo,2019,Maize (corn),2559.56,26.01,23.05,29.59,86.4,16.27,85.2,52.8,21.0,6.08,45.4,4.06,171349.17,2292.68,Nigeria_Synthesized_FAO_NASA
Jigawa,2019,Maize (corn),485.81,27.58,20.91,35.54,41.33,20.87,82.1,51.9,21.2,6.16,95.0,4.03,184001.19,1229.76,Nigeria_Synthesized_FAO_NASA
Kaduna,2019,Maize (corn),1623.16,24.48,19.33,30.82,63.85,19.89,70.1,47.6,19.1,6.37,101.3,3.98,205523.41,2075.04,Nigeria_Synthesized_FAO_NASA
Kano,2019,Maize (corn),517.4,27.07,20.35,35.28,43.11,21.48,76.9,50.6,20.6,6.55,58.0,6.31,160678.17,1361.99,Nigeria_Synthesized_FAO_NASA
Katsina,2019,Maize (corn),702.35,26.88,20.7,33.83,42.66,21.26,72.4,50.9,20.1,6.1,78.0,4.17,229014.1,1318.09,Nigeria_Synthesized_FAO_NASA
Kebbi,2019,Maize (corn),975.0,27.47,21.57,34.45,51.71,21.15,78.8,49.7,19.9,5.96,58.6,5.2,226143.09,1506.58,Nigeria_Synthesized_FAO_NASA
Kogi,2019,Maize (corn),1251.26,27.25,22.95,32.23,71.52,17.31,77.8,46.7,18.8,6.22,50.7,8.03,148340.24,1863.65,Nigeria_Synthesized_FAO_NASA
Kwara,2019,Maize (corn),1645.89,25.35,21.41,30.21,78.48,18.09,71.6,51.1,21.0,6.41,49.1,6.19,206189.55,2429.86,Nigeria_Synthesized_FAO_NASA
Lagos,2019,Maize (corn),1952.69,26.78,25.09,28.91,85.85,16.26,80.0,48.0,19.9,5.95,91.1,2.53,191858.91,2526.72,Nigeria_Synthesized_FAO_NASA
Nasarawa,2019,Maize (corn),938.12,27.98,23.38,33.58,62.16,18.38,78.5,44.9,20.5,6.43,53.1,2.68,160539.37,1394.56,Nigeria_Synthesized_FAO_NASA
Niger,2019,Maize (corn),1226.48,26.93,22.01,32.45,68.58,18.47,78.2,48.1,18.2,6.34,109.4,7.38,224836.94,1786.76,Nigeria_Synthesized_FAO_NASA
Ogun,2019,Maize (corn),1932.32,26.05,23.09,29.76,86.83,16.7,71.7,44.1,18.8,6.02,60.8,4.5,136625.89,2392.86,Nigeria_Synthesized_FAO_NASA
Ondo,2019,Maize (corn),2325.44,24.63,21.43,28.64,85.23,16.92,83.0,50.5,18.3,6.39,62.0,6.15,195491.72,2401.66,Nigeria_Synthesized_FAO_NASA
Osun,2019,Maize (corn),2184.61,24.92,21.46,29.14,83.53,16.53,74.1,46.3,21.5,5.95,95.7,6.71,238098.01,2206.1,Nigeria_Synthesized_FAO_NASA
Oyo,2019,Maize (corn),2257.17,25.43,22.21,29.34,86.49,16.7,85.2,44.2,21.1,6.34,91.8,2.83,235542.17,2424.47,Nigeria_Synthesized_FAO_NASA
Plateau,2019,Maize (corn),1166.1,23.54,18.25,30.23,58.25,18.6,84.2,47.9,18.0,6.16,106.1,6.56,236427.0,1656.27,Nigeria_Synthesized_FAO_NASA
Rivers,2019,Maize (corn),3286.85,26.06,23.24,29.71,87.68,15.01,76.6,48.1,21.5,6.33,64.9,5.41,134406.2,2331.01,Nigeria_Synthesized_FAO_NASA
Sokoto,2019,Maize (corn),1088.13,27.34,21.33,34.05,48.97,21.64,75.6,48.2,19.2,6.36,93.0,6.65,235336.33,1551.15,Nigeria_Synthesized_FAO_NASA
Taraba,2019,Maize (corn),982.97,27.29,22.23,33.11,61.02,19.1,71.9,49.9,18.0,6.31,109.6,7.79,163071.06,1452.13,Nigeria_Synthesized_FAO_NASA
Yobe,2019,Maize (corn),776.03,27.41,21.34,34.46,46.98,21.13,71.2,50.1,21.1,6.09,73.7,7.45,178872.31,1273.58,Nigeria_Synthesized_FAO_NASA
Zamfara,2019,Maize (corn),738.05,26.25,20.33,33.26,49.44,21.28,78.5,45.5,18.2,6.5,105.6,6.94,155096.64,1347.47,Nigeria_Synthesized_FAO_NASA
Abia,2020,Maize (corn),2029.78,25.76,22.57,29.63,85.2,16.76,76.8,46.9,20.0,5.99,100.5,5.79,197190.45,2381.31,Nigeria_Synthesized_FAO_NASA
Adamawa,2020,Maize (corn),982.6,27.15,21.49,33.42,57.83,20.76,72.8,44.1,20.1,6.46,41.4,2.32,132895.8,1587.72,Nigeria_Synthesized_FAO_NASA
Akwa Ibom,2020,Maize (corn),2982.8,26.24,23.63,29.59,86.16,16.76,75.1,47.0,20.2,6.1,42.1,6.78,194813.54,2635.33,Nigeria_Synthesized_FAO_NASA
Anambra,2020,Maize (corn),2228.5,25.76,22.46,29.53,84.05,17.58,81.5,50.1,18.6,6.15,50.1,2.84,171396.66,2618.21,Nigeria_Synthesized_FAO_NASA
Bauchi,2020,Maize (corn),2013.76,24.95,19.31,31.5,59.51,20.92,85.0,49.7,18.5,6.0,105.0,5.76,198649.11,2572.36,Nigeria_Synthesized_FAO_NASA
Bayelsa,2020,Maize (corn),3495.17,26.08,23.46,29.46,87.47,15.56,80.9,51.7,18.0,6.4,108.1,3.86,191083.0,2641.26,Nigeria_Synthesized_FAO_NASA
Benue,2020,Maize (corn),1209.6,26.41,22.11,31.55,72.34,18.7,84.9,43.9,20.1,6.04,97.0,3.14,145247.69,2076.05,Nigeria_Synthesized_FAO_NASA
Borno,2020,Maize (corn),545.45,28.06,21.39,35.6,42.48,21.41,84.2,45.6,18.4,6.41,80.0,7.93,162923.53,1330.93,Nigeria_Synthesized_FAO_NASA
Cross River,2020,Maize (corn),2982.8,26.24,23.63,29.59,86.16,15.31,73.6,45.1,20.5,6.3,100.4,4.01,177789.07,2457.71,Nigeria_Synthesized_FAO_NASA
Delta,2020,Maize (corn),2228.5,25.76,22.46,29.53,84.05,16.94,85.3,46.4,19.0,6.15,85.2,3.64,154203.83,2545.25,Nigeria_Synthesized_FAO_NASA
Ebonyi,2020,Maize (corn),1251.59,26.36,22.44,31.15,77.86,18.1,83.9,44.6,20.4,6.5,53.5,8.29,140492.85,2237.08,Nigeria_Synthesized_FAO_NASA
Edo,2020,Maize (corn),2111.49,25.46,22.36,29.3,87.0,16.43,80.5,46.5,18.6,6.12,47.4,2.94,207193.82,2523.45,Nigeria_Synthesized_FAO_NASA
Ekiti,2020,Maize (corn),1688.06,24.44,20.97,28.85,83.66,17.35,82.4,45.0,18.3,6.33,55.8,2.63,155917.56,2305.38,Nigeria_Synthesized_FAO_NASA
Enugu,2020,Maize (corn),1630.95,25.64,21.91,30.0,80.61,17.58,82.8,47.0,20.4,6.27,94.2,6.44,205037.54,2420.72,Nigeria_Synthesized_FAO_NASA
FCT Abuja,2020,Maize (corn),1389.91,25.33,20.59,31.05,70.06,19.24,70.6,48.0,21.3,6.29,106.6,8.45,140533.63,2302.6,Nigeria_Synthesized_FAO_NASA
Gombe,2020,Maize (corn),1610.11,25.46,19.91,31.96,61.65,21.05,80.5,53.1,21.7,6.36,59.5,7.19,182286.26,2405.77,Nigeria_Synthesized_FAO_NASA
Imo,2020,Maize (corn),2537.08,25.96,22.78,29.79,85.46,16.76,84.1,47.3,20.3,6.2,75.0,4.02,191008.18,2420.23,Nigeria_Synthesized_FAO_NASA
Jigawa,2020,Maize (corn),1348.11,26.04,19.53,33.9,50.64,21.0,84.6,45.3,21.3,6.39,60.2,2.44,206258.23,2331.18,Nigeria_Synthesized_FAO_NASA
Kaduna,2020,Maize (corn),3398.52,23.14,18.43,29.08,70.9,20.28,79.8,50.6,18.8,6.38,42.2,4.44,203907.29,2269.59,Nigeria_Synthesized_FAO_NASA
Kano,2020,Maize (corn),1291.71,25.59,19.15,33.6,52.35,21.5,82.8,45.9,20.4,6.19,87.7,2.7,128762.91,2156.82,Nigeria_Synthesized_FAO_NASA
Katsina,2020,Maize (corn),1539.75,25.3,19.52,31.74,53.57,21.05,74.2,51.5,21.8,6.06,61.2,6.31,203647.97,2303.98,Nigeria_Synthesized_FAO_NASA
Kebbi,2020,Maize (corn),1131.67,26.83,21.14,33.82,56.95,20.69,77.8,51.3,18.3,6.54,117.1,3.06,204260.99,2067.25,Nigeria_Synthesized_FAO_NASA
Kogi,2020,Maize (corn),1391.1,26.62,22.18,31.74,72.68,17.84,74.2,51.5,19.3,5.99,67.4,8.38,124256.72,2274.64,Nigeria_Synthesized_FAO_NASA
Kwara,2020,Maize (corn),1204.71,25.26,20.98,30.59,76.31,18.29,72.6,53.2,21.1,6.11,45.6,2.37,155252.29,1991.67,Nigeria_Synthesized_FAO_NASA
Lagos,2020,Maize (corn),1510.91,26.41,24.55,28.78,85.34,16.91,84.4,48.4,21.1,6.21,96.7,6.76,171397.89,2382.15,Nigeria_Synthesized_FAO_NASA
Nasarawa,2020,Maize (corn),1078.68,27.24,22.6,32.97,63.62,19.25,79.9,44.3,19.2,6.27,119.7,5.08,149863.0,1734.55,Nigeria_Synthesized_FAO_NASA
Niger,2020,Maize (corn),1309.13,26.28,21.2,32.07,70.38,18.94,82.4,49.4,21.3,6.19,88.3,6.1,156812.47,2299.45,Nigeria_Synthesized_FAO_NASA
Ogun,2020,Maize (corn),1525.8,25.74,22.52,29.83,85.71,16.87,71.4,43.8,21.3,6.08,56.9,6.78,128587.88,2475.62,Nigeria_Synthesized_FAO_NASA
Ondo,2020,Maize (corn),1688.06,24.44,20.97,28.85,83.66,17.35,72.5,52.9,21.2,6.47,72.5,6.96,164068.57,2390.18,Nigeria_Synthesized_FAO_NASA
Osun,2020,Maize (corn),1523.34,24.79,21.01,29.45,81.59,16.86,70.3,49.3,19.6,6.26,40.6,4.75,115278.37,2292.05,Nigeria_Synthesized_FAO_NASA
Oyo,2020,Maize (corn),1568.36,25.24,21.73,29.6,84.71,16.87,81.4,45.9,21.0,6.3,56.9,3.54,157854.76,2613.13,Nigeria_Synthesized_FAO_NASA
Plateau,2020,Maize (corn),3385.52,22.35,17.41,28.56,63.84,19.39,76.4,46.1,21.2,6.35,75.8,5.17,195837.93,2340.89,Nigeria_Synthesized_FAO_NASA
Rivers,2020,Maize (corn),3361.46,26.04,23.03,29.87,87.03,15.21,75.6,53.2,19.7,6.24,85.3,7.96,175913.16,2466.5,Nigeria_Synthesized_FAO_NASA
Sokoto,2020,Maize (corn),1145.58,26.35,20.64,33.04,56.06,21.49,81.2,49.3,19.8,6.05,77.1,3.6,158682.25,2011.82,Nigeria_Synthesized_FAO_NASA
Taraba,2020,Maize (corn),1075.73,26.37,21.19,32.39,64.01,19.69,84.8,48.8,20.3,6.27,50.4,4.44,147331.49,1923.21,Nigeria_Synthesized_FAO_NASA
Yobe,2020,Maize (corn),792.26,26.9,20.63,34.19,48.36,21.55,76.9,51.1,18.7,6.04,72.5,8.02,175535.67,1339.33,Nigeria_Synthesized_FAO_NASA
Zamfara,2020,Maize (corn),1146.34,25.26,19.6,32.14,55.83,20.88,78.0,44.4,21.7,6.35,62.8,5.81,155523.27,1919.16,Nigeria_Synthesized_FAO_NASA
Abia,2021,Maize (corn),1877.25,25.78,22.8,29.53,86.39,16.48,72.7,49.9,18.8,6.38,102.1,6.38,214585.63,2411.5,Nigeria_Synthesized_FAO_NASA
Adamawa,2021,Maize (corn),945.3,27.6,21.95,33.88,56.24,20.8,71.2,46.8,18.8,6.55,71.2,6.76,207202.93,1617.87,Nigeria_Synthesized_FAO_NASA
Akwa Ibom,2021,Maize (corn),2456.61,26.21,23.74,29.42,87.15,16.48,73.7,46.3,19.4,6.08,41.6,7.72,138738.11,2683.71,Nigeria_Synthesized_FAO_NASA
Anambra,2021,Maize (corn),2208.72,25.78,22.8,29.34,86.04,17.38,75.2,43.7,20.5,6.45,51.7,3.04,151768.11,2763.84,Nigeria_Synthesized_FAO_NASA
Bauchi,2021,Maize (corn),3305.27,25.04,19.49,31.42,60.49,21.27,70.7,49.6,19.0,6.16,101.6,7.27,179412.16,2629.58,Nigeria_Synthesized_FAO_NASA
Bayelsa,2021,Maize (corn),3490.5,26.11,23.68,29.29,88.5,15.38,76.3,51.1,19.7,6.49,112.6,2.57,212705.55,2557.22,Nigeria_Synthesized_FAO_NASA
Benue,2021,Maize (corn),1524.55,26.51,22.31,31.46,73.01,18.37,82.3,45.5,21.0,6.46,63.1,8.19,200467.59,2750.46,Nigeria_Synthesized_FAO_NASA
Borno,2021,Maize (corn),444.23,28.5,21.62,36.32,39.39,21.77,78.3,49.2,20.4,5.94,116.8,2.29,132481.98,1274.08,Nigeria_Synthesized_FAO_NASA
Cross River,2021,Maize (corn),2456.61,26.21,23.74,29.42,87.15,15.69,78.8,52.6,20.4,6.45,41.1,5.52,118807.42,2457.8,Nigeria_Synthesized_FAO_NASA
Delta,2021,Maize (corn),2208.72,25.78,22.8,29.34,86.04,16.78,71.1,50.2,19.8,6.41,78.8,2.97,167606.42,2555.58,Nigeria_Synthesized_FAO_NASA
Ebonyi,2021,Maize (corn),780.95,26.73,22.83,31.71,77.1,17.93,83.6,49.5,18.4,6.53,81.5,2.47,134743.77,1459.84,Nigeria_Synthesized_FAO_NASA
Edo,2021,Maize (corn),2357.05,25.6,22.85,29.07,89.16,16.34,82.5,51.5,21.7,6.25,76.4,6.9,142875.62,2609.71,Nigeria_Synthesized_FAO_NASA
Ekiti,2021,Maize (corn),2803.84,24.66,21.47,28.82,85.48,17.19,78.5,44.5,19.5,6.47,108.5,2.65,172431.2,2336.53,Nigeria_Synthesized_FAO_NASA
Enugu,2021,Maize (corn),1288.82,25.72,22.24,30.06,82.26,17.38,83.6,44.8,20.7,6.0,89.9,4.31,143831.23,1982.21,Nigeria_Synthesized_FAO_NASA
FCT Abuja,2021,Maize (corn),1369.92,25.61,20.82,31.36,68.57,19.4,79.9,45.9,20.6,6.48,50.1,7.63,140912.56,2350.71,Nigeria_Synthesized_FAO_NASA
Gombe,2021,Maize (corn),2221.85,25.9,20.36,32.35,60.63,21.29,76.6,45.2,20.6,6.41,48.5,5.29,130187.83,2620.49,Nigeria_Synthesized_FAO_NASA
Imo,2021,Maize (corn),2610.4,25.97,23.05,29.59,86.97,16.48,78.0,52.8,19.9,6.18,107.9,5.2,211599.68,2717.69,Nigeria_Synthesized_FAO_NASA
Jigawa,2021,Maize (corn),1693.73,25.93,19.29,33.69,51.02,21.81,83.2,51.7,19.4,6.14,79.4,5.72,166735.45,2572.62,Nigeria_Synthesized_FAO_NASA
Kaduna,2021,Maize (corn),6360.7,23.35,18.52,29.42,70.17,20.72,77.5,46.8,18.2,6.08,115.9,3.98,197289.84,2278.04,Nigeria_Synthesized_FAO_NASA
Kano,2021,Maize (corn),1845.71,25.31,18.75,33.21,53.87,22.26,74.8,43.9,19.1,6.27,84.1,4.32,163752.92,2400.29,Nigeria_Synthesized_FAO_NASA
Katsina,2021,Maize (corn),1784.49,25.63,19.61,32.47,49.51,21.82,75.9,46.1,18.8,6.22,100.8,3.34,214553.55,2538.62,Nigeria_Synthesized_FAO_NASA
Kebbi,2021,Maize (corn),925.26,27.38,21.34,34.71,52.95,21.44,76.5,51.1,19.2,6.28,56.4,6.82,119525.41,1617.96,Nigeria_Synthesized_FAO_NASA
Kogi,2021,Maize (corn),2024.23,26.62,22.46,31.48,74.62,17.63,73.1,52.1,19.2,6.38,65.5,7.89,203185.28,2450.42,Nigeria_Synthesized_FAO_NASA
Kwara,2021,Maize (corn),1764.69,25.68,21.46,30.92,74.97,18.45,77.7,44.4,18.6,6.52,118.1,4.45,135360.95,2411.03,Nigeria_Synthesized_FAO_NASA
Lagos,2021,Maize (corn),1713.6,26.77,25.1,28.92,85.31,16.64,74.2,50.4,20.4,6.55,61.2,6.37,172220.81,2831.09,Nigeria_Synthesized_FAO_NASA
Nasarawa,2021,Maize (corn),1517.79,27.2,22.63,32.72,64.83,19.03,70.0,53.3,21.0,6.42,80.8,3.95,128832.95,2397.04,Nigeria_Synthesized_FAO_NASA
Niger,2021,Maize (corn),1567.28,26.65,21.5,32.49,68.64,19.19,75.8,50.9,19.9,5.98,41.4,2.67,146042.92,2494.49,Nigeria_Synthesized_FAO_NASA
Ogun,2021,Maize (corn),1752.89,26.03,23.06,29.86,86.44,17.14,79.9,51.4,19.7,6.16,48.7,7.69,211300.81,2555.12,Nigeria_Synthesized_FAO_NASA
Ondo,2021,Maize (corn),2803.84,24.66,21.47,28.82,85.48,17.19,78.0,48.3,20.3,6.52,86.4,5.51,134314.27,2594.98,Nigeria_Synthesized_FAO_NASA
Osun,2021,Maize (corn),2545.61,25.1,21.46,29.67,82.03,16.81,72.9,43.9,20.8,6.38,50.9,7.43,123727.33,2336.61,Nigeria_Synthesized_FAO_NASA
Oyo,2021,Maize (corn),2405.57,25.45,22.18,29.58,85.99,17.14,73.9,47.2,18.8,6.24,72.6,8.41,147703.33,2405.17,Nigeria_Synthesized_FAO_NASA
Plateau,2021,Maize (corn),6143.64,22.42,17.47,28.63,64.07,19.45,70.8,49.7,18.0,6.46,81.0,5.43,131704.36,2139.45,Nigeria_Synthesized_FAO_NASA
Rivers,2021,Maize (corn),3286.06,26.06,23.27,29.7,88.29,15.22,73.1,46.7,20.2,6.06,49.3,8.31,134585.52,2620.22,Nigeria_Synthesized_FAO_NASA
Sokoto,2021,Maize (corn),1248.4,26.82,20.76,33.8,52.26,22.27,82.2,46.5,18.3,6.02,95.8,6.18,198169.55,1962.57,Nigeria_Synthesized_FAO_NASA
Taraba,2021,Maize (corn),995.65,26.9,21.62,32.99,61.7,19.68,80.7,45.1,18.8,6.46,56.7,2.47,211732.32,1775.8,Nigeria_Synthesized_FAO_NASA
Yobe,2021,Maize (corn),1602.2,26.8,20.56,34.02,49.32,22.04,84.3,49.9,18.2,6.52,60.7,4.19,157901.87,2740.24,Nigeria_Synthesized_FAO_NASA
Zamfara,2021,Maize (corn),1543.33,25.19,19.44,32.19,55.73,21.79,77.7,44.8,19.4,6.15,101.8,7.22,122551.69,2458.92,Nigeria_Synthesized_FAO_NASA
Abia,2022,Maize (corn),1579.69,25.57,22.28,29.59,84.63,16.48,75.8,45.1,21.0,6.37,55.2,4.38,144205.35,2623.82,Nigeria_Synthesized_FAO_NASA
Adamawa,2022,Maize (corn),1250.17,26.34,20.98,32.39,61.0,20.39,71.9,53.1,20.9,6.18,86.3,7.92,168815.11,2136.09,Nigeria_Synthesized_FAO_NASA
Akwa Ibom,2022,Maize (corn),3367.59,26.03,23.38,29.41,86.43,16.48,75.9,51.8,20.4,6.34,109.3,7.81,126142.02,2842.31,Nigeria_Synthesized_FAO_NASA
Anambra,2022,Maize (corn),1520.42,25.52,22.18,29.44,83.61,17.09,78.4,50.8,20.8,6.31,53.3,7.18,118650.68,2884.71,Nigeria_Synthesized_FAO_NASA
Bauchi,2022,Maize (corn),2192.25,23.61,18.14,29.92,65.09,20.54,77.2,45.3,19.1,5.94,72.0,5.57,117831.15,2699.03,Nigeria_Synthesized_FAO_NASA
Bayelsa,2022,Maize (corn),2262.15,25.86,23.18,29.29,87.25,15.34,83.0,45.7,18.3,6.46,52.5,8.34,172133.69,2856.75,Nigeria_Synthesized_FAO_NASA
Benue,2022,Maize (corn),1847.07,25.08,21.17,29.65,77.48,18.09,85.2,44.5,19.0,6.33,68.0,8.03,156839.21,2885.11,Nigeria_Synthesized_FAO_NASA
Borno,2022,Maize (corn),476.63,27.77,21.18,35.35,41.4,21.11,79.2,49.9,18.8,6.16,107.5,3.27,161404.14,1420.61,Nigeria_Synthesized_FAO_NASA
Cross River,2022,Maize (corn),3367.59,26.03,23.38,29.41,86.43,15.25,81.8,50.5,18.6,6.29,109.4,4.81,162649.75,2965.29,Nigeria_Synthesized_FAO_NASA
Delta,2022,Maize (corn),1520.42,25.52,22.18,29.44,83.61,16.56,72.2,47.4,21.6,6.13,109.4,7.73,152262.39,2904.95,Nigeria_Synthesized_FAO_NASA
Ebonyi,2022,Maize (corn),1089.98,26.56,22.33,31.89,73.62,17.56,81.3,46.6,20.9,6.21,78.8,7.06,117560.45,1953.17,Nigeria_Synthesized_FAO_NASA
Edo,2022,Maize (corn),1751.31,25.24,22.22,29.04,87.11,16.2,75.8,47.2,19.9,6.44,68.9,5.41,151407.65,2697.39,Nigeria_Synthesized_FAO_NASA
Ekiti,2022,Maize (corn),2113.63,24.07,20.77,28.17,85.26,17.06,74.3,52.6,20.7,6.29,91.8,2.19,135071.6,2719.57,Nigeria_Synthesized_FAO_NASA
Enugu,2022,Maize (corn),1234.16,25.55,21.69,30.33,78.39,17.09,78.5,47.1,18.1,6.05,116.1,4.66,157651.1,2237.77,Nigeria_Synthesized_FAO_NASA
FCT Abuja,2022,Maize (corn),1760.93,24.61,19.96,30.21,72.48,18.75,70.6,50.5,19.9,6.25,59.4,6.84,114687.3,2679.92,Nigeria_Synthesized_FAO_NASA
Gombe,2022,Maize (corn),2531.68,24.85,19.37,31.35,62.57,20.6,77.1,46.4,18.8,6.34,92.1,7.36,127593.86,2571.05,Nigeria_Synthesized_FAO_NASA
Imo,2022,Maize (corn),1729.51,25.75,22.53,29.66,85.07,16.48,74.2,53.1,20.2,6.38,40.6,5.37,116603.68,2756.76,Nigeria_Synthesized_FAO_NASA
Jigawa,2022,Maize (corn),764.89,25.49,18.93,33.6,50.77,20.59,84.3,53.0,20.0,6.22,115.6,6.38,163268.14,1381.62,Nigeria_Synthesized_FAO_NASA
Kaduna,2022,Maize (corn),4954.11,22.45,17.78,28.41,73.02,19.63,73.7,48.1,19.6,6.3,68.5,3.07,153533.11,2331.73,Nigeria_Synthesized_FAO_NASA
Kano,2022,Maize (corn),781.04,24.6,18.13,32.79,55.71,20.9,80.3,46.9,21.5,6.5,56.7,2.26,187813.68,1451.16,Nigeria_Synthesized_FAO_NASA
Katsina,2022,Maize (corn),1325.45,24.72,18.93,31.41,53.18,20.62,85.0,52.2,20.2,6.26,42.2,3.6,187569.83,2386.02,Nigeria_Synthesized_FAO_NASA
Kebbi,2022,Maize (corn),980.15,26.68,20.86,33.83,54.97,20.66,78.7,50.8,18.9,6.29,47.1,4.69,168843.07,1794.39,Nigeria_Synthesized_FAO_NASA
Kogi,2022,Maize (corn),1437.67,25.42,21.41,29.88,78.17,17.55,85.4,46.3,19.8,6.14,75.2,7.57,174946.89,2649.99,Nigeria_Synthesized_FAO_NASA
Kwara,2022,Maize (corn),1540.4,24.76,20.61,29.83,78.16,18.05,73.1,52.1,18.0,6.49,66.3,4.04,192726.9,2752.12,Nigeria_Synthesized_FAO_NASA
Lagos,2022,Maize (corn),1637.38,26.36,24.55,28.59,85.07,16.58,70.7,47.0,21.2,6.18,55.9,4.76,198205.46,2852.16,Nigeria_Synthesized_FAO_NASA
Nasarawa,2022,Maize (corn),1908.77,25.78,21.49,31.12,70.43,18.69,81.8,48.5,21.7,6.22,44.7,3.7,195828.33,2744.95,Nigeria_Synthesized_FAO_NASA
Niger,2022,Maize (corn),1218.58,25.95,20.84,31.8,71.14,18.49,84.7,51.0,18.9,6.3,97.7,8.12,124487.06,2173.29,Nigeria_Synthesized_FAO_NASA
Ogun,2022,Maize (corn),1698.93,25.61,22.45,29.56,86.01,16.65,82.0,49.0,20.0,6.0,50.1,5.44,158185.65,2951.18,Nigeria_Synthesized_FAO_NASA
Ondo,2022,Maize (corn),2113.63,24.07,20.77,28.17,85.26,17.06,81.2,43.9,20.2,6.27,117.5,5.15,111708.34,2549.36,Nigeria_Synthesized_FAO_NASA
Osun,2022,Maize (corn),2171.52,24.37,20.75,28.76,83.32,16.56,83.1,53.3,19.5,6.13,112.5,3.24,161618.22,2486.72,Nigeria_Synthesized_FAO_NASA
Oyo,2022,Maize (corn),2188.72,25.01,21.57,29.19,85.48,16.65,70.6,47.0,18.9,6.36,115.9,3.74,147888.82,2779.51,Nigeria_Synthesized_FAO_NASA
Plateau,2022,Maize (corn),4912.41,21.6,16.62,27.93,66.17,18.96,78.4,44.3,21.5,6.41,92.6,7.36,114936.54,2553.4,Nigeria_Synthesized_FAO_NASA
Rivers,2022,Maize (corn),2252.03,25.81,22.77,29.66,87.1,15.13,81.1,52.6,19.9,6.01,82.3,2.82,200862.88,2864.82,Nigeria_Synthesized_FAO_NASA
Sokoto,2022,Maize (corn),1156.6,26.01,20.22,32.86,54.85,21.23,79.7,43.7,18.6,6.24,116.0,4.49,155110.16,2118.84,Nigeria_Synthesized_FAO_NASA
Taraba,2022,Maize (corn),1228.08,25.86,20.77,31.75,65.52,19.13,79.4,46.5,19.4,6.07,117.3,2.85,176949.79,2180.0,Nigeria_Synthesized_FAO_NASA
Yobe,2022,Maize (corn),893.85,26.19,20.1,33.36,49.44,21.16,73.4,51.2,18.6,5.98,78.0,2.06,112159.99,1589.32,Nigeria_Synthesized_FAO_NASA
Zamfara,2022,Maize (corn),1059.55,24.33,18.79,31.18,58.41,20.65,82.0,52.5,21.2,6.36,44.2,7.09,185690.22,1692.92,Nigeria_Synthesized_FAO_NASA
Abia,2023,Maize (corn),1475.58,26.0,22.97,29.78,85.98,16.51,77.9,45.9,21.2,6.39,118.5,3.01,181698.94,2440.74,Nigeria_Synthesized_FAO_NASA
Adamawa,2023,Maize (corn),519.27,29.06,23.09,35.71,48.82,20.47,82.3,45.4,18.1,6.56,42.0,7.43,127414.86,1217.59,Nigeria_Synthesized_FAO_NASA
Akwa Ibom,2023,Maize (corn),2436.57,26.42,24.01,29.57,87.24,16.51,78.6,52.3,21.5,5.94,46.0,3.63,185630.4,2423.61,Nigeria_Synthesized_FAO_NASA
Anambra,2023,Maize (corn),1615.95,26.03,22.88,29.77,84.86,17.37,77.1,49.5,18.6,6.44,117.4,3.75,189943.0,2513.78,Nigeria_Synthesized_FAO_NASA
Bauchi,2023,Maize (corn),697.86,26.4,20.3,33.58,51.79,20.63,78.7,48.5,18.4,6.21,66.7,5.39,115797.76,1331.83,Nigeria_Synthesized_FAO_NASA
Bayelsa,2023,Maize (corn),1814.82,26.3,23.77,29.56,87.72,15.29,81.8,50.5,19.3,5.97,100.4,8.21,108623.1,2501.71,Nigeria_Synthesized_FAO_NASA
Benue,2023,Maize (corn),944.03,26.63,22.48,31.5,74.24,18.47,72.8,49.2,18.4,6.16,95.8,5.64,137742.0,1445.82,Nigeria_Synthesized_FAO_NASA
Borno,2023,Maize (corn),343.14,29.63,22.82,37.31,35.78,20.81,78.7,43.7,18.1,6.48,46.2,6.59,146682.53,1227.56,Nigeria_Synthesized_FAO_NASA
Cross River,2023,Maize (corn),2436.57,26.42,24.01,29.57,87.24,15.23,75.7,49.1,21.3,6.52,99.2,2.56,132857.78,2643.43,Nigeria_Synthesized_FAO_NASA
Delta,2023,Maize (corn),1615.95,26.03,22.88,29.77,84.86,16.79,77.3,44.1,18.6,6.43,76.3,3.96,145763.21,2513.71,Nigeria_Synthesized_FAO_NASA
Ebonyi,2023,Maize (corn),798.23,27.26,23.22,32.34,75.35,17.86,81.6,46.2,18.3,6.09,113.7,5.78,186812.06,1321.79,Nigeria_Synthesized_FAO_NASA
Edo,2023,Maize (corn),1676.66,25.77,22.82,29.43,87.56,16.33,75.7,51.4,19.9,6.01,50.3,5.49,162963.95,2440.82,Nigeria_Synthesized_FAO_NASA
Ekiti,2023,Maize (corn),2169.85,24.73,21.45,28.77,85.2,17.29,83.5,51.0,18.8,5.96,48.1,6.74,136339.57,2513.25,Nigeria_Synthesized_FAO_NASA
Enugu,2023,Maize (corn),1108.57,26.27,22.56,30.82,79.47,17.37,77.8,50.6,18.3,6.19,78.8,5.52,142155.31,1667.93,Nigeria_Synthesized_FAO_NASA
FCT Abuja,2023,Maize (corn),1030.73,25.93,21.23,31.83,70.09,19.26,82.5,50.3,20.0,6.37,73.0,2.9,123706.47,1694.23,Nigeria_Synthesized_FAO_NASA
Gombe,2023,Maize (corn),862.01,27.1,21.19,33.91,53.37,20.53,79.9,46.9,21.4,6.3,46.8,4.92,156334.58,1425.59,Nigeria_Synthesized_FAO_NASA
Imo,2023,Maize (corn),1777.67,26.17,23.15,29.88,86.12,16.51,77.7,52.3,18.9,6.19,111.9,7.83,181241.63,2558.88,Nigeria_Synthesized_FAO_NASA
Jigawa,2023,Maize (corn),423.99,28.08,21.04,36.39,38.64,20.91,71.4,52.0,19.1,6.04,59.1,4.72,187235.5,1352.42,Nigeria_Synthesized_FAO_NASA
Kaduna,2023,Maize (corn),2465.41,24.0,18.96,30.15,67.86,20.1,72.1,46.5,20.1,6.21,67.7,6.85,137468.68,2202.63,Nigeria_Synthesized_FAO_NASA
Kano,2023,Maize (corn),404.08,27.34,20.3,35.93,42.1,21.23,75.1,50.8,18.4,6.01,67.7,7.25,177789.71,1428.12,Nigeria_Synthesized_FAO_NASA
Katsina,2023,Maize (corn),982.9,26.58,20.38,33.43,45.93,20.87,72.0,51.9,20.3,6.09,84.4,5.43,113684.5,1504.62,Nigeria_Synthesized_FAO_NASA
Kebbi,2023,Maize (corn),730.22,28.19,22.1,35.52,49.11,21.05,83.4,46.6,20.6,5.94,69.8,4.29,129391.93,1341.46,Nigeria_Synthesized_FAO_NASA
Kogi,2023,Maize (corn),1484.52,26.48,22.44,31.06,77.19,17.79,82.3,45.7,20.5,6.43,85.0,6.82,114561.03,2377.87,Nigeria_Synthesized_FAO_NASA
Kwara,2023,Maize (corn),1579.72,25.6,21.52,30.56,78.01,18.12,82.6,46.5,20.1,6.4,70.3,3.97,140700.32,2477.5,Nigeria_Synthesized_FAO_NASA
Lagos,2023,Maize (corn),1725.77,26.85,25.11,28.99,85.4,16.75,84.4,48.9,20.4,6.5,47.9,3.51,183444.19,2493.16,Nigeria_Synthesized_FAO_NASA
Nasarawa,2023,Maize (corn),792.72,27.73,23.06,33.55,63.92,18.98,83.3,47.6,18.2,6.21,58.5,3.89,183978.54,1372.02,Nigeria_Synthesized_FAO_NASA
Niger,2023,Maize (corn),980.38,27.13,22.06,32.82,68.69,18.85,82.9,47.7,20.2,5.99,67.0,2.58,114818.99,1646.78,Nigeria_Synthesized_FAO_NASA
Ogun,2023,Maize (corn),1751.53,26.09,23.04,29.88,86.48,16.84,77.1,45.8,21.5,6.15,52.9,5.66,182455.0,2633.09,Nigeria_Synthesized_FAO_NASA
Ondo,2023,Maize (corn),2169.85,24.73,21.45,28.77,85.2,17.29,73.7,52.7,18.5,6.0,85.6,7.6,108191.88,2515.96,Nigeria_Synthesized_FAO_NASA
Osun,2023,Maize (corn),2201.65,25.06,21.5,29.39,83.52,16.78,80.5,44.3,21.7,6.19,63.0,5.63,199767.83,2365.42,Nigeria_Synthesized_FAO_NASA
Oyo,2023,Maize (corn),2213.93,25.55,22.23,29.59,86.03,16.84,70.0,48.0,21.1,6.29,119.9,3.86,115829.32,2335.68,Nigeria_Synthesized_FAO_NASA
Plateau,2023,Maize (corn),2848.18,23.43,18.07,30.06,59.1,19.25,72.5,46.4,20.9,6.5,118.0,3.51,122603.87,2171.78,Nigeria_Synthesized_FAO_NASA
Rivers,2023,Maize (corn),1891.07,26.21,23.36,29.86,87.72,14.97,71.7,52.0,20.3,6.04,74.4,3.87,138179.25,2611.23,Nigeria_Synthesized_FAO_NASA
Sokoto,2023,Maize (corn),789.78,27.79,21.68,34.73,47.25,21.37,85.4,44.1,19.2,6.23,80.3,4.05,149748.2,1375.41,Nigeria_Synthesized_FAO_NASA
Taraba,2023,Maize (corn),410.16,28.57,22.82,35.08,53.6,19.38,84.6,51.4,21.2,6.28,106.1,3.97,188692.84,1340.88,Nigeria_Synthesized_FAO_NASA
Yobe,2023,Maize (corn),406.07,28.53,21.87,36.21,40.3,21.27,77.3,46.4,21.6,6.13,47.8,5.42,137130.88,1274.03,Nigeria_Synthesized_FAO_NASA
Zamfara,2023,Maize (corn),540.96,26.93,20.75,34.3,46.38,21.09,73.4,48.1,19.5,6.43,99.2,4.77,118055.61,1258.53,Nigeria_Synthesized_FAO_NASA
Abia,2024,Maize (corn),1371.1,26.26,22.98,30.44,83.64,16.73,82.0,44.1,17.9,6.43,78.2,2.85,132279.65,2207.39,Nigeria_Synthesized_FAO_NASA
Adamawa,2024,Maize (corn),935.61,28.37,22.56,34.94,52.06,20.19,83.4,50.5,19.7,6.26,118.0,8.28,187223.33,1453.33,Nigeria_Synthesized_FAO_NASA
Akwa Ibom,2024,Maize (corn),1887.73,26.7,24.02,30.21,85.14,16.73,73.1,45.7,20.5,6.19,114.5,2.58,176395.81,2495.86,Nigeria_Synthesized_FAO_NASA
Anambra,2024,Maize (corn),1360.79,26.34,22.94,30.45,82.05,17.55,84.0,45.1,19.3,6.32,52.8,8.29,185976.24,2260.36,Nigeria_Synthesized_FAO_NASA
Bauchi,2024,Maize (corn),1109.06,26.3,20.35,33.25,52.28,20.55,71.9,44.4,21.4,6.05,73.3,4.92,118944.21,1958.45,Nigeria_Synthesized_FAO_NASA
Bayelsa,2024,Maize (corn),1913.76,26.75,24.06,30.28,85.78,15.55,73.5,52.6,21.4,6.42,41.6,4.13,110452.07,2660.44,Nigeria_Synthesized_FAO_NASA
Benue,2024,Maize (corn),1021.39,27.15,22.6,32.57,67.47,18.62,84.1,49.7,18.1,6.5,116.6,2.51,128598.05,1755.12,Nigeria_Synthesized_FAO_NASA
Borno,2024,Maize (corn),583.5,28.57,22.0,36.05,40.59,20.7,76.1,45.3,20.1,6.53,80.2,2.54,131110.87,1360.95,Nigeria_Synthesized_FAO_NASA
Cross River,2024,Maize (corn),1887.73,26.7,24.02,30.21,85.14,15.26,83.3,47.8,18.6,6.05,101.5,3.73,134398.27,2665.2,Nigeria_Synthesized_FAO_NASA
Delta,2024,Maize (corn),1360.79,26.34,22.94,30.45,82.05,16.99,75.0,48.1,21.5,6.51,56.5,4.33,122416.98,2352.67,Nigeria_Synthesized_FAO_NASA
Ebonyi,2024,Maize (corn),905.76,27.86,23.42,33.37,68.7,18.04,77.1,52.3,21.5,6.17,79.3,7.83,149539.21,1408.84,Nigeria_Synthesized_FAO_NASA
Edo,2024,Maize (corn),1389.25,26.08,22.92,30.06,85.46,16.41,75.0,47.7,18.7,6.06,43.0,6.18,104380.16,2397.19,Nigeria_Synthesized_FAO_NASA
Ekiti,2024,Maize (corn),1380.98,25.04,21.44,29.48,81.98,17.4,73.6,51.4,21.2,6.23,73.3,8.36,108722.86,2115.03,Nigeria_Synthesized_FAO_NASA
Enugu,2024,Maize (corn),980.36,26.81,22.68,31.9,73.62,17.55,74.5,45.3,19.3,6.5,89.2,4.68,123261.77,1569.83,Nigeria_Synthesized_FAO_NASA
FCT Abuja,2024,Maize (corn),1182.97,26.46,21.44,32.59,64.55,18.82,73.3,49.1,20.2,5.96,72.2,6.22,108376.54,2105.41,Nigeria_Synthesized_FAO_NASA
Gombe,2024,Maize (corn),1511.27,26.9,21.14,33.62,54.02,20.46,75.0,44.5,19.5,6.01,115.8,5.09,160969.23,2629.41,Nigeria_Synthesized_FAO_NASA
Imo,2024,Maize (corn),1626.91,26.48,23.28,30.5,84.2,16.73,77.7,46.6,21.0,6.47,93.8,2.31,172400.09,2521.63,Nigeria_Synthesized_FAO_NASA
Jigawa,2024,Maize (corn),1025.51,26.63,20.09,34.46,47.2,20.69,72.1,45.8,21.3,5.95,100.2,5.08,172131.71,1733.6,Nigeria_Synthesized_FAO_NASA
Kaduna,2024,Maize (corn),1925.09,24.21,19.05,30.7,65.0,19.62,82.7,47.1,20.0,6.36,96.2,8.21,104686.99,2397.29,Nigeria_Synthesized_FAO_NASA
Kano,2024,Maize (corn),1009.62,26.18,19.59,34.33,48.56,20.93,84.8,49.8,19.0,6.01,107.4,4.35,139704.72,1674.11,Nigeria_Synthesized_FAO_NASA
Katsina,2024,Maize (corn),1294.93,25.85,19.99,32.56,50.33,20.6,73.1,49.4,18.1,6.19,83.7,4.83,146045.79,2169.1,Nigeria_Synthesized_FAO_NASA
Kebbi,2024,Maize (corn),2228.6,27.02,21.27,34.01,56.38,20.48,82.0,44.0,18.6,6.27,114.8,7.43,177896.01,2742.08,Nigeria_Synthesized_FAO_NASA
Kogi,2024,Maize (corn),918.5,27.23,22.62,32.55,69.54,17.95,76.7,48.2,18.4,5.95,115.8,3.56,131096.95,1627.48,Nigeria_Synthesized_FAO_NASA
Kwara,2024,Maize (corn),1259.82,25.8,21.29,31.26,74.74,18.15,84.4,49.2,20.5,6.5,67.6,6.04,111490.56,1968.8,Nigeria_Synthesized_FAO_NASA
Lagos,2024,Maize (corn),1382.65,27.05,25.19,29.33,84.49,16.86,82.9,51.0,19.2,6.17,82.7,2.0,120712.14,2162.92,Nigeria_Synthesized_FAO_NASA
Nasarawa,2024,Maize (corn),1082.75,28.0,23.22,33.88,60.44,18.97,73.9,51.4,18.9,6.05,80.3,7.63,122626.08,1702.98,Nigeria_Synthesized_FAO_NASA
Niger,2024,Maize (corn),926.85,27.69,22.24,33.83,63.71,18.72,75.5,50.8,20.0,6.44,116.8,7.15,111058.64,1471.78,Nigeria_Synthesized_FAO_NASA
Ogun,2024,Maize (corn),1383.59,26.28,23.01,30.33,84.74,16.62,70.6,53.1,19.3,6.03,93.3,3.85,148054.79,2327.82,Nigeria_Synthesized_FAO_NASA
Ondo,2024,Maize (corn),1380.98,25.04,21.44,29.48,81.98,17.4,76.9,51.7,18.9,6.21,83.0,6.31,156387.41,2228.75,Nigeria_Synthesized_FAO_NASA
Osun,2024,Maize (corn),1552.21,25.25,21.3,29.96,80.5,16.59,80.0,45.1,21.5,6.17,98.4,2.13,139266.6,2600.75,Nigeria_Synthesized_FAO_NASA
Oyo,2024,Maize (corn),1674.52,25.69,22.07,30.01,84.02,16.62,83.6,48.7,21.5,6.24,79.2,2.78,147496.55,2415.46,Nigeria_Synthesized_FAO_NASA
Plateau,2024,Maize (corn),1740.79,23.31,17.86,30.2,58.55,18.87,84.0,52.4,21.5,6.26,94.2,7.06,126080.7,2460.27,Nigeria_Synthesized_FAO_NASA
Rivers,2024,Maize (corn),1796.83,26.6,23.57,30.6,85.73,15.17,70.5,48.4,18.4,6.05,69.2,4.81,157652.94,2453.16,Nigeria_Synthesized_FAO_NASA
Sokoto,2024,Maize (corn),1403.83,26.96,21.08,33.83,53.46,20.92,77.8,45.4,20.1,6.33,84.5,6.8,110692.26,2418.47,Nigeria_Synthesized_FAO_NASA
Taraba,2024,Maize (corn),1137.38,27.76,22.3,34.06,57.28,19.35,76.7,48.3,20.4,5.94,92.3,6.02,172293.29,1830.56,Nigeria_Synthesized_FAO_NASA
Yobe,2024,Maize (corn),931.33,27.61,21.32,34.81,45.09,21.08,71.4,52.5,20.5,6.01,68.5,5.85,111705.98,1499.46,Nigeria_Synthesized_FAO_NASA
Zamfara,2024,Maize (corn),714.1,26.35,20.36,33.59,49.36,20.63,73.7,52.2,17.8,6.06,116.7,5.99,107948.14,1467.95,Nigeria_Synthesized_FAO_NASA
Abia,2019,Oil palm fruit,2019.69,25.82,22.82,29.42,86.11,16.27,45.3,28.5,26.9,6.15,97.6,7.97,76218.96,3099.6,Nigeria_Synthesized_FAO_NASA
Adamawa,2019,Oil palm fruit,960.01,27.76,22.27,33.74,56.41,20.28,50.2,32.4,26.5,5.93,95.4,5.72,83897.73,1979.43,Nigeria_Synthesized_FAO_NASA
Akwa Ibom,2019,Oil palm fruit,2231.91,26.29,23.81,29.49,86.47,16.27,50.3,32.3,24.6,6.19,45.6,3.81,79647.32,3482.74,Nigeria_Synthesized_FAO_NASA
Anambra,2019,Oil palm fruit,2330.26,25.85,22.81,29.34,85.38,17.04,47.8,29.8,25.9,5.99,78.9,6.8,130472.47,3134.92,Nigeria_Synthesized_FAO_NASA
Bauchi,2019,Oil palm fruit,867.4,26.58,20.84,33.37,51.51,20.5,51.7,27.8,27.2,5.97,102.0,3.72,110772.18,1941.79,Nigeria_Synthesized_FAO_NASA
Bayelsa,2019,Oil palm fruit,3319.11,26.16,23.71,29.38,87.88,15.0,52.5,28.3,24.7,6.27,101.6,2.68,116561.25,3482.48,Nigeria_Synthesized_FAO_NASA
Benue,2019,Oil palm fruit,1023.91,26.98,22.72,32.08,71.9,18.06,47.7,31.9,25.1,6.18,65.2,5.78,127080.48,2353.5,Nigeria_Synthesized_FAO_NASA
Borno,2019,Oil palm fruit,545.89,28.54,22.01,35.97,40.71,21.14,51.3,31.2,26.1,5.92,108.8,4.98,97468.69,1778.86,Nigeria_Synthesized_FAO_NASA
Cross River,2019,Oil palm fruit,2231.91,26.29,23.81,29.49,86.47,15.4,49.8,32.3,24.4,6.35,47.7,5.09,87016.97,3145.29,Nigeria_Synthesized_FAO_NASA
Delta,2019,Oil palm fruit,2330.26,25.85,22.81,29.34,85.38,16.34,47.1,30.0,23.7,6.14,102.4,7.01,119679.95,3479.23,Nigeria_Synthesized_FAO_NASA
Ebonyi,2019,Oil palm fruit,1142.89,26.36,22.7,30.77,79.82,17.53,50.9,29.3,25.0,6.27,84.8,5.16,129057.7,2296.08,Nigeria_Synthesized_FAO_NASA
Edo,2019,Oil palm fruit,2626.04,25.64,22.8,29.18,88.29,15.76,53.1,30.3,23.2,6.37,114.6,8.16,82979.3,3206.97,Nigeria_Synthesized_FAO_NASA
Ekiti,2019,Oil palm fruit,2325.44,24.63,21.43,28.64,85.23,16.92,50.2,27.7,27.2,6.0,60.2,4.64,80452.69,3038.18,Nigeria_Synthesized_FAO_NASA
Enugu,2019,Oil palm fruit,1601.35,25.72,22.28,29.72,82.47,17.04,49.6,28.0,23.8,6.21,51.8,5.98,121176.64,3152.4,Nigeria_Synthesized_FAO_NASA
FCT Abuja,2019,Oil palm fruit,1302.2,26.23,21.5,31.88,67.06,18.58,54.4,32.5,27.2,6.04,50.5,3.96,116236.45,2752.9,Nigeria_Synthesized_FAO_NASA
Gombe,2019,Oil palm fruit,1233.79,26.8,21.28,33.1,55.76,20.71,53.6,27.7,27.2,6.15,40.7,4.88,132136.35,2792.33,Nigeria_Synthesized_FAO_NASA
Imo,2019,Oil palm fruit,2559.56,26.01,23.05,29.59,86.4,16.27,48.4,29.8,25.6,6.43,93.0,4.82,105682.42,3006.09,Nigeria_Synthesized_FAO_NASA
Jigawa,2019,Oil palm fruit,485.81,27.58,20.91,35.54,41.33,20.87,46.2,30.2,23.9,5.92,93.5,7.61,128029.56,1857.9,Nigeria_Synthesized_FAO_NASA
Kaduna,2019,Oil palm fruit,1623.16,24.48,19.33,30.82,63.85,19.89,53.5,32.5,23.8,6.45,65.7,5.59,122273.34,2921.62,Nigeria_Synthesized_FAO_NASA
Kano,2019,Oil palm fruit,517.4,27.07,20.35,35.28,43.11,21.48,52.2,29.7,23.8,6.01,93.6,2.0,74791.16,1665.98,Nigeria_Synthesized_FAO_NASA
Katsina,2019,Oil palm fruit,702.35,26.88,20.7,33.83,42.66,21.26,46.9,29.3,24.9,6.11,65.7,8.27,76976.33,1880.11,Nigeria_Synthesized_FAO_NASA
Kebbi,2019,Oil palm fruit,975.0,27.47,21.57,34.45,51.71,21.15,49.3,32.3,24.0,5.95,100.7,5.94,73527.82,2105.15,Nigeria_Synthesized_FAO_NASA
Kogi,2019,Oil palm fruit,1251.26,27.25,22.95,32.23,71.52,17.31,46.4,30.7,23.5,6.2,83.6,3.84,75390.18,2689.4,Nigeria_Synthesized_FAO_NASA
Kwara,2019,Oil palm fruit,1645.89,25.35,21.41,30.21,78.48,18.09,52.2,27.5,23.0,6.2,52.9,8.36,124129.94,3403.2,Nigeria_Synthesized_FAO_NASA
Lagos,2019,Oil palm fruit,1952.69,26.78,25.09,28.91,85.85,16.26,48.6,30.8,23.1,6.16,62.0,7.77,102197.24,3137.37,Nigeria_Synthesized_FAO_NASA
Nasarawa,2019,Oil palm fruit,938.12,27.98,23.38,33.58,62.16,18.38,53.3,28.8,26.4,5.91,117.3,5.42,128532.8,1806.59,Nigeria_Synthesized_FAO_NASA
Niger,2019,Oil palm fruit,1226.48,26.93,22.01,32.45,68.58,18.47,45.7,32.9,22.7,6.3,75.4,8.17,94481.5,2538.5,Nigeria_Synthesized_FAO_NASA
Ogun,2019,Oil palm fruit,1932.32,26.05,23.09,29.76,86.83,16.7,49.8,31.2,22.8,6.01,57.2,6.8,104953.93,3113.63,Nigeria_Synthesized_FAO_NASA
Ondo,2019,Oil palm fruit,2325.44,24.63,21.43,28.64,85.23,16.92,47.2,32.2,27.2,6.21,68.2,3.52,107512.05,2948.87,Nigeria_Synthesized_FAO_NASA
Osun,2019,Oil palm fruit,2184.61,24.92,21.46,29.14,83.53,16.53,51.5,30.2,27.2,6.14,95.5,5.18,88668.77,2906.64,Nigeria_Synthesized_FAO_NASA
Oyo,2019,Oil palm fruit,2257.17,25.43,22.21,29.34,86.49,16.7,49.5,29.8,26.0,6.47,66.3,2.27,88623.94,3189.8,Nigeria_Synthesized_FAO_NASA
Plateau,2019,Oil palm fruit,1166.1,23.54,18.25,30.23,58.25,18.6,46.7,31.6,27.4,6.48,55.8,7.69,105718.46,2236.67,Nigeria_Synthesized_FAO_NASA
Rivers,2019,Oil palm fruit,3286.85,26.06,23.24,29.71,87.68,15.01,50.4,32.1,24.9,6.12,79.5,5.76,100120.02,3352.75,Nigeria_Synthesized_FAO_NASA
Sokoto,2019,Oil palm fruit,1088.13,27.34,21.33,34.05,48.97,21.64,51.7,30.8,23.0,6.26,49.7,2.51,127740.76,2191.72,Nigeria_Synthesized_FAO_NASA
Taraba,2019,Oil palm fruit,982.97,27.29,22.23,33.11,61.02,19.1,50.9,27.5,24.7,6.0,119.0,5.65,96965.32,2095.83,Nigeria_Synthesized_FAO_NASA
Yobe,2019,Oil palm fruit,776.03,27.41,21.34,34.46,46.98,21.13,45.9,32.9,23.9,6.15,92.0,2.16,92185.35,1830.02,Nigeria_Synthesized_FAO_NASA
Zamfara,2019,Oil palm fruit,738.05,26.25,20.33,33.26,49.44,21.28,47.8,27.4,23.3,6.44,94.9,3.62,105231.42,1845.67,Nigeria_Synthesized_FAO_NASA
Abia,2020,Oil palm fruit,2029.78,25.76,22.57,29.63,85.2,16.76,50.7,29.4,24.3,6.02,93.6,8.31,117307.14,2990.23,Nigeria_Synthesized_FAO_NASA
Adamawa,2020,Oil palm fruit,982.6,27.15,21.49,33.42,57.83,20.76,49.2,29.7,23.8,6.4,78.8,5.53,111401.71,1984.3,Nigeria_Synthesized_FAO_NASA
Akwa Ibom,2020,Oil palm fruit,2982.8,26.24,23.63,29.59,86.16,16.76,45.9,31.3,23.5,6.32,71.2,4.7,85170.57,3159.76,Nigeria_Synthesized_FAO_NASA
Anambra,2020,Oil palm fruit,2228.5,25.76,22.46,29.53,84.05,17.58,46.0,28.9,25.8,6.3,62.9,4.99,96912.14,3197.74,Nigeria_Synthesized_FAO_NASA
Bauchi,2020,Oil palm fruit,2013.76,24.95,19.31,31.5,59.51,20.92,45.2,32.4,23.6,6.03,62.4,2.83,86974.67,2978.84,Nigeria_Synthesized_FAO_NASA
Bayelsa,2020,Oil palm fruit,3495.17,26.08,23.46,29.46,87.47,15.56,46.3,30.9,24.2,6.33,84.6,3.66,78433.51,3317.95,Nigeria_Synthesized_FAO_NASA
Benue,2020,Oil palm fruit,1209.6,26.41,22.11,31.55,72.34,18.7,50.4,29.6,23.8,6.26,109.7,8.49,81031.35,2603.58,Nigeria_Synthesized_FAO_NASA
Borno,2020,Oil palm fruit,545.45,28.06,21.39,35.6,42.48,21.41,47.3,28.5,24.9,6.12,113.1,4.39,99248.92,1770.1,Nigeria_Synthesized_FAO_NASA
Cross River,2020,Oil palm fruit,2982.8,26.24,23.63,29.59,86.16,15.31,53.4,30.9,25.6,6.1,105.4,2.25,97911.72,3195.6,Nigeria_Synthesized_FAO_NASA
Delta,2020,Oil palm fruit,2228.5,25.76,22.46,29.53,84.05,16.94,49.0,30.0,25.8,5.9,109.7,4.9,106073.05,3404.24,Nigeria_Synthesized_FAO_NASA
Ebonyi,2020,Oil palm fruit,1251.59,26.36,22.44,31.15,77.86,18.1,49.4,30.0,24.5,6.31,73.7,8.25,82419.11,2560.47,Nigeria_Synthesized_FAO_NASA
Edo,2020,Oil palm fruit,2111.49,25.46,22.36,29.3,87.0,16.43,46.1,29.4,24.2,6.24,108.9,2.51,124688.26,3234.11,Nigeria_Synthesized_FAO_NASA
Ekiti,2020,Oil palm fruit,1688.06,24.44,20.97,28.85,83.66,17.35,47.1,31.0,25.2,6.41,50.0,2.84,127394.05,2870.68,Nigeria_Synthesized_FAO_NASA
Enugu,2020,Oil palm fruit,1630.95,25.64,21.91,30.0,80.61,17.58,49.1,29.0,25.5,6.47,107.0,8.47,133461.32,3230.68,Nigeria_Synthesized_FAO_NASA
FCT Abuja,2020,Oil palm fruit,1389.91,25.33,20.59,31.05,70.06,19.24,51.1,31.9,23.9,6.04,103.0,2.37,80815.62,2609.05,Nigeria_Synthesized_FAO_NASA
Gombe,2020,Oil palm fruit,1610.11,25.46,19.91,31.96,61.65,21.05,50.6,31.4,24.3,6.27,86.8,5.56,105634.67,3117.01,Nigeria_Synthesized_FAO_NASA
Imo,2020,Oil palm fruit,2537.08,25.96,22.78,29.79,85.46,16.76,45.8,27.7,23.6,6.2,107.2,6.56,90074.41,3306.3,Nigeria_Synthesized_FAO_NASA
Jigawa,2020,Oil palm fruit,1348.11,26.04,19.53,33.9,50.64,21.0,49.0,29.4,23.5,5.93,87.3,8.43,95855.28,2930.87,Nigeria_Synthesized_FAO_NASA
Kaduna,2020,Oil palm fruit,3398.52,23.14,18.43,29.08,70.9,20.28,52.8,28.5,26.6,6.33,115.7,4.66,76636.07,2793.92,Nigeria_Synthesized_FAO_NASA
Kano,2020,Oil palm fruit,1291.71,25.59,19.15,33.6,52.35,21.5,51.3,29.7,23.4,6.2,82.3,7.27,103047.96,2715.41,Nigeria_Synthesized_FAO_NASA
Katsina,2020,Oil palm fruit,1539.75,25.3,19.52,31.74,53.57,21.05,46.1,31.3,25.0,6.44,113.6,2.36,115612.94,3244.22,Nigeria_Synthesized_FAO_NASA
Kebbi,2020,Oil palm fruit,1131.67,26.83,21.14,33.82,56.95,20.69,48.7,30.3,23.2,6.35,40.7,3.1,76068.42,2532.54,Nigeria_Synthesized_FAO_NASA
Kogi,2020,Oil palm fruit,1391.1,26.62,22.18,31.74,72.68,17.84,54.2,31.2,25.9,6.13,40.1,2.78,118808.62,2980.48,Nigeria_Synthesized_FAO_NASA
Kwara,2020,Oil palm fruit,1204.71,25.26,20.98,30.59,76.31,18.29,49.2,31.4,25.1,5.94,55.4,7.46,116329.07,2456.53,Nigeria_Synthesized_FAO_NASA
Lagos,2020,Oil palm fruit,1510.91,26.41,24.55,28.78,85.34,16.91,46.2,32.9,23.5,5.9,119.8,3.83,130201.18,3289.77,Nigeria_Synthesized_FAO_NASA
Nasarawa,2020,Oil palm fruit,1078.68,27.24,22.6,32.97,63.62,19.25,50.8,32.4,24.1,6.31,55.0,6.06,84846.8,2352.91,Nigeria_Synthesized_FAO_NASA
Niger,2020,Oil palm fruit,1309.13,26.28,21.2,32.07,70.38,18.94,48.1,28.1,27.0,6.14,59.6,4.91,87027.48,2668.78,Nigeria_Synthesized_FAO_NASA
Ogun,2020,Oil palm fruit,1525.8,25.74,22.52,29.83,85.71,16.87,54.7,29.6,26.8,6.24,52.6,6.49,120705.44,3050.98,Nigeria_Synthesized_FAO_NASA
Ondo,2020,Oil palm fruit,1688.06,24.44,20.97,28.85,83.66,17.35,53.9,29.6,27.0,6.36,79.1,5.92,114780.16,3088.03,Nigeria_Synthesized_FAO_NASA
Osun,2020,Oil palm fruit,1523.34,24.79,21.01,29.45,81.59,16.86,51.7,27.3,24.1,6.28,44.5,2.16,135812.08,2958.29,Nigeria_Synthesized_FAO_NASA
Oyo,2020,Oil palm fruit,1568.36,25.24,21.73,29.6,84.71,16.87,49.4,28.6,23.3,6.32,81.2,3.3,94700.36,3136.24,Nigeria_Synthesized_FAO_NASA
Plateau,2020,Oil palm fruit,3385.52,22.35,17.41,28.56,63.84,19.39,45.7,27.9,22.9,6.39,100.2,6.9,111066.4,2789.23,Nigeria_Synthesized_FAO_NASA
Rivers,2020,Oil palm fruit,3361.46,26.04,23.03,29.87,87.03,15.21,49.8,30.9,22.7,6.28,102.2,5.25,115966.25,3353.82,Nigeria_Synthesized_FAO_NASA
Sokoto,2020,Oil palm fruit,1145.58,26.35,20.64,33.04,56.06,21.49,51.4,31.2,26.9,6.1,101.6,5.65,91209.88,2348.48,Nigeria_Synthesized_FAO_NASA
Taraba,2020,Oil palm fruit,1075.73,26.37,21.19,32.39,64.01,19.69,50.2,30.5,26.2,6.49,45.9,2.35,107024.39,2396.43,Nigeria_Synthesized_FAO_NASA
Yobe,2020,Oil palm fruit,792.26,26.9,20.63,34.19,48.36,21.55,51.1,29.9,23.0,6.37,99.8,4.03,107154.72,1917.3,Nigeria_Synthesized_FAO_NASA
Zamfara,2020,Oil palm fruit,1146.34,25.26,19.6,32.14,55.83,20.88,45.7,32.3,23.8,6.26,114.9,6.41,126606.04,2252.59,Nigeria_Synthesized_FAO_NASA
Abia,2021,Oil palm fruit,1877.25,25.78,22.8,29.53,86.39,16.48,48.4,28.7,27.5,6.36,91.6,4.31,123058.23,3172.55,Nigeria_Synthesized_FAO_NASA
Adamawa,2021,Oil palm fruit,945.3,27.6,21.95,33.88,56.24,20.8,50.5,31.6,25.2,6.41,42.7,4.38,79403.98,1843.45,Nigeria_Synthesized_FAO_NASA
Akwa Ibom,2021,Oil palm fruit,2456.61,26.21,23.74,29.42,87.15,16.48,45.7,32.7,23.6,6.46,74.1,8.41,106997.34,3122.53,Nigeria_Synthesized_FAO_NASA
Anambra,2021,Oil palm fruit,2208.72,25.78,22.8,29.34,86.04,17.38,45.1,31.5,27.0,5.98,47.7,4.76,139055.31,3244.41,Nigeria_Synthesized_FAO_NASA
Bauchi,2021,Oil palm fruit,3305.27,25.04,19.49,31.42,60.49,21.27,50.3,27.8,22.5,6.39,47.0,6.12,113302.97,3360.52,Nigeria_Synthesized_FAO_NASA
Bayelsa,2021,Oil palm fruit,3490.5,26.11,23.68,29.29,88.5,15.38,51.7,27.5,25.5,5.99,98.9,3.96,91177.78,3465.22,Nigeria_Synthesized_FAO_NASA
Benue,2021,Oil palm fruit,1524.55,26.51,22.31,31.46,73.01,18.37,46.7,31.4,24.0,6.3,52.7,6.47,117084.74,3196.12,Nigeria_Synthesized_FAO_NASA
Borno,2021,Oil palm fruit,444.23,28.5,21.62,36.32,39.39,21.77,47.5,31.5,23.8,6.44,111.3,3.28,105544.37,1614.77,Nigeria_Synthesized_FAO_NASA
Cross River,2021,Oil palm fruit,2456.61,26.21,23.74,29.42,87.15,15.69,48.9,31.3,25.8,6.28,62.6,4.46,83160.35,3319.04,Nigeria_Synthesized_FAO_NASA
Delta,2021,Oil palm fruit,2208.72,25.78,22.8,29.34,86.04,16.78,50.0,31.3,23.7,6.09,66.7,2.17,125013.2,3012.24,Nigeria_Synthesized_FAO_NASA
Ebonyi,2021,Oil palm fruit,780.95,26.73,22.83,31.71,77.1,17.93,54.0,30.1,24.8,5.91,110.3,2.08,130600.72,1737.9,Nigeria_Synthesized_FAO_NASA
Edo,2021,Oil palm fruit,2357.05,25.6,22.85,29.07,89.16,16.34,48.4,32.5,22.6,6.25,83.9,3.43,109778.0,3426.17,Nigeria_Synthesized_FAO_NASA
Ekiti,2021,Oil palm fruit,2803.84,24.66,21.47,28.82,85.48,17.19,52.3,27.0,27.2,5.99,58.7,3.71,120587.38,3069.08,Nigeria_Synthesized_FAO_NASA
Enugu,2021,Oil palm fruit,1288.82,25.72,22.24,30.06,82.26,17.38,54.9,28.9,23.1,5.96,97.6,7.55,85502.88,2456.33,Nigeria_Synthesized_FAO_NASA
FCT Abuja,2021,Oil palm fruit,1369.92,25.61,20.82,31.36,68.57,19.4,47.2,27.3,23.0,6.16,58.4,5.35,78731.26,2700.45,Nigeria_Synthesized_FAO_NASA
Gombe,2021,Oil palm fruit,2221.85,25.9,20.36,32.35,60.63,21.29,54.1,30.4,24.3,6.13,72.9,6.73,139698.67,3101.27,Nigeria_Synthesized_FAO_NASA
Imo,2021,Oil palm fruit,2610.4,25.97,23.05,29.59,86.97,16.48,54.4,29.0,25.3,5.95,56.0,4.69,134142.6,3210.58,Nigeria_Synthesized_FAO_NASA
Jigawa,2021,Oil palm fruit,1693.73,25.93,19.29,33.69,51.02,21.81,46.6,29.7,25.5,6.32,70.6,7.65,135457.28,3079.7,Nigeria_Synthesized_FAO_NASA
Kaduna,2021,Oil palm fruit,6360.7,23.35,18.52,29.42,70.17,20.72,45.7,29.8,26.6,6.27,106.6,5.21,106482.54,3005.69,Nigeria_Synthesized_FAO_NASA
Kano,2021,Oil palm fruit,1845.71,25.31,18.75,33.21,53.87,22.26,48.0,31.2,26.5,6.07,79.7,4.74,78249.31,2976.03,Nigeria_Synthesized_FAO_NASA
Katsina,2021,Oil palm fruit,1784.49,25.63,19.61,32.47,49.51,21.82,46.4,28.2,22.8,6.01,40.7,6.08,92682.48,3155.73,Nigeria_Synthesized_FAO_NASA
Kebbi,2021,Oil palm fruit,925.26,27.38,21.34,34.71,52.95,21.44,46.9,29.1,24.3,5.9,107.1,2.21,141860.4,1900.19,Nigeria_Synthesized_FAO_NASA
Kogi,2021,Oil palm fruit,2024.23,26.62,22.46,31.48,74.62,17.63,50.4,30.3,25.8,6.13,91.8,2.29,136485.78,3533.19,Nigeria_Synthesized_FAO_NASA
Kwara,2021,Oil palm fruit,1764.69,25.68,21.46,30.92,74.97,18.45,50.5,32.3,23.0,6.4,56.8,4.56,107657.48,2977.78,Nigeria_Synthesized_FAO_NASA
Lagos,2021,Oil palm fruit,1713.6,26.77,25.1,28.92,85.31,16.64,46.5,30.0,26.5,6.16,79.2,7.52,103873.64,3218.46,Nigeria_Synthesized_FAO_NASA
Nasarawa,2021,Oil palm fruit,1517.79,27.2,22.63,32.72,64.83,19.03,47.6,32.3,25.4,6.03,61.5,7.22,109860.09,3335.42,Nigeria_Synthesized_FAO_NASA
Niger,2021,Oil palm fruit,1567.28,26.65,21.5,32.49,68.64,19.19,46.3,31.8,24.5,6.2,110.5,4.68,143116.54,3062.77,Nigeria_Synthesized_FAO_NASA
Ogun,2021,Oil palm fruit,1752.89,26.03,23.06,29.86,86.44,17.14,45.0,28.5,25.9,5.97,49.1,4.67,80613.4,3261.08,Nigeria_Synthesized_FAO_NASA
Ondo,2021,Oil palm fruit,2803.84,24.66,21.47,28.82,85.48,17.19,46.8,27.5,27.2,6.05,108.3,7.61,124552.39,3177.84,Nigeria_Synthesized_FAO_NASA
Osun,2021,Oil palm fruit,2545.61,25.1,21.46,29.67,82.03,16.81,53.2,31.6,25.5,6.1,61.0,2.79,88537.99,3285.76,Nigeria_Synthesized_FAO_NASA
Oyo,2021,Oil palm fruit,2405.57,25.45,22.18,29.58,85.99,17.14,48.6,29.9,24.3,6.29,112.1,3.07,116145.35,3188.51,Nigeria_Synthesized_FAO_NASA
Plateau,2021,Oil palm fruit,6143.64,22.42,17.47,28.63,64.07,19.45,51.2,31.4,27.2,6.06,116.0,2.41,86684.03,2825.39,Nigeria_Synthesized_FAO_NASA
Rivers,2021,Oil palm fruit,3286.06,26.06,23.27,29.7,88.29,15.22,53.9,30.2,25.8,6.41,52.0,2.25,81132.7,3298.11,Nigeria_Synthesized_FAO_NASA
Sokoto,2021,Oil palm fruit,1248.4,26.82,20.76,33.8,52.26,22.27,46.3,29.8,25.5,5.91,62.0,2.21,98223.78,2818.56,Nigeria_Synthesized_FAO_NASA
Taraba,2021,Oil palm fruit,995.65,26.9,21.62,32.99,61.7,19.68,54.8,30.8,23.3,6.45,81.3,3.0,136686.37,2097.47,Nigeria_Synthesized_FAO_NASA
Yobe,2021,Oil palm fruit,1602.2,26.8,20.56,34.02,49.32,22.04,52.3,31.3,23.5,6.02,95.1,3.43,127562.02,3542.69,Nigeria_Synthesized_FAO_NASA
Zamfara,2021,Oil palm fruit,1543.33,25.19,19.44,32.19,55.73,21.79,52.8,29.7,26.5,6.41,92.4,3.48,129188.44,3093.1,Nigeria_Synthesized_FAO_NASA
Abia,2022,Oil palm fruit,1579.69,25.57,22.28,29.59,84.63,16.48,46.2,28.6,23.5,6.17,112.7,2.68,103809.46,3080.73,Nigeria_Synthesized_FAO_NASA
Adamawa,2022,Oil palm fruit,1250.17,26.34,20.98,32.39,61.0,20.39,46.0,32.5,25.3,6.12,100.5,3.67,129906.51,2715.76,Nigeria_Synthesized_FAO_NASA
Akwa Ibom,2022,Oil palm fruit,3367.59,26.03,23.38,29.41,86.43,16.48,53.4,29.7,25.7,6.03,94.2,7.02,84531.07,3342.78,Nigeria_Synthesized_FAO_NASA
Anambra,2022,Oil palm fruit,1520.42,25.52,22.18,29.44,83.61,17.09,49.6,32.4,25.0,6.41,104.1,4.67,125032.71,3096.99,Nigeria_Synthesized_FAO_NASA
Bauchi,2022,Oil palm fruit,2192.25,23.61,18.14,29.92,65.09,20.54,53.3,28.4,25.1,6.39,68.3,6.17,110202.73,2870.38,Nigeria_Synthesized_FAO_NASA
Bayelsa,2022,Oil palm fruit,2262.15,25.86,23.18,29.29,87.25,15.34,52.9,27.6,23.9,6.42,67.7,8.32,89405.72,3094.09,Nigeria_Synthesized_FAO_NASA
Benue,2022,Oil palm fruit,1847.07,25.08,21.17,29.65,77.48,18.09,45.4,31.2,24.8,5.95,96.6,2.2,100546.64,3388.78,Nigeria_Synthesized_FAO_NASA
Borno,2022,Oil palm fruit,476.63,27.77,21.18,35.35,41.4,21.11,46.3,28.1,27.3,6.32,104.1,4.58,91463.9,1860.74,Nigeria_Synthesized_FAO_NASA
Cross River,2022,Oil palm fruit,3367.59,26.03,23.38,29.41,86.43,15.25,49.8,30.3,25.7,6.05,115.9,3.1,98178.82,3157.47,Nigeria_Synthesized_FAO_NASA
Delta,2022,Oil palm fruit,1520.42,25.52,22.18,29.44,83.61,16.56,49.8,29.0,24.7,6.24,74.8,4.7,82789.47,3342.06,Nigeria_Synthesized_FAO_NASA
Ebonyi,2022,Oil palm fruit,1089.98,26.56,22.33,31.89,73.62,17.56,53.3,28.5,25.5,6.25,69.6,5.16,129807.94,2388.31,Nigeria_Synthesized_FAO_NASA
Edo,2022,Oil palm fruit,1751.31,25.24,22.22,29.04,87.11,16.2,47.1,27.6,25.9,6.3,116.0,6.74,91687.55,3068.99,Nigeria_Synthesized_FAO_NASA
Ekiti,2022,Oil palm fruit,2113.63,24.07,20.77,28.17,85.26,17.06,53.6,29.7,25.4,6.5,82.6,7.88,143707.68,2827.71,Nigeria_Synthesized_FAO_NASA
Enugu,2022,Oil palm fruit,1234.16,25.55,21.69,30.33,78.39,17.09,49.4,30.5,26.6,6.5,71.1,2.31,95135.53,2358.51,Nigeria_Synthesized_FAO_NASA
FCT Abuja,2022,Oil palm fruit,1760.93,24.61,19.96,30.21,72.48,18.75,47.0,30.0,26.2,6.37,80.0,3.98,124097.54,3249.51,Nigeria_Synthesized_FAO_NASA
Gombe,2022,Oil palm fruit,2531.68,24.85,19.37,31.35,62.57,20.6,49.1,28.7,26.2,6.04,53.7,5.44,128230.41,3360.98,Nigeria_Synthesized_FAO_NASA
Imo,2022,Oil palm fruit,1729.51,25.75,22.53,29.66,85.07,16.48,46.2,30.9,23.9,5.89,50.2,8.07,125815.97,3106.33,Nigeria_Synthesized_FAO_NASA
Jigawa,2022,Oil palm fruit,764.89,25.49,18.93,33.6,50.77,20.59,52.8,30.7,27.4,6.12,94.5,2.41,98117.52,1817.68,Nigeria_Synthesized_FAO_NASA
Kaduna,2022,Oil palm fruit,4954.11,22.45,17.78,28.41,73.02,19.63,50.4,28.7,23.1,6.33,91.6,4.43,149283.34,2835.85,Nigeria_Synthesized_FAO_NASA
Kano,2022,Oil palm fruit,781.04,24.6,18.13,32.79,55.71,20.9,48.0,32.5,24.1,6.05,82.7,7.35,83304.25,1789.16,Nigeria_Synthesized_FAO_NASA
Katsina,2022,Oil palm fruit,1325.45,24.72,18.93,31.41,53.18,20.62,53.0,28.1,26.1,6.13,72.2,7.09,147826.09,2475.53,Nigeria_Synthesized_FAO_NASA
Kebbi,2022,Oil palm fruit,980.15,26.68,20.86,33.83,54.97,20.66,49.2,29.9,24.4,6.12,44.2,6.46,90623.29,2231.99,Nigeria_Synthesized_FAO_NASA
Kogi,2022,Oil palm fruit,1437.67,25.42,21.41,29.88,78.17,17.55,53.2,31.8,24.9,6.08,91.0,3.87,95397.73,2901.89,Nigeria_Synthesized_FAO_NASA
Kwara,2022,Oil palm fruit,1540.4,24.76,20.61,29.83,78.16,18.05,45.4,27.6,22.5,5.98,45.5,8.47,132935.76,2946.08,Nigeria_Synthesized_FAO_NASA
Lagos,2022,Oil palm fruit,1637.38,26.36,24.55,28.59,85.07,16.58,47.4,32.6,25.1,6.12,109.9,4.57,92207.73,3164.77,Nigeria_Synthesized_FAO_NASA
Nasarawa,2022,Oil palm fruit,1908.77,25.78,21.49,31.12,70.43,18.69,48.8,28.9,25.9,6.07,86.2,2.43,96272.81,3132.41,Nigeria_Synthesized_FAO_NASA
Niger,2022,Oil palm fruit,1218.58,25.95,20.84,31.8,71.14,18.49,54.4,29.3,25.8,6.05,50.2,2.38,110295.44,2401.71,Nigeria_Synthesized_FAO_NASA
Ogun,2022,Oil palm fruit,1698.93,25.61,22.45,29.56,86.01,16.65,46.7,31.6,22.6,6.24,70.4,5.29,92795.83,3100.67,Nigeria_Synthesized_FAO_NASA
Ondo,2022,Oil palm fruit,2113.63,24.07,20.77,28.17,85.26,17.06,48.0,31.4,26.9,6.01,47.8,7.84,103706.22,3076.64,Nigeria_Synthesized_FAO_NASA
Osun,2022,Oil palm fruit,2171.52,24.37,20.75,28.76,83.32,16.56,48.6,27.8,25.4,6.22,56.2,4.94,120379.38,3002.2,Nigeria_Synthesized_FAO_NASA
Oyo,2022,Oil palm fruit,2188.72,25.01,21.57,29.19,85.48,16.65,46.0,30.3,26.0,6.38,90.3,2.99,123119.74,3289.39,Nigeria_Synthesized_FAO_NASA
Plateau,2022,Oil palm fruit,4912.41,21.6,16.62,27.93,66.17,18.96,45.2,29.5,24.2,6.31,57.3,5.84,129209.94,2892.67,Nigeria_Synthesized_FAO_NASA
Rivers,2022,Oil palm fruit,2252.03,25.81,22.77,29.66,87.1,15.13,54.2,32.9,22.6,6.28,73.0,7.59,137650.62,3433.25,Nigeria_Synthesized_FAO_NASA
Sokoto,2022,Oil palm fruit,1156.6,26.01,20.22,32.86,54.85,21.23,51.1,31.8,22.9,6.0,100.7,2.14,150489.37,2307.05,Nigeria_Synthesized_FAO_NASA
Taraba,2022,Oil palm fruit,1228.08,25.86,20.77,31.75,65.52,19.13,51.6,29.2,25.6,6.32,67.4,2.7,82725.91,2667.83,Nigeria_Synthesized_FAO_NASA
Yobe,2022,Oil palm fruit,893.85,26.19,20.1,33.36,49.44,21.16,50.2,31.5,25.0,6.15,71.8,2.17,123015.33,1738.45,Nigeria_Synthesized_FAO_NASA
Zamfara,2022,Oil palm fruit,1059.55,24.33,18.79,31.18,58.41,20.65,53.7,29.0,25.4,6.42,75.3,2.12,150138.37,2031.65,Nigeria_Synthesized_FAO_NASA
Abia,2023,Oil palm fruit,1475.58,26.0,22.97,29.78,85.98,16.51,54.7,31.2,22.9,6.01,101.7,7.47,122709.92,2853.71,Nigeria_Synthesized_FAO_NASA
Adamawa,2023,Oil palm fruit,519.27,29.06,23.09,35.71,48.82,20.47,45.3,32.0,26.4,6.05,96.7,3.4,132516.89,1717.8,Nigeria_Synthesized_FAO_NASA
Akwa Ibom,2023,Oil palm fruit,2436.57,26.42,24.01,29.57,87.24,16.51,46.8,29.0,24.6,6.21,78.1,3.76,100081.74,3038.23,Nigeria_Synthesized_FAO_NASA
Anambra,2023,Oil palm fruit,1615.95,26.03,22.88,29.77,84.86,17.37,49.0,28.8,26.8,6.35,108.6,5.22,129639.74,2996.26,Nigeria_Synthesized_FAO_NASA
Bauchi,2023,Oil palm fruit,697.86,26.4,20.3,33.58,51.79,20.63,47.1,29.6,22.8,6.4,50.1,7.87,136306.95,1660.55,Nigeria_Synthesized_FAO_NASA
Bayelsa,2023,Oil palm fruit,1814.82,26.3,23.77,29.56,87.72,15.29,52.4,30.7,26.5,6.16,102.9,5.01,119358.02,3457.82,Nigeria_Synthesized_FAO_NASA
Benue,2023,Oil palm fruit,944.03,26.63,22.48,31.5,74.24,18.47,49.6,31.7,26.6,6.23,54.4,5.04,120952.34,2138.17,Nigeria_Synthesized_FAO_NASA
Borno,2023,Oil palm fruit,343.14,29.63,22.82,37.31,35.78,20.81,53.1,27.2,24.8,6.29,106.4,2.32,140460.41,1779.29,Nigeria_Synthesized_FAO_NASA
Cross River,2023,Oil palm fruit,2436.57,26.42,24.01,29.57,87.24,15.23,47.0,28.9,23.9,6.22,44.1,3.03,125490.97,3464.34,Nigeria_Synthesized_FAO_NASA
Delta,2023,Oil palm fruit,1615.95,26.03,22.88,29.77,84.86,16.79,47.3,29.7,25.1,6.36,75.8,7.13,95067.23,3402.49,Nigeria_Synthesized_FAO_NASA
Ebonyi,2023,Oil palm fruit,798.23,27.26,23.22,32.34,75.35,17.86,46.6,29.6,24.5,6.35,86.5,4.52,93640.11,1816.86,Nigeria_Synthesized_FAO_NASA
Edo,2023,Oil palm fruit,1676.66,25.77,22.82,29.43,87.56,16.33,50.8,29.5,25.1,6.0,93.0,7.54,101962.24,3045.01,Nigeria_Synthesized_FAO_NASA
Ekiti,2023,Oil palm fruit,2169.85,24.73,21.45,28.77,85.2,17.29,54.8,29.0,25.5,5.95,88.5,2.58,121328.59,2989.75,Nigeria_Synthesized_FAO_NASA
Enugu,2023,Oil palm fruit,1108.57,26.27,22.56,30.82,79.47,17.37,52.9,31.2,25.4,6.17,108.7,8.22,137729.46,2490.2,Nigeria_Synthesized_FAO_NASA
FCT Abuja,2023,Oil palm fruit,1030.73,25.93,21.23,31.83,70.09,19.26,50.8,30.2,24.8,6.02,40.3,3.57,153524.77,2134.05,Nigeria_Synthesized_FAO_NASA
Gombe,2023,Oil palm fruit,862.01,27.1,21.19,33.91,53.37,20.53,49.5,32.9,24.3,6.17,50.7,2.31,113166.19,1841.53,Nigeria_Synthesized_FAO_NASA
Imo,2023,Oil palm fruit,1777.67,26.17,23.15,29.88,86.12,16.51,52.6,27.9,25.4,6.05,58.2,2.07,127121.35,3397.79,Nigeria_Synthesized_FAO_NASA
Jigawa,2023,Oil palm fruit,423.99,28.08,21.04,36.39,38.64,20.91,46.2,32.9,24.0,5.97,55.9,5.82,107993.69,1636.04,Nigeria_Synthesized_FAO_NASA
Kaduna,2023,Oil palm fruit,2465.41,24.0,18.96,30.15,67.86,20.1,54.6,28.5,24.8,5.9,91.3,4.69,148468.68,2825.27,Nigeria_Synthesized_FAO_NASA
Kano,2023,Oil palm fruit,404.08,27.34,20.3,35.93,42.1,21.23,51.5,29.5,23.4,6.32,85.2,7.58,100498.85,1713.34,Nigeria_Synthesized_FAO_NASA
Katsina,2023,Oil palm fruit,982.9,26.58,20.38,33.43,45.93,20.87,51.7,27.7,26.0,6.16,115.6,2.92,142851.62,1949.26,Nigeria_Synthesized_FAO_NASA
Kebbi,2023,Oil palm fruit,730.22,28.19,22.1,35.52,49.11,21.05,54.6,29.0,27.3,6.45,61.6,7.22,113314.0,1772.56,Nigeria_Synthesized_FAO_NASA
Kogi,2023,Oil palm fruit,1484.52,26.48,22.44,31.06,77.19,17.79,49.4,30.1,24.0,5.9,57.6,3.83,103851.91,3374.38,Nigeria_Synthesized_FAO_NASA
Kwara,2023,Oil palm fruit,1579.72,25.6,21.52,30.56,78.01,18.12,53.7,31.2,22.9,6.29,92.3,8.22,97884.16,3168.46,Nigeria_Synthesized_FAO_NASA
Lagos,2023,Oil palm fruit,1725.77,26.85,25.11,28.99,85.4,16.75,54.3,32.6,26.1,6.36,47.3,5.34,103505.78,3058.28,Nigeria_Synthesized_FAO_NASA
Nasarawa,2023,Oil palm fruit,792.72,27.73,23.06,33.55,63.92,18.98,53.1,27.8,24.8,6.47,54.9,8.36,98624.31,1682.26,Nigeria_Synthesized_FAO_NASA
Niger,2023,Oil palm fruit,980.38,27.13,22.06,32.82,68.69,18.85,46.7,28.9,24.6,6.08,62.5,8.32,126018.98,2254.49,Nigeria_Synthesized_FAO_NASA
Ogun,2023,Oil palm fruit,1751.53,26.09,23.04,29.88,86.48,16.84,45.0,30.6,27.1,6.07,54.8,6.24,139022.02,3066.33,Nigeria_Synthesized_FAO_NASA
Ondo,2023,Oil palm fruit,2169.85,24.73,21.45,28.77,85.2,17.29,48.2,28.5,27.3,6.46,76.6,7.5,135707.62,3216.0,Nigeria_Synthesized_FAO_NASA
Osun,2023,Oil palm fruit,2201.65,25.06,21.5,29.39,83.52,16.78,46.6,29.6,25.2,5.9,75.5,7.08,116417.05,3119.27,Nigeria_Synthesized_FAO_NASA
Oyo,2023,Oil palm fruit,2213.93,25.55,22.23,29.59,86.03,16.84,54.1,27.1,25.3,6.38,83.3,4.11,131838.88,3284.27,Nigeria_Synthesized_FAO_NASA
Plateau,2023,Oil palm fruit,2848.18,23.43,18.07,30.06,59.1,19.25,49.7,32.3,25.4,6.31,104.3,6.28,150307.36,2806.61,Nigeria_Synthesized_FAO_NASA
Rivers,2023,Oil palm fruit,1891.07,26.21,23.36,29.86,87.72,14.97,53.0,29.2,24.4,5.95,113.2,2.59,122947.04,3205.24,Nigeria_Synthesized_FAO_NASA
Sokoto,2023,Oil palm fruit,789.78,27.79,21.68,34.73,47.25,21.37,49.1,31.1,22.8,6.26,101.8,7.38,115597.95,1796.12,Nigeria_Synthesized_FAO_NASA
Taraba,2023,Oil palm fruit,410.16,28.57,22.82,35.08,53.6,19.38,51.6,32.3,24.9,6.23,113.5,7.85,151028.52,1622.19,Nigeria_Synthesized_FAO_NASA
Yobe,2023,Oil palm fruit,406.07,28.53,21.87,36.21,40.3,21.27,48.9,29.3,23.9,6.06,108.9,2.45,105443.33,1700.4,Nigeria_Synthesized_FAO_NASA
Zamfara,2023,Oil palm fruit,540.96,26.93,20.75,34.3,46.38,21.09,48.4,27.4,23.8,6.37,110.8,3.44,98009.83,1844.3,Nigeria_Synthesized_FAO_NASA
Abia,2024,Oil palm fruit,1371.1,26.26,22.98,30.44,83.64,16.73,53.7,31.6,25.1,6.31,107.8,2.06,119159.8,2849.73,Nigeria_Synthesized_FAO_NASA
Adamawa,2024,Oil palm fruit,935.61,28.37,22.56,34.94,52.06,20.19,52.4,30.3,25.1,6.11,81.6,6.26,150964.01,1888.39,Nigeria_Synthesized_FAO_NASA
Akwa Ibom,2024,Oil palm fruit,1887.73,26.7,24.02,30.21,85.14,16.73,53.6,27.9,24.8,6.14,95.0,3.62,136908.61,3262.22,Nigeria_Synthesized_FAO_NASA
Anambra,2024,Oil palm fruit,1360.79,26.34,22.94,30.45,82.05,17.55,49.2,32.5,27.5,5.96,58.6,8.18,148798.16,2915.87,Nigeria_Synthesized_FAO_NASA
Bauchi,2024,Oil palm fruit,1109.06,26.3,20.35,33.25,52.28,20.55,45.1,28.0,27.5,6.0,80.2,7.51,92036.29,2491.7,Nigeria_Synthesized_FAO_NASA
Bayelsa,2024,Oil palm fruit,1913.76,26.75,24.06,30.28,85.78,15.55,47.8,32.2,23.9,6.32,93.9,3.44,128925.93,3056.37,Nigeria_Synthesized_FAO_NASA
Benue,2024,Oil palm fruit,1021.39,27.15,22.6,32.57,67.47,18.62,47.9,31.9,26.5,6.17,88.5,5.93,114714.07,2012.18,Nigeria_Synthesized_FAO_NASA
Borno,2024,Oil palm fruit,583.5,28.57,22.0,36.05,40.59,20.7,47.8,28.6,25.2,6.17,75.2,2.59,115860.75,1800.98,Nigeria_Synthesized_FAO_NASA
Cross River,2024,Oil palm fruit,1887.73,26.7,24.02,30.21,85.14,15.26,47.0,29.5,23.6,6.25,69.7,4.92,100482.3,3421.0,Nigeria_Synthesized_FAO_NASA
Delta,2024,Oil palm fruit,1360.79,26.34,22.94,30.45,82.05,16.99,46.6,32.3,24.7,6.15,42.8,5.24,99739.74,2868.84,Nigeria_Synthesized_FAO_NASA
Ebonyi,2024,Oil palm fruit,905.76,27.86,23.42,33.37,68.7,18.04,52.1,28.1,23.8,6.39,115.8,2.88,125603.12,1902.98,Nigeria_Synthesized_FAO_NASA
Edo,2024,Oil palm fruit,1389.25,26.08,22.92,30.06,85.46,16.41,45.6,29.0,23.2,6.33,82.7,2.93,100514.3,2887.26,Nigeria_Synthesized_FAO_NASA
Ekiti,2024,Oil palm fruit,1380.98,25.04,21.44,29.48,81.98,17.4,46.8,30.6,24.2,6.25,65.3,2.57,143751.34,2560.82,Nigeria_Synthesized_FAO_NASA
Enugu,2024,Oil palm fruit,980.36,26.81,22.68,31.9,73.62,17.55,49.3,30.9,23.8,5.9,81.5,5.94,98613.14,1991.76,Nigeria_Synthesized_FAO_NASA
FCT Abuja,2024,Oil palm fruit,1182.97,26.46,21.44,32.59,64.55,18.82,49.7,30.4,27.1,6.4,65.8,3.54,127832.73,2672.6,Nigeria_Synthesized_FAO_NASA
Gombe,2024,Oil palm fruit,1511.27,26.9,21.14,33.62,54.02,20.46,52.4,30.0,22.8,6.34,104.5,3.88,121641.79,3099.18,Nigeria_Synthesized_FAO_NASA
Imo,2024,Oil palm fruit,1626.91,26.48,23.28,30.5,84.2,16.73,53.9,32.1,25.1,6.32,110.7,5.22,115976.45,3369.6,Nigeria_Synthesized_FAO_NASA
Jigawa,2024,Oil palm fruit,1025.51,26.63,20.09,34.46,47.2,20.69,47.2,29.3,26.8,6.34,72.3,3.4,139784.83,2103.5,Nigeria_Synthesized_FAO_NASA
Kaduna,2024,Oil palm fruit,1925.09,24.21,19.05,30.7,65.0,19.62,46.8,31.5,23.8,6.17,70.9,8.38,105604.49,2985.81,Nigeria_Synthesized_FAO_NASA
Kano,2024,Oil palm fruit,1009.62,26.18,19.59,34.33,48.56,20.93,45.9,30.5,25.5,6.15,74.5,2.35,90746.06,2068.86,Nigeria_Synthesized_FAO_NASA
Katsina,2024,Oil palm fruit,1294.93,25.85,19.99,32.56,50.33,20.6,46.5,27.6,23.1,5.95,88.8,3.28,121664.97,2680.23,Nigeria_Synthesized_FAO_NASA
Kebbi,2024,Oil palm fruit,2228.6,27.02,21.27,34.01,56.38,20.48,54.6,32.1,23.7,6.09,56.8,5.2,97558.64,3200.84,Nigeria_Synthesized_FAO_NASA
Kogi,2024,Oil palm fruit,918.5,27.23,22.62,32.55,69.54,17.95,50.2,32.4,23.3,6.39,103.4,2.83,133794.19,1800.38,Nigeria_Synthesized_FAO_NASA
Kwara,2024,Oil palm fruit,1259.82,25.8,21.29,31.26,74.74,18.15,47.5,28.6,25.3,6.15,115.8,2.82,97309.73,2554.49,Nigeria_Synthesized_FAO_NASA
Lagos,2024,Oil palm fruit,1382.65,27.05,25.19,29.33,84.49,16.86,52.7,29.0,23.2,6.42,64.7,6.28,101712.63,3175.5,Nigeria_Synthesized_FAO_NASA
Nasarawa,2024,Oil palm fruit,1082.75,28.0,23.22,33.88,60.44,18.97,50.0,31.4,22.9,6.3,111.7,2.38,119264.06,2269.43,Nigeria_Synthesized_FAO_NASA
Niger,2024,Oil palm fruit,926.85,27.69,22.24,33.83,63.71,18.72,49.4,29.4,23.2,6.2,50.1,5.1,137089.04,1829.08,Nigeria_Synthesized_FAO_NASA
Ogun,2024,Oil palm fruit,1383.59,26.28,23.01,30.33,84.74,16.62,49.8,33.0,25.9,6.41,73.2,6.99,103723.56,3016.41,Nigeria_Synthesized_FAO_NASA
Ondo,2024,Oil palm fruit,1380.98,25.04,21.44,29.48,81.98,17.4,47.0,29.4,26.7,6.1,92.4,6.61,93870.93,2574.72,Nigeria_Synthesized_FAO_NASA
Osun,2024,Oil palm fruit,1552.21,25.25,21.3,29.96,80.5,16.59,50.8,29.1,22.9,6.51,50.2,2.47,110928.33,3187.88,Nigeria_Synthesized_FAO_NASA
Oyo,2024,Oil palm fruit,1674.52,25.69,22.07,30.01,84.02,16.62,51.5,29.0,24.5,6.05,67.4,4.67,106895.12,3398.4,Nigeria_Synthesized_FAO_NASA
Plateau,2024,Oil palm fruit,1740.79,23.31,17.86,30.2,58.55,18.87,54.4,27.3,25.0,6.25,113.6,2.32,122159.72,3070.79,Nigeria_Synthesized_FAO_NASA
Rivers,2024,Oil palm fruit,1796.83,26.6,23.57,30.6,85.73,15.17,47.4,32.3,22.6,6.34,114.6,6.27,147061.4,3334.14,Nigeria_Synthesized_FAO_NASA
Sokoto,2024,Oil palm fruit,1403.83,26.96,21.08,33.83,53.46,20.92,54.2,29.8,22.6,6.32,78.5,2.81,88190.96,2968.66,Nigeria_Synthesized_FAO_NASA
Taraba,2024,Oil palm fruit,1137.38,27.76,22.3,34.06,57.28,19.35,50.7,30.7,25.0,6.4,108.9,6.0,89618.39,2267.73,Nigeria_Synthesized_FAO_NASA
Yobe,2024,Oil palm fruit,931.33,27.61,21.32,34.81,45.09,21.08,49.2,30.4,25.7,6.11,113.4,2.87,135531.13,1802.43,Nigeria_Synthesized_FAO_NASA
Zamfara,2024,Oil palm fruit,714.1,26.35,20.36,33.59,49.36,20.63,54.2,27.7,23.0,6.1,69.9,3.39,85241.32,1809.29,Nigeria_Synthesized_FAO_NASA
Abia,2019,Rice,2019.69,25.82,22.82,29.42,86.11,16.27,72.4,45.9,42.3,6.55,98.0,6.54,107711.49,2598.17,Nigeria_Synthesized_FAO_NASA
Adamawa,2019,Rice,960.01,27.76,22.27,33.74,56.41,20.28,76.3,50.7,43.7,6.42,40.8,2.91,84741.54,1549.68,Nigeria_Synthesized_FAO_NASA
Akwa Ibom,2019,Rice,2231.91,26.29,23.81,29.49,86.47,16.27,73.1,51.8,38.8,6.69,102.4,6.91,116790.47,2526.69,Nigeria_Synthesized_FAO_NASA
Anambra,2019,Rice,2330.26,25.85,22.81,29.34,85.38,17.04,82.1,48.8,40.3,6.74,98.6,7.05,120015.86,2609.46,Nigeria_Synthesized_FAO_NASA
Bauchi,2019,Rice,867.4,26.58,20.84,33.37,51.51,20.5,73.2,47.4,40.0,6.64,75.5,5.71,92502.53,1545.87,Nigeria_Synthesized_FAO_NASA
Bayelsa,2019,Rice,3319.11,26.16,23.71,29.38,87.88,15.0,81.7,50.7,37.1,6.49,87.5,3.07,80628.63,2601.59,Nigeria_Synthesized_FAO_NASA
Benue,2019,Rice,1023.91,26.98,22.72,32.08,71.9,18.06,78.2,45.0,37.2,6.53,88.8,6.18,143656.2,1638.08,Nigeria_Synthesized_FAO_NASA
Borno,2019,Rice,545.89,28.54,22.01,35.97,40.71,21.14,78.1,45.8,39.6,6.35,109.1,8.04,137866.55,1274.8,Nigeria_Synthesized_FAO_NASA
Cross River,2019,Rice,2231.91,26.29,23.81,29.49,86.47,15.4,84.4,51.7,37.8,6.47,62.0,7.36,135885.83,2518.94,Nigeria_Synthesized_FAO_NASA
Delta,2019,Rice,2330.26,25.85,22.81,29.34,85.38,16.34,77.3,45.9,41.0,6.65,88.7,7.55,115869.25,2362.59,Nigeria_Synthesized_FAO_NASA
Ebonyi,2019,Rice,1142.89,26.36,22.7,30.77,79.82,17.53,79.1,42.9,40.3,6.53,87.4,6.79,112836.67,1837.52,Nigeria_Synthesized_FAO_NASA
Edo,2019,Rice,2626.04,25.64,22.8,29.18,88.29,15.76,73.8,48.5,38.1,6.16,74.4,5.6,82538.99,2578.01,Nigeria_Synthesized_FAO_NASA
Ekiti,2019,Rice,2325.44,24.63,21.43,28.64,85.23,16.92,82.2,46.0,41.9,6.52,91.0,5.6,126282.82,2400.76,Nigeria_Synthesized_FAO_NASA
Enugu,2019,Rice,1601.35,25.72,22.28,29.72,82.47,17.04,77.9,51.8,42.4,6.48,60.2,3.32,124681.68,2355.52,Nigeria_Synthesized_FAO_NASA
FCT Abuja,2019,Rice,1302.2,26.23,21.5,31.88,67.06,18.58,76.6,47.7,37.2,6.73,48.6,8.06,109963.57,2111.61,Nigeria_Synthesized_FAO_NASA
Gombe,2019,Rice,1233.79,26.8,21.28,33.1,55.76,20.71,83.5,47.0,40.9,6.32,64.1,5.76,113228.72,2227.29,Nigeria_Synthesized_FAO_NASA
Imo,2019,Rice,2559.56,26.01,23.05,29.59,86.4,16.27,76.5,46.3,36.6,6.14,60.3,2.48,116854.11,2577.64,Nigeria_Synthesized_FAO_NASA
Jigawa,2019,Rice,485.81,27.58,20.91,35.54,41.33,20.87,72.5,49.1,38.1,6.66,78.8,3.99,132472.47,1316.84,Nigeria_Synthesized_FAO_NASA
Kaduna,2019,Rice,1623.16,24.48,19.33,30.82,63.85,19.89,80.9,43.9,43.8,6.38,67.9,6.62,103632.37,2463.37,Nigeria_Synthesized_FAO_NASA
Kano,2019,Rice,517.4,27.07,20.35,35.28,43.11,21.48,79.2,49.7,36.7,6.65,98.9,3.38,133834.0,1396.77,Nigeria_Synthesized_FAO_NASA
Katsina,2019,Rice,702.35,26.88,20.7,33.83,42.66,21.26,87.5,45.3,39.5,6.12,71.8,5.71,99238.09,1344.8,Nigeria_Synthesized_FAO_NASA
Kebbi,2019,Rice,975.0,27.47,21.57,34.45,51.71,21.15,85.0,48.0,36.2,6.31,86.0,8.18,112651.58,1756.13,Nigeria_Synthesized_FAO_NASA
Kogi,2019,Rice,1251.26,27.25,22.95,32.23,71.52,17.31,75.4,44.7,43.2,6.65,102.0,4.55,93353.46,2236.99,Nigeria_Synthesized_FAO_NASA
Kwara,2019,Rice,1645.89,25.35,21.41,30.21,78.48,18.09,75.9,47.6,36.1,6.19,110.9,6.89,109144.74,2527.56,Nigeria_Synthesized_FAO_NASA
Lagos,2019,Rice,1952.69,26.78,25.09,28.91,85.85,16.26,77.8,49.9,42.1,6.59,97.8,3.33,112679.31,2607.21,Nigeria_Synthesized_FAO_NASA
Nasarawa,2019,Rice,938.12,27.98,23.38,33.58,62.16,18.38,77.2,50.0,38.5,6.19,71.9,8.37,109513.71,1510.82,Nigeria_Synthesized_FAO_NASA
Niger,2019,Rice,1226.48,26.93,22.01,32.45,68.58,18.47,78.8,43.5,39.8,6.56,81.1,7.67,119037.16,1993.38,Nigeria_Synthesized_FAO_NASA
Ogun,2019,Rice,1932.32,26.05,23.09,29.76,86.83,16.7,86.9,46.4,40.5,6.61,65.9,6.66,83843.84,2494.42,Nigeria_Synthesized_FAO_NASA
Ondo,2019,Rice,2325.44,24.63,21.43,28.64,85.23,16.92,74.2,50.5,37.7,6.57,115.5,5.43,97565.21,2324.41,Nigeria_Synthesized_FAO_NASA
Osun,2019,Rice,2184.61,24.92,21.46,29.14,83.53,16.53,77.1,47.3,40.7,6.74,115.0,7.6,108924.03,2507.47,Nigeria_Synthesized_FAO_NASA
Oyo,2019,Rice,2257.17,25.43,22.21,29.34,86.49,16.7,82.4,51.3,39.0,6.72,73.3,5.91,109380.12,2689.82,Nigeria_Synthesized_FAO_NASA
Plateau,2019,Rice,1166.1,23.54,18.25,30.23,58.25,18.6,75.8,49.9,40.0,6.28,102.1,5.59,141684.78,1839.93,Nigeria_Synthesized_FAO_NASA
Rivers,2019,Rice,3286.85,26.06,23.24,29.71,87.68,15.01,79.6,48.7,39.1,6.23,116.9,5.32,99680.34,2648.9,Nigeria_Synthesized_FAO_NASA
Sokoto,2019,Rice,1088.13,27.34,21.33,34.05,48.97,21.64,77.6,46.7,39.1,6.45,83.5,5.23,105578.99,1903.3,Nigeria_Synthesized_FAO_NASA
Taraba,2019,Rice,982.97,27.29,22.23,33.11,61.02,19.1,74.6,44.0,43.3,6.49,92.8,4.61,111269.0,1562.85,Nigeria_Synthesized_FAO_NASA
Yobe,2019,Rice,776.03,27.41,21.34,34.46,46.98,21.13,84.2,46.3,43.5,6.63,108.3,3.12,120761.79,1505.75,Nigeria_Synthesized_FAO_NASA
Zamfara,2019,Rice,738.05,26.25,20.33,33.26,49.44,21.28,76.2,51.0,36.1,6.15,61.9,3.3,97185.97,1347.42,Nigeria_Synthesized_FAO_NASA
Abia,2020,Rice,2029.78,25.76,22.57,29.63,85.2,16.76,80.9,42.9,39.3,6.37,49.1,6.39,133649.75,2333.47,Nigeria_Synthesized_FAO_NASA
Adamawa,2020,Rice,982.6,27.15,21.49,33.42,57.83,20.76,83.5,42.8,43.5,6.63,112.3,2.1,128408.15,1639.17,Nigeria_Synthesized_FAO_NASA
Akwa Ibom,2020,Rice,2982.8,26.24,23.63,29.59,86.16,16.76,85.3,43.7,41.8,6.72,94.3,5.71,134455.58,2646.31,Nigeria_Synthesized_FAO_NASA
Anambra,2020,Rice,2228.5,25.76,22.46,29.53,84.05,17.58,81.5,47.4,43.3,6.15,80.1,6.47,109499.17,2611.91,Nigeria_Synthesized_FAO_NASA
Bauchi,2020,Rice,2013.76,24.95,19.31,31.5,59.51,20.92,86.4,51.8,36.4,6.36,41.9,4.14,119028.73,2487.53,Nigeria_Synthesized_FAO_NASA
Bayelsa,2020,Rice,3495.17,26.08,23.46,29.46,87.47,15.56,85.4,44.0,36.6,6.48,82.6,3.73,141326.91,2476.9,Nigeria_Synthesized_FAO_NASA
Benue,2020,Rice,1209.6,26.41,22.11,31.55,72.34,18.7,78.3,51.3,38.9,6.58,78.1,2.8,142454.24,2052.0,Nigeria_Synthesized_FAO_NASA
Borno,2020,Rice,545.45,28.06,21.39,35.6,42.48,21.41,83.6,46.3,36.0,6.17,79.7,6.48,110258.33,1410.56,Nigeria_Synthesized_FAO_NASA
Cross River,2020,Rice,2982.8,26.24,23.63,29.59,86.16,15.31,83.1,49.5,39.8,6.69,79.1,4.93,126679.9,2409.1,Nigeria_Synthesized_FAO_NASA
Delta,2020,Rice,2228.5,25.76,22.46,29.53,84.05,16.94,72.6,48.9,37.9,6.3,101.7,4.13,100296.12,2320.8,Nigeria_Synthesized_FAO_NASA
Ebonyi,2020,Rice,1251.59,26.36,22.44,31.15,77.86,18.1,84.3,44.1,39.5,6.43,95.0,6.12,90867.53,1910.44,Nigeria_Synthesized_FAO_NASA
Edo,2020,Rice,2111.49,25.46,22.36,29.3,87.0,16.43,76.6,45.5,37.0,6.29,64.8,5.39,82411.14,2535.36,Nigeria_Synthesized_FAO_NASA
Ekiti,2020,Rice,1688.06,24.44,20.97,28.85,83.66,17.35,83.4,46.0,38.2,6.45,41.9,2.52,105292.51,2399.02,Nigeria_Synthesized_FAO_NASA
Enugu,2020,Rice,1630.95,25.64,21.91,30.0,80.61,17.58,83.4,43.7,42.6,6.57,88.9,7.33,143511.83,2397.07,Nigeria_Synthesized_FAO_NASA
FCT Abuja,2020,Rice,1389.91,25.33,20.59,31.05,70.06,19.24,80.1,48.0,40.2,6.47,115.9,7.86,94435.17,2110.26,Nigeria_Synthesized_FAO_NASA
Gombe,2020,Rice,1610.11,25.46,19.91,31.96,61.65,21.05,87.0,43.8,38.0,6.42,107.7,5.28,133886.06,2560.47,Nigeria_Synthesized_FAO_NASA
Imo,2020,Rice,2537.08,25.96,22.78,29.79,85.46,16.76,75.9,49.8,37.2,6.33,61.2,4.27,88820.01,2550.62,Nigeria_Synthesized_FAO_NASA
Jigawa,2020,Rice,1348.11,26.04,19.53,33.9,50.64,21.0,80.8,43.8,42.3,6.34,91.9,6.72,104390.9,2196.14,Nigeria_Synthesized_FAO_NASA
Kaduna,2020,Rice,3398.52,23.14,18.43,29.08,70.9,20.28,81.7,46.9,37.3,6.71,100.4,3.35,139550.0,2135.02,Nigeria_Synthesized_FAO_NASA
Kano,2020,Rice,1291.71,25.59,19.15,33.6,52.35,21.5,83.0,50.1,39.4,6.56,70.9,3.37,134447.8,1955.93,Nigeria_Synthesized_FAO_NASA
Katsina,2020,Rice,1539.75,25.3,19.52,31.74,53.57,21.05,76.9,47.2,41.3,6.45,107.5,6.95,145763.67,2422.28,Nigeria_Synthesized_FAO_NASA
Kebbi,2020,Rice,1131.67,26.83,21.14,33.82,56.95,20.69,83.9,51.0,41.1,6.65,49.0,4.26,147288.0,1698.45,Nigeria_Synthesized_FAO_NASA
Kogi,2020,Rice,1391.1,26.62,22.18,31.74,72.68,17.84,73.2,50.3,42.5,6.21,108.3,6.46,93085.09,2366.81,Nigeria_Synthesized_FAO_NASA
Kwara,2020,Rice,1204.71,25.26,20.98,30.59,76.31,18.29,78.6,44.7,38.2,6.43,82.5,7.24,135847.56,1859.42,Nigeria_Synthesized_FAO_NASA
Lagos,2020,Rice,1510.91,26.41,24.55,28.78,85.34,16.91,84.4,44.6,36.3,6.67,46.0,3.6,118916.34,2521.48,Nigeria_Synthesized_FAO_NASA
Nasarawa,2020,Rice,1078.68,27.24,22.6,32.97,63.62,19.25,85.9,45.7,36.0,6.3,86.2,4.44,107220.95,1792.69,Nigeria_Synthesized_FAO_NASA
Niger,2020,Rice,1309.13,26.28,21.2,32.07,70.38,18.94,86.5,45.4,39.6,6.46,115.9,8.49,139000.54,2090.75,Nigeria_Synthesized_FAO_NASA
Ogun,2020,Rice,1525.8,25.74,22.52,29.83,85.71,16.87,77.9,42.9,36.0,6.4,79.1,2.15,128822.21,2282.24,Nigeria_Synthesized_FAO_NASA
Ondo,2020,Rice,1688.06,24.44,20.97,28.85,83.66,17.35,80.8,45.7,37.2,6.37,58.6,5.48,99367.41,2407.71,Nigeria_Synthesized_FAO_NASA
Osun,2020,Rice,1523.34,24.79,21.01,29.45,81.59,16.86,74.4,49.2,41.9,6.18,77.4,2.46,113952.93,2197.56,Nigeria_Synthesized_FAO_NASA
Oyo,2020,Rice,1568.36,25.24,21.73,29.6,84.71,16.87,80.3,47.7,43.3,6.46,86.6,4.61,97353.82,2436.25,Nigeria_Synthesized_FAO_NASA
Plateau,2020,Rice,3385.52,22.35,17.41,28.56,63.84,19.39,76.5,50.9,39.3,6.64,105.8,3.23,132237.66,2335.59,Nigeria_Synthesized_FAO_NASA
Rivers,2020,Rice,3361.46,26.04,23.03,29.87,87.03,15.21,76.7,45.6,41.7,6.25,40.1,6.65,99138.81,2538.49,Nigeria_Synthesized_FAO_NASA
Sokoto,2020,Rice,1145.58,26.35,20.64,33.04,56.06,21.49,75.7,46.4,39.7,6.13,117.6,6.65,86474.55,1727.38,Nigeria_Synthesized_FAO_NASA
Taraba,2020,Rice,1075.73,26.37,21.19,32.39,64.01,19.69,79.1,48.8,37.1,6.23,108.8,3.67,101047.3,1664.71,Nigeria_Synthesized_FAO_NASA
Yobe,2020,Rice,792.26,26.9,20.63,34.19,48.36,21.55,82.5,46.1,41.3,6.12,98.9,5.17,138638.2,1333.38,Nigeria_Synthesized_FAO_NASA
Zamfara,2020,Rice,1146.34,25.26,19.6,32.14,55.83,20.88,86.7,51.5,40.0,6.34,77.2,6.48,144309.47,1852.04,Nigeria_Synthesized_FAO_NASA
Abia,2021,Rice,1877.25,25.78,22.8,29.53,86.39,16.48,86.6,50.6,43.7,6.67,62.4,2.69,96232.19,2567.01,Nigeria_Synthesized_FAO_NASA
Adamawa,2021,Rice,945.3,27.6,21.95,33.88,56.24,20.8,81.7,50.5,43.1,6.5,40.5,3.21,102133.47,1401.09,Nigeria_Synthesized_FAO_NASA
Akwa Ibom,2021,Rice,2456.61,26.21,23.74,29.42,87.15,16.48,79.9,43.2,38.7,6.22,91.8,5.02,107184.56,2293.85,Nigeria_Synthesized_FAO_NASA
Anambra,2021,Rice,2208.72,25.78,22.8,29.34,86.04,17.38,87.2,44.9,40.0,6.58,84.5,8.04,111693.86,2416.61,Nigeria_Synthesized_FAO_NASA
Bauchi,2021,Rice,3305.27,25.04,19.49,31.42,60.49,21.27,73.3,48.6,38.2,6.21,83.6,5.46,114214.74,2316.56,Nigeria_Synthesized_FAO_NASA
Bayelsa,2021,Rice,3490.5,26.11,23.68,29.29,88.5,15.38,81.9,44.6,39.6,6.57,82.4,4.57,130645.58,2277.47,Nigeria_Synthesized_FAO_NASA
Benue,2021,Rice,1524.55,26.51,22.31,31.46,73.01,18.37,86.9,49.2,36.5,6.4,111.3,2.61,124493.18,2348.48,Nigeria_Synthesized_FAO_NASA
Borno,2021,Rice,444.23,28.5,21.62,36.32,39.39,21.77,73.2,51.7,38.8,6.65,73.5,4.87,148219.32,1391.85,Nigeria_Synthesized_FAO_NASA
Cross River,2021,Rice,2456.61,26.21,23.74,29.42,87.15,15.69,72.4,48.5,37.4,6.33,67.8,5.05,135988.16,2503.45,Nigeria_Synthesized_FAO_NASA
Delta,2021,Rice,2208.72,25.78,22.8,29.34,86.04,16.78,74.2,43.1,39.6,6.72,49.3,8.15,89252.88,2354.24,Nigeria_Synthesized_FAO_NASA
Ebonyi,2021,Rice,780.95,26.73,22.83,31.71,77.1,17.93,82.2,50.7,36.7,6.43,95.8,5.81,126392.03,1390.81,Nigeria_Synthesized_FAO_NASA
Edo,2021,Rice,2357.05,25.6,22.85,29.07,89.16,16.34,82.9,47.9,38.9,6.32,89.7,7.79,86794.67,2532.91,Nigeria_Synthesized_FAO_NASA
Ekiti,2021,Rice,2803.84,24.66,21.47,28.82,85.48,17.19,78.3,43.8,36.4,6.14,70.4,4.19,139508.16,2332.65,Nigeria_Synthesized_FAO_NASA
Enugu,2021,Rice,1288.82,25.72,22.24,30.06,82.26,17.38,72.7,44.9,38.1,6.46,51.6,2.87,133770.48,2063.83,Nigeria_Synthesized_FAO_NASA
FCT Abuja,2021,Rice,1369.92,25.61,20.82,31.36,68.57,19.4,74.8,46.7,38.7,6.61,80.8,2.83,138070.6,2262.51,Nigeria_Synthesized_FAO_NASA
Gombe,2021,Rice,2221.85,25.9,20.36,32.35,60.63,21.29,76.1,46.4,39.9,6.32,59.4,4.59,109535.88,2520.28,Nigeria_Synthesized_FAO_NASA
Imo,2021,Rice,2610.4,25.97,23.05,29.59,86.97,16.48,74.6,43.2,41.1,6.6,105.1,5.21,135849.48,2245.58,Nigeria_Synthesized_FAO_NASA
Jigawa,2021,Rice,1693.73,25.93,19.29,33.69,51.02,21.81,83.1,45.2,43.1,6.17,118.6,7.59,133378.6,2315.18,Nigeria_Synthesized_FAO_NASA
Kaduna,2021,Rice,6360.7,23.35,18.52,29.42,70.17,20.72,83.4,44.6,39.4,6.15,71.2,6.82,147496.38,2302.63,Nigeria_Synthesized_FAO_NASA
Kano,2021,Rice,1845.71,25.31,18.75,33.21,53.87,22.26,81.4,51.1,36.3,6.35,52.7,6.52,104870.6,2339.73,Nigeria_Synthesized_FAO_NASA
Katsina,2021,Rice,1784.49,25.63,19.61,32.47,49.51,21.82,76.5,44.7,43.3,6.12,75.0,2.14,128305.18,2255.28,Nigeria_Synthesized_FAO_NASA
Kebbi,2021,Rice,925.26,27.38,21.34,34.71,52.95,21.44,77.0,44.1,38.9,6.54,102.6,5.45,116832.83,1468.06,Nigeria_Synthesized_FAO_NASA
Kogi,2021,Rice,2024.23,26.62,22.46,31.48,74.62,17.63,76.5,44.4,37.9,6.25,81.6,5.66,95785.94,2517.35,Nigeria_Synthesized_FAO_NASA
Kwara,2021,Rice,1764.69,25.68,21.46,30.92,74.97,18.45,82.2,50.6,40.4,6.27,61.0,2.26,95432.46,2582.53,Nigeria_Synthesized_FAO_NASA
Lagos,2021,Rice,1713.6,26.77,25.1,28.92,85.31,16.64,72.7,44.9,41.5,6.61,76.4,6.54,133895.34,2415.38,Nigeria_Synthesized_FAO_NASA
Nasarawa,2021,Rice,1517.79,27.2,22.63,32.72,64.83,19.03,78.3,48.3,43.4,6.15,80.6,4.14,92934.45,2384.2,Nigeria_Synthesized_FAO_NASA
Niger,2021,Rice,1567.28,26.65,21.5,32.49,68.64,19.19,76.9,50.6,40.3,6.39,62.8,3.94,83411.24,2487.25,Nigeria_Synthesized_FAO_NASA
Ogun,2021,Rice,1752.89,26.03,23.06,29.86,86.44,17.14,87.4,47.0,39.0,6.65,74.2,5.59,140268.09,2391.66,Nigeria_Synthesized_FAO_NASA
Ondo,2021,Rice,2803.84,24.66,21.47,28.82,85.48,17.19,80.4,50.5,42.1,6.24,97.3,7.2,133818.19,2233.6,Nigeria_Synthesized_FAO_NASA
Osun,2021,Rice,2545.61,25.1,21.46,29.67,82.03,16.81,71.9,47.1,38.7,6.46,55.0,7.59,93823.87,2308.93,Nigeria_Synthesized_FAO_NASA
Oyo,2021,Rice,2405.57,25.45,22.18,29.58,85.99,17.14,79.6,47.6,37.6,6.28,53.6,6.67,97594.3,2300.8,Nigeria_Synthesized_FAO_NASA
Plateau,2021,Rice,6143.64,22.42,17.47,28.63,64.07,19.45,83.3,49.8,37.0,6.73,105.7,3.33,114120.36,2258.96,Nigeria_Synthesized_FAO_NASA
Rivers,2021,Rice,3286.06,26.06,23.27,29.7,88.29,15.22,74.1,49.9,39.6,6.61,99.7,5.93,90534.9,2317.01,Nigeria_Synthesized_FAO_NASA
Sokoto,2021,Rice,1248.4,26.82,20.76,33.8,52.26,22.27,76.9,48.9,36.0,6.13,108.2,6.45,83017.54,2057.61,Nigeria_Synthesized_FAO_NASA
Taraba,2021,Rice,995.65,26.9,21.62,32.99,61.7,19.68,84.6,45.7,36.2,6.7,67.6,2.69,129927.32,1537.39,Nigeria_Synthesized_FAO_NASA
Yobe,2021,Rice,1602.2,26.8,20.56,34.02,49.32,22.04,75.4,45.4,37.8,6.74,55.8,5.74,135567.15,2491.99,Nigeria_Synthesized_FAO_NASA
Zamfara,2021,Rice,1543.33,25.19,19.44,32.19,55.73,21.79,87.4,51.8,42.9,6.24,90.7,6.95,92022.56,2508.43,Nigeria_Synthesized_FAO_NASA
Abia,2022,Rice,1579.69,25.57,22.28,29.59,84.63,16.48,84.1,46.0,37.3,6.37,103.5,5.02,100048.77,2489.27,Nigeria_Synthesized_FAO_NASA
Adamawa,2022,Rice,1250.17,26.34,20.98,32.39,61.0,20.39,78.3,48.7,38.8,6.36,95.7,8.1,160559.41,1907.0,Nigeria_Synthesized_FAO_NASA
Akwa Ibom,2022,Rice,3367.59,26.03,23.38,29.41,86.43,16.48,73.3,44.8,39.9,6.12,60.2,5.36,143717.92,2358.85,Nigeria_Synthesized_FAO_NASA
Anambra,2022,Rice,1520.42,25.52,22.18,29.44,83.61,17.09,80.1,48.3,43.3,6.52,73.2,8.05,106296.57,2073.11,Nigeria_Synthesized_FAO_NASA
Bauchi,2022,Rice,2192.25,23.61,18.14,29.92,65.09,20.54,74.0,49.3,40.3,6.61,99.1,6.06,101503.37,2266.58,Nigeria_Synthesized_FAO_NASA
Bayelsa,2022,Rice,2262.15,25.86,23.18,29.29,87.25,15.34,73.7,50.7,37.9,6.6,116.6,6.53,126278.5,2512.03,Nigeria_Synthesized_FAO_NASA
Benue,2022,Rice,1847.07,25.08,21.17,29.65,77.48,18.09,77.7,46.2,41.0,6.59,94.3,3.29,120841.65,2309.13,Nigeria_Synthesized_FAO_NASA
Borno,2022,Rice,476.63,27.77,21.18,35.35,41.4,21.11,79.5,47.9,42.0,6.53,72.7,7.82,145443.97,1268.17,Nigeria_Synthesized_FAO_NASA
Cross River,2022,Rice,3367.59,26.03,23.38,29.41,86.43,15.25,73.8,43.0,43.0,6.26,98.4,7.27,160585.92,2216.47,Nigeria_Synthesized_FAO_NASA
Delta,2022,Rice,1520.42,25.52,22.18,29.44,83.61,16.56,76.6,49.6,36.8,6.37,107.8,4.39,160294.62,2376.63,Nigeria_Synthesized_FAO_NASA
Ebonyi,2022,Rice,1089.98,26.56,22.33,31.89,73.62,17.56,82.2,52.1,36.3,6.47,109.0,5.13,124064.04,1688.1,Nigeria_Synthesized_FAO_NASA
Edo,2022,Rice,1751.31,25.24,22.22,29.04,87.11,16.2,77.2,44.3,42.7,6.44,114.7,7.24,128280.06,2131.63,Nigeria_Synthesized_FAO_NASA
Ekiti,2022,Rice,2113.63,24.07,20.77,28.17,85.26,17.06,78.7,44.7,43.1,6.22,62.9,5.36,87021.89,2269.03,Nigeria_Synthesized_FAO_NASA
Enugu,2022,Rice,1234.16,25.55,21.69,30.33,78.39,17.09,81.5,43.7,36.3,6.34,97.7,5.61,102235.35,1756.96,Nigeria_Synthesized_FAO_NASA
FCT Abuja,2022,Rice,1760.93,24.61,19.96,30.21,72.48,18.75,77.7,51.7,36.3,6.54,111.3,7.23,128667.17,2212.52,Nigeria_Synthesized_FAO_NASA
Gombe,2022,Rice,2531.68,24.85,19.37,31.35,62.57,20.6,83.4,43.6,42.4,6.57,98.4,2.65,108627.18,2143.41,Nigeria_Synthesized_FAO_NASA
Imo,2022,Rice,1729.51,25.75,22.53,29.66,85.07,16.48,85.2,43.2,36.1,6.34,51.9,5.63,137138.92,2403.62,Nigeria_Synthesized_FAO_NASA
Jigawa,2022,Rice,764.89,25.49,18.93,33.6,50.77,20.59,85.4,42.8,37.2,6.12,66.3,7.9,115723.95,1323.39,Nigeria_Synthesized_FAO_NASA
Kaduna,2022,Rice,4954.11,22.45,17.78,28.41,73.02,19.63,79.1,51.8,36.9,6.24,42.4,4.82,131686.87,1949.41,Nigeria_Synthesized_FAO_NASA
Kano,2022,Rice,781.04,24.6,18.13,32.79,55.71,20.9,81.6,48.7,40.1,6.16,75.6,8.5,151256.8,1162.99,Nigeria_Synthesized_FAO_NASA
Katsina,2022,Rice,1325.45,24.72,18.93,31.41,53.18,20.62,85.1,43.8,37.7,6.11,64.3,2.71,153006.09,2012.57,Nigeria_Synthesized_FAO_NASA
Kebbi,2022,Rice,980.15,26.68,20.86,33.83,54.97,20.66,85.9,50.0,43.4,6.14,41.0,6.3,136939.09,1495.12,Nigeria_Synthesized_FAO_NASA
Kogi,2022,Rice,1437.67,25.42,21.41,29.88,78.17,17.55,77.2,45.4,40.0,6.39,81.0,6.37,105476.24,2047.14,Nigeria_Synthesized_FAO_NASA
Kwara,2022,Rice,1540.4,24.76,20.61,29.83,78.16,18.05,74.6,46.1,41.8,6.59,93.4,3.52,105313.34,2182.6,Nigeria_Synthesized_FAO_NASA
Lagos,2022,Rice,1637.38,26.36,24.55,28.59,85.07,16.58,79.6,48.1,39.8,6.47,97.2,2.71,129033.92,2400.21,Nigeria_Synthesized_FAO_NASA
Nasarawa,2022,Rice,1908.77,25.78,21.49,31.12,70.43,18.69,73.0,52.1,43.5,6.14,75.5,3.21,96740.95,2417.72,Nigeria_Synthesized_FAO_NASA
Niger,2022,Rice,1218.58,25.95,20.84,31.8,71.14,18.49,87.1,48.9,38.7,6.49,65.0,7.91,148306.14,1821.38,Nigeria_Synthesized_FAO_NASA
Ogun,2022,Rice,1698.93,25.61,22.45,29.56,86.01,16.65,77.1,45.6,36.1,6.63,76.0,4.11,128108.67,2449.61,Nigeria_Synthesized_FAO_NASA
Ondo,2022,Rice,2113.63,24.07,20.77,28.17,85.26,17.06,73.9,51.0,43.0,6.71,71.8,3.41,147456.54,2190.9,Nigeria_Synthesized_FAO_NASA
Osun,2022,Rice,2171.52,24.37,20.75,28.76,83.32,16.56,74.7,48.6,39.7,6.66,42.6,6.19,111374.12,2177.85,Nigeria_Synthesized_FAO_NASA
Oyo,2022,Rice,2188.72,25.01,21.57,29.19,85.48,16.65,86.1,49.8,43.3,6.32,80.3,2.09,143055.92,2364.59,Nigeria_Synthesized_FAO_NASA
Plateau,2022,Rice,4912.41,21.6,16.62,27.93,66.17,18.96,73.5,45.3,37.3,6.12,112.7,2.05,104482.92,1862.72,Nigeria_Synthesized_FAO_NASA
Rivers,2022,Rice,2252.03,25.81,22.77,29.66,87.1,15.13,86.5,51.3,41.1,6.54,40.4,8.4,97948.71,2414.94,Nigeria_Synthesized_FAO_NASA
Sokoto,2022,Rice,1156.6,26.01,20.22,32.86,54.85,21.23,82.4,46.1,43.0,6.29,85.0,2.65,153128.43,1840.97,Nigeria_Synthesized_FAO_NASA
Taraba,2022,Rice,1228.08,25.86,20.77,31.75,65.52,19.13,75.5,48.1,42.0,6.5,58.6,2.01,97103.71,1958.64,Nigeria_Synthesized_FAO_NASA
Yobe,2022,Rice,893.85,26.19,20.1,33.36,49.44,21.16,84.8,47.2,43.1,6.37,82.0,5.1,159820.26,1404.62,Nigeria_Synthesized_FAO_NASA
Zamfara,2022,Rice,1059.55,24.33,18.79,31.18,58.41,20.65,80.3,45.8,37.9,6.13,86.7,3.49,144222.28,1495.11,Nigeria_Synthesized_FAO_NASA
Abia,2023,Rice,1475.58,26.0,22.97,29.78,85.98,16.51,82.8,50.0,39.9,6.68,114.9,7.25,133136.36,2221.95,Nigeria_Synthesized_FAO_NASA
Adamawa,2023,Rice,519.27,29.06,23.09,35.71,48.82,20.47,87.6,45.4,37.5,6.39,44.5,8.36,107532.23,1324.53,Nigeria_Synthesized_FAO_NASA
Akwa Ibom,2023,Rice,2436.57,26.42,24.01,29.57,87.24,16.51,82.4,47.6,36.1,6.5,97.3,4.71,126051.5,2557.23,Nigeria_Synthesized_FAO_NASA
Anambra,2023,Rice,1615.95,26.03,22.88,29.77,84.86,17.37,75.4,44.4,38.8,6.65,106.2,4.49,101921.58,2594.09,Nigeria_Synthesized_FAO_NASA
Bauchi,2023,Rice,697.86,26.4,20.3,33.58,51.79,20.63,75.8,44.4,43.6,6.5,118.5,4.2,138035.2,1376.28,Nigeria_Synthesized_FAO_NASA
Bayelsa,2023,Rice,1814.82,26.3,23.77,29.56,87.72,15.29,76.1,47.7,38.4,6.21,61.0,2.23,101599.97,2593.92,Nigeria_Synthesized_FAO_NASA
Benue,2023,Rice,944.03,26.63,22.48,31.5,74.24,18.47,73.4,44.5,36.7,6.5,47.5,6.9,121309.96,1585.92,Nigeria_Synthesized_FAO_NASA
Borno,2023,Rice,343.14,29.63,22.82,37.31,35.78,20.81,86.1,49.7,36.5,6.63,79.4,7.5,103557.86,1175.13,Nigeria_Synthesized_FAO_NASA
Cross River,2023,Rice,2436.57,26.42,24.01,29.57,87.24,15.23,87.8,45.0,40.9,6.4,43.2,2.09,135184.28,2562.19,Nigeria_Synthesized_FAO_NASA
Delta,2023,Rice,1615.95,26.03,22.88,29.77,84.86,16.79,81.0,48.1,36.1,6.41,114.0,4.58,132789.85,2339.73,Nigeria_Synthesized_FAO_NASA
Ebonyi,2023,Rice,798.23,27.26,23.22,32.34,75.35,17.86,84.4,47.8,42.7,6.36,111.1,3.56,142350.16,1398.43,Nigeria_Synthesized_FAO_NASA
Edo,2023,Rice,1676.66,25.77,22.82,29.43,87.56,16.33,84.6,46.8,37.7,6.25,112.1,7.42,89205.35,2384.6,Nigeria_Synthesized_FAO_NASA
Ekiti,2023,Rice,2169.85,24.73,21.45,28.77,85.2,17.29,79.5,46.5,43.2,6.18,73.5,4.24,130377.89,2411.92,Nigeria_Synthesized_FAO_NASA
Enugu,2023,Rice,1108.57,26.27,22.56,30.82,79.47,17.37,80.2,44.2,40.0,6.26,54.7,2.42,118788.03,1783.13,Nigeria_Synthesized_FAO_NASA
FCT Abuja,2023,Rice,1030.73,25.93,21.23,31.83,70.09,19.26,81.9,49.7,41.3,6.41,71.0,4.44,116580.18,1710.09,Nigeria_Synthesized_FAO_NASA
Gombe,2023,Rice,862.01,27.1,21.19,33.91,53.37,20.53,85.5,51.1,37.2,6.19,90.4,3.96,121505.79,1445.43,Nigeria_Synthesized_FAO_NASA
Imo,2023,Rice,1777.67,26.17,23.15,29.88,86.12,16.51,75.5,51.7,41.6,6.59,56.1,3.52,150308.66,2309.55,Nigeria_Synthesized_FAO_NASA
Jigawa,2023,Rice,423.99,28.08,21.04,36.39,38.64,20.91,76.8,45.9,37.2,6.24,103.1,3.09,97906.53,1341.58,Nigeria_Synthesized_FAO_NASA
Kaduna,2023,Rice,2465.41,24.0,18.96,30.15,67.86,20.1,87.5,46.0,36.8,6.47,112.5,7.1,131346.46,2159.06,Nigeria_Synthesized_FAO_NASA
Kano,2023,Rice,404.08,27.34,20.3,35.93,42.1,21.23,80.6,43.7,41.3,6.57,117.2,3.69,108361.22,1394.52,Nigeria_Synthesized_FAO_NASA
Katsina,2023,Rice,982.9,26.58,20.38,33.43,45.93,20.87,83.2,50.3,37.4,6.27,81.0,4.15,125221.92,1473.49,Nigeria_Synthesized_FAO_NASA
Kebbi,2023,Rice,730.22,28.19,22.1,35.52,49.11,21.05,84.7,48.3,42.0,6.32,106.5,3.78,119967.52,1409.33,Nigeria_Synthesized_FAO_NASA
Kogi,2023,Rice,1484.52,26.48,22.44,31.06,77.19,17.79,79.5,45.8,38.0,6.73,52.8,7.12,100971.29,2421.67,Nigeria_Synthesized_FAO_NASA
Kwara,2023,Rice,1579.72,25.6,21.52,30.56,78.01,18.12,83.1,45.2,36.2,6.36,114.8,2.08,86775.97,2648.86,Nigeria_Synthesized_FAO_NASA
Lagos,2023,Rice,1725.77,26.85,25.11,28.99,85.4,16.75,85.9,43.6,41.3,6.54,93.5,8.13,121988.61,2590.57,Nigeria_Synthesized_FAO_NASA
Nasarawa,2023,Rice,792.72,27.73,23.06,33.55,63.92,18.98,79.4,46.6,38.4,6.39,70.7,4.81,88390.09,1421.41,Nigeria_Synthesized_FAO_NASA
Niger,2023,Rice,980.38,27.13,22.06,32.82,68.69,18.85,86.6,47.4,40.9,6.64,68.8,4.8,91802.44,1729.62,Nigeria_Synthesized_FAO_NASA
Ogun,2023,Rice,1751.53,26.09,23.04,29.88,86.48,16.84,86.7,50.7,36.8,6.17,74.2,2.64,112725.33,2460.01,Nigeria_Synthesized_FAO_NASA
Ondo,2023,Rice,2169.85,24.73,21.45,28.77,85.2,17.29,80.2,42.9,38.4,6.54,78.7,8.36,95828.98,2437.01,Nigeria_Synthesized_FAO_NASA
Osun,2023,Rice,2201.65,25.06,21.5,29.39,83.52,16.78,72.6,50.9,43.1,6.63,50.2,8.49,111580.07,2561.51,Nigeria_Synthesized_FAO_NASA
Oyo,2023,Rice,2213.93,25.55,22.23,29.59,86.03,16.84,86.4,45.1,43.1,6.3,118.1,3.83,138283.02,2359.76,Nigeria_Synthesized_FAO_NASA
Plateau,2023,Rice,2848.18,23.43,18.07,30.06,59.1,19.25,83.2,47.9,39.7,6.25,96.4,3.24,89236.36,2457.6,Nigeria_Synthesized_FAO_NASA
Rivers,2023,Rice,1891.07,26.21,23.36,29.86,87.72,14.97,87.2,43.1,37.5,6.26,73.1,3.51,103840.85,2526.56,Nigeria_Synthesized_FAO_NASA
Sokoto,2023,Rice,789.78,27.79,21.68,34.73,47.25,21.37,83.3,48.3,36.6,6.55,53.3,7.11,149125.59,1347.18,Nigeria_Synthesized_FAO_NASA
Taraba,2023,Rice,410.16,28.57,22.82,35.08,53.6,19.38,77.5,51.0,36.9,6.47,51.4,6.58,115820.1,1264.06,Nigeria_Synthesized_FAO_NASA
Yobe,2023,Rice,406.07,28.53,21.87,36.21,40.3,21.27,79.7,51.6,40.0,6.42,86.3,6.48,117104.22,1403.82,Nigeria_Synthesized_FAO_NASA
Zamfara,2023,Rice,540.96,26.93,20.75,34.3,46.38,21.09,78.9,43.5,42.2,6.35,48.0,6.12,145369.91,1292.17,Nigeria_Synthesized_FAO_NASA
Abia,2024,Rice,1371.1,26.26,22.98,30.44,83.64,16.73,87.2,51.1,35.9,6.35,105.5,4.38,152345.81,2366.19,Nigeria_Synthesized_FAO_NASA
Adamawa,2024,Rice,935.61,28.37,22.56,34.94,52.06,20.19,77.7,51.4,39.9,6.4,119.8,5.21,131475.84,1516.9,Nigeria_Synthesized_FAO_NASA
Akwa Ibom,2024,Rice,1887.73,26.7,24.02,30.21,85.14,16.73,84.9,50.2,42.2,6.56,60.3,7.6,124561.06,2439.74,Nigeria_Synthesized_FAO_NASA
Anambra,2024,Rice,1360.79,26.34,22.94,30.45,82.05,17.55,74.0,52.1,42.8,6.68,110.9,5.52,100911.74,2358.89,Nigeria_Synthesized_FAO_NASA
Bauchi,2024,Rice,1109.06,26.3,20.35,33.25,52.28,20.55,72.7,49.9,39.9,6.52,80.2,5.2,126955.78,1848.76,Nigeria_Synthesized_FAO_NASA
Bayelsa,2024,Rice,1913.76,26.75,24.06,30.28,85.78,15.55,74.4,44.7,43.6,6.2,61.5,5.84,107182.38,2440.71,Nigeria_Synthesized_FAO_NASA
Benue,2024,Rice,1021.39,27.15,22.6,32.57,67.47,18.62,84.6,50.3,37.8,6.29,115.0,7.37,97932.3,1721.51,Nigeria_Synthesized_FAO_NASA
Borno,2024,Rice,583.5,28.57,22.0,36.05,40.59,20.7,78.6,48.1,37.4,6.39,88.1,4.13,92612.34,1373.87,Nigeria_Synthesized_FAO_NASA
Cross River,2024,Rice,1887.73,26.7,24.02,30.21,85.14,15.26,77.1,50.8,36.7,6.64,52.2,2.54,148837.98,2687.71,Nigeria_Synthesized_FAO_NASA
Delta,2024,Rice,1360.79,26.34,22.94,30.45,82.05,16.99,86.4,46.3,38.2,6.43,76.5,4.24,121510.9,2269.53,Nigeria_Synthesized_FAO_NASA
Ebonyi,2024,Rice,905.76,27.86,23.42,33.37,68.7,18.04,85.5,52.1,38.0,6.56,71.5,6.4,142839.73,1513.59,Nigeria_Synthesized_FAO_NASA
Edo,2024,Rice,1389.25,26.08,22.92,30.06,85.46,16.41,83.5,51.9,42.5,6.68,105.2,4.98,160207.7,2238.93,Nigeria_Synthesized_FAO_NASA
Ekiti,2024,Rice,1380.98,25.04,21.44,29.48,81.98,17.4,72.2,47.8,39.9,6.44,117.9,7.92,113975.47,2076.62,Nigeria_Synthesized_FAO_NASA
Enugu,2024,Rice,980.36,26.81,22.68,31.9,73.62,17.55,78.7,46.3,42.3,6.44,85.8,7.54,113868.86,1534.0,Nigeria_Synthesized_FAO_NASA
FCT Abuja,2024,Rice,1182.97,26.46,21.44,32.59,64.55,18.82,83.3,47.0,38.2,6.14,79.0,4.31,96318.49,2031.06,Nigeria_Synthesized_FAO_NASA
Gombe,2024,Rice,1511.27,26.9,21.14,33.62,54.02,20.46,84.2,45.2,36.3,6.65,40.8,8.09,138027.8,2407.17,Nigeria_Synthesized_FAO_NASA
Imo,2024,Rice,1626.91,26.48,23.28,30.5,84.2,16.73,75.8,42.9,37.8,6.19,89.0,3.08,110380.91,2607.13,Nigeria_Synthesized_FAO_NASA
Jigawa,2024,Rice,1025.51,26.63,20.09,34.46,47.2,20.69,76.7,43.2,36.2,6.12,99.1,4.07,130274.49,1694.98,Nigeria_Synthesized_FAO_NASA
Kaduna,2024,Rice,1925.09,24.21,19.05,30.7,65.0,19.62,79.1,47.7,41.6,6.28,49.7,5.61,118529.53,2490.96,Nigeria_Synthesized_FAO_NASA
Kano,2024,Rice,1009.62,26.18,19.59,34.33,48.56,20.93,82.2,47.5,40.8,6.45,99.2,6.59,119327.33,1593.08,Nigeria_Synthesized_FAO_NASA
Katsina,2024,Rice,1294.93,25.85,19.99,32.56,50.33,20.6,85.9,46.9,39.2,6.6,86.6,2.46,136858.47,2091.49,Nigeria_Synthesized_FAO_NASA
Kebbi,2024,Rice,2228.6,27.02,21.27,34.01,56.38,20.48,83.9,50.0,43.5,6.14,87.7,4.78,88797.05,2756.63,Nigeria_Synthesized_FAO_NASA
Kogi,2024,Rice,918.5,27.23,22.62,32.55,69.54,17.95,80.9,47.4,36.7,6.5,99.0,6.99,93211.91,1476.48,Nigeria_Synthesized_FAO_NASA
Kwara,2024,Rice,1259.82,25.8,21.29,31.26,74.74,18.15,87.1,51.1,38.2,6.21,74.8,4.61,116878.68,2151.62,Nigeria_Synthesized_FAO_NASA
Lagos,2024,Rice,1382.65,27.05,25.19,29.33,84.49,16.86,83.9,47.7,36.7,6.66,64.8,8.31,129775.41,2324.76,Nigeria_Synthesized_FAO_NASA
Nasarawa,2024,Rice,1082.75,28.0,23.22,33.88,60.44,18.97,73.4,45.0,36.3,6.56,108.0,4.82,157573.57,1640.54,Nigeria_Synthesized_FAO_NASA
Niger,2024,Rice,926.85,27.69,22.24,33.83,63.71,18.72,82.0,50.9,38.2,6.33,112.5,7.86,130288.03,1613.67,Nigeria_Synthesized_FAO_NASA
Ogun,2024,Rice,1383.59,26.28,23.01,30.33,84.74,16.62,73.9,50.7,39.2,6.74,77.8,5.6,153390.27,2423.93,Nigeria_Synthesized_FAO_NASA
Ondo,2024,Rice,1380.98,25.04,21.44,29.48,81.98,17.4,73.1,51.3,42.3,6.19,102.1,6.07,110372.78,2172.81,Nigeria_Synthesized_FAO_NASA
Osun,2024,Rice,1552.21,25.25,21.3,29.96,80.5,16.59,85.6,49.5,40.3,6.5,47.3,5.08,105351.3,2411.34,Nigeria_Synthesized_FAO_NASA
Oyo,2024,Rice,1674.52,25.69,22.07,30.01,84.02,16.62,82.5,51.5,39.1,6.24,91.9,7.66,101967.04,2371.25,Nigeria_Synthesized_FAO_NASA
Plateau,2024,Rice,1740.79,23.31,17.86,30.2,58.55,18.87,80.5,50.0,37.0,6.33,71.2,5.32,150937.13,2399.84,Nigeria_Synthesized_FAO_NASA
Rivers,2024,Rice,1796.83,26.6,23.57,30.6,85.73,15.17,74.1,44.5,38.7,6.29,89.2,7.87,151347.9,2740.35,Nigeria_Synthesized_FAO_NASA
Sokoto,2024,Rice,1403.83,26.96,21.08,33.83,53.46,20.92,85.3,47.8,37.5,6.44,84.4,6.83,134982.34,2505.37,Nigeria_Synthesized_FAO_NASA
Taraba,2024,Rice,1137.38,27.76,22.3,34.06,57.28,19.35,77.7,52.0,39.4,6.59,100.1,3.73,113826.43,1766.29,Nigeria_Synthesized_FAO_NASA
Yobe,2024,Rice,931.33,27.61,21.32,34.81,45.09,21.08,79.5,51.8,37.6,6.15,111.3,7.51,152831.48,1538.64,Nigeria_Synthesized_FAO_NASA
Zamfara,2024,Rice,714.1,26.35,20.36,33.59,49.36,20.63,86.9,50.7,42.6,6.47,70.6,8.07,136894.84,1478.3,Nigeria_Synthesized_FAO_NASA
Abia,2019,Sorghum,2019.69,25.82,22.82,29.42,86.11,16.27,49.5,30.4,24.9,5.92,110.6,4.89,149262.29,1531.72,Nigeria_Synthesized_FAO_NASA
Adamawa,2019,Sorghum,960.01,27.76,22.27,33.74,56.41,20.28,45.0,28.5,26.0,5.95,112.7,3.4,114286.97,979.14,Nigeria_Synthesized_FAO_NASA
Akwa Ibom,2019,Sorghum,2231.91,26.29,23.81,29.49,86.47,16.27,45.1,31.6,26.9,6.27,55.1,3.85,117990.79,1496.91,Nigeria_Synthesized_FAO_NASA
Anambra,2019,Sorghum,2330.26,25.85,22.81,29.34,85.38,17.04,47.5,31.4,24.7,6.07,76.5,2.46,185628.73,1544.01,Nigeria_Synthesized_FAO_NASA
Bauchi,2019,Sorghum,867.4,26.58,20.84,33.37,51.51,20.5,52.3,27.4,27.3,6.01,110.6,7.26,123398.93,923.5,Nigeria_Synthesized_FAO_NASA
Bayelsa,2019,Sorghum,3319.11,26.16,23.71,29.38,87.88,15.0,52.3,29.2,23.4,6.16,53.3,8.38,143929.88,1682.06,Nigeria_Synthesized_FAO_NASA
Benue,2019,Sorghum,1023.91,26.98,22.72,32.08,71.9,18.06,51.3,30.2,25.8,5.96,84.4,3.87,153672.58,985.03,Nigeria_Synthesized_FAO_NASA
Borno,2019,Sorghum,545.89,28.54,22.01,35.97,40.71,21.14,54.7,27.2,23.9,6.01,40.9,3.58,168801.09,882.56,Nigeria_Synthesized_FAO_NASA
Cross River,2019,Sorghum,2231.91,26.29,23.81,29.49,86.47,15.4,50.1,32.3,26.0,6.13,69.8,4.96,122330.06,1616.12,Nigeria_Synthesized_FAO_NASA
Delta,2019,Sorghum,2330.26,25.85,22.81,29.34,85.38,16.34,48.6,32.1,26.3,6.27,69.1,3.36,157592.47,1469.89,Nigeria_Synthesized_FAO_NASA
Ebonyi,2019,Sorghum,1142.89,26.36,22.7,30.77,79.82,17.53,47.2,28.2,23.3,6.37,58.3,5.42,144675.4,1204.52,Nigeria_Synthesized_FAO_NASA
Edo,2019,Sorghum,2626.04,25.64,22.8,29.18,88.29,15.76,53.8,32.2,24.8,5.9,74.1,5.94,152832.32,1527.93,Nigeria_Synthesized_FAO_NASA
Ekiti,2019,Sorghum,2325.44,24.63,21.43,28.64,85.23,16.92,46.5,30.9,23.4,6.36,67.1,6.61,159109.64,1505.01,Nigeria_Synthesized_FAO_NASA
Enugu,2019,Sorghum,1601.35,25.72,22.28,29.72,82.47,17.04,52.1,28.4,26.5,6.28,87.0,4.3,137800.87,1432.05,Nigeria_Synthesized_FAO_NASA
FCT Abuja,2019,Sorghum,1302.2,26.23,21.5,31.88,67.06,18.58,49.7,31.2,24.7,6.02,57.1,2.04,154384.77,1305.44,Nigeria_Synthesized_FAO_NASA
Gombe,2019,Sorghum,1233.79,26.8,21.28,33.1,55.76,20.71,52.9,28.2,27.3,6.2,113.4,6.59,167649.87,1221.86,Nigeria_Synthesized_FAO_NASA
Imo,2019,Sorghum,2559.56,26.01,23.05,29.59,86.4,16.27,47.2,27.1,26.1,6.1,102.9,4.2,109548.33,1613.13,Nigeria_Synthesized_FAO_NASA
Jigawa,2019,Sorghum,485.81,27.58,20.91,35.54,41.33,20.87,46.7,29.0,24.5,6.11,101.1,2.63,113543.98,892.79,Nigeria_Synthesized_FAO_NASA
Kaduna,2019,Sorghum,1623.16,24.48,19.33,30.82,63.85,19.89,45.7,32.7,27.4,5.94,63.3,4.42,175379.75,1448.68,Nigeria_Synthesized_FAO_NASA
Kano,2019,Sorghum,517.4,27.07,20.35,35.28,43.11,21.48,51.4,31.5,23.1,6.41,96.4,5.75,154260.28,900.76,Nigeria_Synthesized_FAO_NASA
Katsina,2019,Sorghum,702.35,26.88,20.7,33.83,42.66,21.26,47.0,29.6,25.0,5.92,116.4,2.84,163395.46,915.03,Nigeria_Synthesized_FAO_NASA
Kebbi,2019,Sorghum,975.0,27.47,21.57,34.45,51.71,21.15,45.3,32.5,26.8,6.22,58.3,2.79,146410.2,1020.46,Nigeria_Synthesized_FAO_NASA
Kogi,2019,Sorghum,1251.26,27.25,22.95,32.23,71.52,17.31,50.1,32.8,25.4,6.44,92.1,5.09,124460.21,1250.06,Nigeria_Synthesized_FAO_NASA
Kwara,2019,Sorghum,1645.89,25.35,21.41,30.21,78.48,18.09,53.7,28.7,23.1,6.42,87.0,7.78,143359.03,1612.48,Nigeria_Synthesized_FAO_NASA
Lagos,2019,Sorghum,1952.69,26.78,25.09,28.91,85.85,16.26,50.0,29.2,25.6,6.38,62.4,5.62,106798.9,1706.49,Nigeria_Synthesized_FAO_NASA
Nasarawa,2019,Sorghum,938.12,27.98,23.38,33.58,62.16,18.38,53.1,30.6,27.2,6.1,48.7,5.29,113870.67,968.31,Nigeria_Synthesized_FAO_NASA
Niger,2019,Sorghum,1226.48,26.93,22.01,32.45,68.58,18.47,45.4,31.5,25.1,6.12,45.3,6.04,186957.32,1176.03,Nigeria_Synthesized_FAO_NASA
Ogun,2019,Sorghum,1932.32,26.05,23.09,29.76,86.83,16.7,54.1,28.8,24.7,6.23,48.0,8.06,126688.01,1580.88,Nigeria_Synthesized_FAO_NASA
Ondo,2019,Sorghum,2325.44,24.63,21.43,28.64,85.23,16.92,48.9,30.6,25.1,6.32,44.4,3.85,109175.11,1461.29,Nigeria_Synthesized_FAO_NASA
Osun,2019,Sorghum,2184.61,24.92,21.46,29.14,83.53,16.53,53.6,27.6,26.7,6.11,89.0,2.99,109097.61,1582.08,Nigeria_Synthesized_FAO_NASA
Oyo,2019,Sorghum,2257.17,25.43,22.21,29.34,86.49,16.7,46.3,28.9,25.1,6.26,103.2,6.27,121004.08,1423.57,Nigeria_Synthesized_FAO_NASA
Plateau,2019,Sorghum,1166.1,23.54,18.25,30.23,58.25,18.6,49.7,29.5,26.7,6.03,40.5,6.23,138144.12,1094.17,Nigeria_Synthesized_FAO_NASA
Rivers,2019,Sorghum,3286.85,26.06,23.24,29.71,87.68,15.01,53.6,27.5,23.0,6.2,88.7,3.79,180007.32,1485.83,Nigeria_Synthesized_FAO_NASA
Sokoto,2019,Sorghum,1088.13,27.34,21.33,34.05,48.97,21.64,48.2,27.2,26.3,6.02,106.8,4.73,154171.81,1146.8,Nigeria_Synthesized_FAO_NASA
Taraba,2019,Sorghum,982.97,27.29,22.23,33.11,61.02,19.1,53.6,29.2,23.5,6.37,74.6,3.25,178504.93,1015.12,Nigeria_Synthesized_FAO_NASA
Yobe,2019,Sorghum,776.03,27.41,21.34,34.46,46.98,21.13,45.3,27.1,25.6,6.3,64.9,4.08,119443.27,909.05,Nigeria_Synthesized_FAO_NASA
Zamfara,2019,Sorghum,738.05,26.25,20.33,33.26,49.44,21.28,45.6,32.6,23.6,6.51,53.7,7.02,161632.15,823.28,Nigeria_Synthesized_FAO_NASA
Abia,2020,Sorghum,2029.78,25.76,22.57,29.63,85.2,16.76,53.7,32.2,24.5,6.33,84.6,7.54,117325.61,1359.42,Nigeria_Synthesized_FAO_NASA
Adamawa,2020,Sorghum,982.6,27.15,21.49,33.42,57.83,20.76,49.9,29.1,27.0,5.99,52.0,5.75,158972.28,898.92,Nigeria_Synthesized_FAO_NASA
Akwa Ibom,2020,Sorghum,2982.8,26.24,23.63,29.59,86.16,16.76,48.9,32.7,23.7,6.3,99.2,4.91,128025.63,1480.02,Nigeria_Synthesized_FAO_NASA
Anambra,2020,Sorghum,2228.5,25.76,22.46,29.53,84.05,17.58,49.6,30.4,26.0,6.26,110.3,4.32,179002.94,1521.94,Nigeria_Synthesized_FAO_NASA
Bauchi,2020,Sorghum,2013.76,24.95,19.31,31.5,59.51,20.92,45.4,27.3,26.9,6.31,92.8,6.0,129833.19,1342.07,Nigeria_Synthesized_FAO_NASA
Bayelsa,2020,Sorghum,3495.17,26.08,23.46,29.46,87.47,15.56,53.7,29.2,27.1,6.32,60.6,5.67,154890.1,1516.81,Nigeria_Synthesized_FAO_NASA
Benue,2020,Sorghum,1209.6,26.41,22.11,31.55,72.34,18.7,50.9,28.9,22.8,6.48,91.3,7.7,122691.21,1131.16,Nigeria_Synthesized_FAO_NASA
Borno,2020,Sorghum,545.45,28.06,21.39,35.6,42.48,21.41,50.1,31.1,27.3,6.05,110.0,8.01,143295.61,791.88,Nigeria_Synthesized_FAO_NASA
Cross River,2020,Sorghum,2982.8,26.24,23.63,29.59,86.16,15.31,49.0,32.7,26.0,5.92,112.5,5.15,197305.52,1483.0,Nigeria_Synthesized_FAO_NASA
Delta,2020,Sorghum,2228.5,25.76,22.46,29.53,84.05,16.94,46.5,29.8,26.7,5.9,61.8,2.02,162996.97,1413.33,Nigeria_Synthesized_FAO_NASA
Ebonyi,2020,Sorghum,1251.59,26.36,22.44,31.15,77.86,18.1,53.0,32.7,25.5,6.05,113.9,7.04,178218.46,1146.82,Nigeria_Synthesized_FAO_NASA
Edo,2020,Sorghum,2111.49,25.46,22.36,29.3,87.0,16.43,54.2,31.3,24.3,6.33,43.2,4.51,175145.43,1425.85,Nigeria_Synthesized_FAO_NASA
Ekiti,2020,Sorghum,1688.06,24.44,20.97,28.85,83.66,17.35,45.2,27.8,25.8,6.39,119.1,4.25,125412.89,1343.42,Nigeria_Synthesized_FAO_NASA
Enugu,2020,Sorghum,1630.95,25.64,21.91,30.0,80.61,17.58,46.7,31.3,26.3,5.95,108.9,7.29,197858.37,1439.58,Nigeria_Synthesized_FAO_NASA
FCT Abuja,2020,Sorghum,1389.91,25.33,20.59,31.05,70.06,19.24,45.5,29.0,25.0,6.22,61.4,7.93,118288.43,1156.96,Nigeria_Synthesized_FAO_NASA
Gombe,2020,Sorghum,1610.11,25.46,19.91,31.96,61.65,21.05,48.0,30.2,24.5,6.06,50.5,7.32,114006.04,1379.37,Nigeria_Synthesized_FAO_NASA
Imo,2020,Sorghum,2537.08,25.96,22.78,29.79,85.46,16.76,48.8,30.7,26.1,6.13,112.4,5.64,140714.8,1544.84,Nigeria_Synthesized_FAO_NASA
Jigawa,2020,Sorghum,1348.11,26.04,19.53,33.9,50.64,21.0,54.5,31.8,22.7,6.1,77.6,4.04,170540.16,1230.05,Nigeria_Synthesized_FAO_NASA
Kaduna,2020,Sorghum,3398.52,23.14,18.43,29.08,70.9,20.28,52.3,32.9,23.9,6.43,101.3,4.35,187430.77,1348.09,Nigeria_Synthesized_FAO_NASA
Kano,2020,Sorghum,1291.71,25.59,19.15,33.6,52.35,21.5,52.9,30.2,24.0,6.3,91.3,3.36,119510.25,1215.39,Nigeria_Synthesized_FAO_NASA
Katsina,2020,Sorghum,1539.75,25.3,19.52,31.74,53.57,21.05,50.7,32.3,27.1,6.22,100.3,4.86,150503.31,1279.81,Nigeria_Synthesized_FAO_NASA
Kebbi,2020,Sorghum,1131.67,26.83,21.14,33.82,56.95,20.69,48.7,30.8,22.6,6.34,106.8,4.59,128983.25,1108.21,Nigeria_Synthesized_FAO_NASA
Kogi,2020,Sorghum,1391.1,26.62,22.18,31.74,72.68,17.84,52.8,28.7,24.1,6.31,85.1,3.05,189783.18,1291.51,Nigeria_Synthesized_FAO_NASA
Kwara,2020,Sorghum,1204.71,25.26,20.98,30.59,76.31,18.29,51.9,32.9,26.3,6.47,57.3,7.01,194363.4,1048.42,Nigeria_Synthesized_FAO_NASA
Lagos,2020,Sorghum,1510.91,26.41,24.55,28.78,85.34,16.91,49.7,29.1,26.8,6.42,41.8,5.96,172805.51,1297.61,Nigeria_Synthesized_FAO_NASA
Nasarawa,2020,Sorghum,1078.68,27.24,22.6,32.97,63.62,19.25,53.3,28.9,27.2,6.0,93.0,6.37,148814.07,992.71,Nigeria_Synthesized_FAO_NASA
Niger,2020,Sorghum,1309.13,26.28,21.2,32.07,70.38,18.94,53.3,31.6,24.1,6.22,44.9,3.36,140264.17,1164.87,Nigeria_Synthesized_FAO_NASA
Ogun,2020,Sorghum,1525.8,25.74,22.52,29.83,85.71,16.87,53.4,31.3,27.2,6.32,115.2,5.6,117807.78,1387.16,Nigeria_Synthesized_FAO_NASA
Ondo,2020,Sorghum,1688.06,24.44,20.97,28.85,83.66,17.35,51.4,27.2,26.1,6.45,103.6,5.79,201603.91,1385.73,Nigeria_Synthesized_FAO_NASA
Osun,2020,Sorghum,1523.34,24.79,21.01,29.45,81.59,16.86,45.9,31.0,23.9,6.29,88.6,3.0,202847.29,1383.88,Nigeria_Synthesized_FAO_NASA
Oyo,2020,Sorghum,1568.36,25.24,21.73,29.6,84.71,16.87,46.3,28.6,26.7,6.09,79.0,8.12,168184.91,1333.66,Nigeria_Synthesized_FAO_NASA
Plateau,2020,Sorghum,3385.52,22.35,17.41,28.56,63.84,19.39,51.1,31.5,27.0,6.46,102.1,3.48,146365.54,1215.74,Nigeria_Synthesized_FAO_NASA
Rivers,2020,Sorghum,3361.46,26.04,23.03,29.87,87.03,15.21,46.4,31.3,25.8,5.92,106.9,3.62,145815.17,1325.69,Nigeria_Synthesized_FAO_NASA
Sokoto,2020,Sorghum,1145.58,26.35,20.64,33.04,56.06,21.49,49.3,29.6,22.8,6.14,101.2,7.95,172539.71,1052.17,Nigeria_Synthesized_FAO_NASA
Taraba,2020,Sorghum,1075.73,26.37,21.19,32.39,64.01,19.69,52.0,32.7,23.8,6.16,103.7,5.96,149559.38,985.63,Nigeria_Synthesized_FAO_NASA
Yobe,2020,Sorghum,792.26,26.9,20.63,34.19,48.36,21.55,46.9,30.1,25.1,6.43,77.0,3.82,168758.9,743.68,Nigeria_Synthesized_FAO_NASA
Zamfara,2020,Sorghum,1146.34,25.26,19.6,32.14,55.83,20.88,46.7,29.6,23.4,6.37,77.9,4.28,191943.42,984.63,Nigeria_Synthesized_FAO_NASA
Abia,2021,Sorghum,1877.25,25.78,22.8,29.53,86.39,16.48,50.5,31.3,27.0,6.45,66.3,8.19,194169.41,1388.68,Nigeria_Synthesized_FAO_NASA
Adamawa,2021,Sorghum,945.3,27.6,21.95,33.88,56.24,20.8,54.0,28.6,23.9,6.08,89.0,4.85,148449.04,810.54,Nigeria_Synthesized_FAO_NASA
Akwa Ibom,2021,Sorghum,2456.61,26.21,23.74,29.42,87.15,16.48,51.7,28.2,27.2,6.05,52.0,2.58,198275.82,1491.47,Nigeria_Synthesized_FAO_NASA
Anambra,2021,Sorghum,2208.72,25.78,22.8,29.34,86.04,17.38,46.4,28.8,23.9,6.26,105.3,6.95,123147.52,1434.65,Nigeria_Synthesized_FAO_NASA
Bauchi,2021,Sorghum,3305.27,25.04,19.49,31.42,60.49,21.27,54.7,27.0,26.9,6.01,115.8,4.22,135799.38,1334.79,Nigeria_Synthesized_FAO_NASA
Bayelsa,2021,Sorghum,3490.5,26.11,23.68,29.29,88.5,15.38,50.9,28.9,25.3,6.34,43.4,2.07,180214.78,1421.15,Nigeria_Synthesized_FAO_NASA
Benue,2021,Sorghum,1524.55,26.51,22.31,31.46,73.01,18.37,51.6,28.3,24.7,6.01,83.9,2.75,124885.83,1410.0,Nigeria_Synthesized_FAO_NASA
Borno,2021,Sorghum,444.23,28.5,21.62,36.32,39.39,21.77,54.5,27.9,26.0,5.93,48.7,5.31,117123.89,700.24,Nigeria_Synthesized_FAO_NASA
Cross River,2021,Sorghum,2456.61,26.21,23.74,29.42,87.15,15.69,54.4,31.7,25.5,6.17,68.5,8.16,203726.12,1431.17,Nigeria_Synthesized_FAO_NASA
Delta,2021,Sorghum,2208.72,25.78,22.8,29.34,86.04,16.78,47.3,27.3,27.2,6.08,75.4,2.75,167899.53,1443.63,Nigeria_Synthesized_FAO_NASA
Ebonyi,2021,Sorghum,780.95,26.73,22.83,31.71,77.1,17.93,53.3,27.8,26.9,6.34,53.2,5.68,114863.76,829.82,Nigeria_Synthesized_FAO_NASA
Edo,2021,Sorghum,2357.05,25.6,22.85,29.07,89.16,16.34,53.6,29.4,24.5,6.0,70.6,7.67,129348.1,1369.95,Nigeria_Synthesized_FAO_NASA
Ekiti,2021,Sorghum,2803.84,24.66,21.47,28.82,85.48,17.19,54.5,27.9,23.4,6.42,71.4,2.03,203728.36,1340.69,Nigeria_Synthesized_FAO_NASA
Enugu,2021,Sorghum,1288.82,25.72,22.24,30.06,82.26,17.38,53.0,27.8,23.1,6.46,100.1,5.83,169684.23,1128.79,Nigeria_Synthesized_FAO_NASA
FCT Abuja,2021,Sorghum,1369.92,25.61,20.82,31.36,68.57,19.4,52.6,29.2,23.7,6.34,73.6,8.38,153452.04,1294.02,Nigeria_Synthesized_FAO_NASA
Gombe,2021,Sorghum,2221.85,25.9,20.36,32.35,60.63,21.29,54.3,28.5,26.5,6.16,113.4,4.93,200854.97,1391.22,Nigeria_Synthesized_FAO_NASA
Imo,2021,Sorghum,2610.4,25.97,23.05,29.59,86.97,16.48,47.3,28.2,24.6,6.36,88.4,6.48,157117.63,1484.49,Nigeria_Synthesized_FAO_NASA
Jigawa,2021,Sorghum,1693.73,25.93,19.29,33.69,51.02,21.81,45.4,31.9,27.4,6.14,40.9,3.1,158509.11,1377.18,Nigeria_Synthesized_FAO_NASA
Kaduna,2021,Sorghum,6360.7,23.35,18.52,29.42,70.17,20.72,52.9,28.5,26.3,6.32,65.8,5.55,171074.02,1344.81,Nigeria_Synthesized_FAO_NASA
Kano,2021,Sorghum,1845.71,25.31,18.75,33.21,53.87,22.26,53.8,29.5,26.7,6.26,55.4,5.78,155732.4,1320.48,Nigeria_Synthesized_FAO_NASA
Katsina,2021,Sorghum,1784.49,25.63,19.61,32.47,49.51,21.82,46.2,29.5,22.9,5.95,73.3,3.98,150546.25,1414.96,Nigeria_Synthesized_FAO_NASA
Kebbi,2021,Sorghum,925.26,27.38,21.34,34.71,52.95,21.44,52.6,30.2,26.0,6.05,115.4,5.45,148340.38,923.26,Nigeria_Synthesized_FAO_NASA
Kogi,2021,Sorghum,2024.23,26.62,22.46,31.48,74.62,17.63,46.0,31.0,22.5,6.18,55.4,6.08,147315.13,1534.65,Nigeria_Synthesized_FAO_NASA
Kwara,2021,Sorghum,1764.69,25.68,21.46,30.92,74.97,18.45,53.2,30.0,25.0,6.47,111.2,7.11,156870.98,1524.43,Nigeria_Synthesized_FAO_NASA
Lagos,2021,Sorghum,1713.6,26.77,25.1,28.92,85.31,16.64,47.2,29.7,24.9,6.41,111.7,4.7,164623.36,1416.3,Nigeria_Synthesized_FAO_NASA
Nasarawa,2021,Sorghum,1517.79,27.2,22.63,32.72,64.83,19.03,46.7,30.7,22.6,6.14,118.9,2.65,195088.83,1315.69,Nigeria_Synthesized_FAO_NASA
Niger,2021,Sorghum,1567.28,26.65,21.5,32.49,68.64,19.19,54.1,32.2,23.7,5.94,90.2,4.19,141746.9,1440.91,Nigeria_Synthesized_FAO_NASA
Ogun,2021,Sorghum,1752.89,26.03,23.06,29.86,86.44,17.14,46.3,31.1,23.6,6.42,44.7,3.4,115295.39,1470.71,Nigeria_Synthesized_FAO_NASA
Ondo,2021,Sorghum,2803.84,24.66,21.47,28.82,85.48,17.19,52.0,28.1,25.5,6.34,65.2,7.39,153858.07,1480.05,Nigeria_Synthesized_FAO_NASA
Osun,2021,Sorghum,2545.61,25.1,21.46,29.67,82.03,16.81,50.6,30.5,23.3,6.14,67.5,4.61,149630.81,1413.17,Nigeria_Synthesized_FAO_NASA
Oyo,2021,Sorghum,2405.57,25.45,22.18,29.58,85.99,17.14,54.4,28.8,24.6,6.38,83.7,5.56,158615.2,1464.37,Nigeria_Synthesized_FAO_NASA
Plateau,2021,Sorghum,6143.64,22.42,17.47,28.63,64.07,19.45,47.7,33.0,24.0,6.44,94.1,4.22,150542.24,1180.77,Nigeria_Synthesized_FAO_NASA
Rivers,2021,Sorghum,3286.06,26.06,23.27,29.7,88.29,15.22,53.8,28.0,24.2,6.1,43.4,5.89,193046.23,1442.61,Nigeria_Synthesized_FAO_NASA
Sokoto,2021,Sorghum,1248.4,26.82,20.76,33.8,52.26,22.27,52.4,30.8,24.4,5.98,96.7,7.55,148904.8,1239.98,Nigeria_Synthesized_FAO_NASA
Taraba,2021,Sorghum,995.65,26.9,21.62,32.99,61.7,19.68,47.2,27.4,25.4,6.36,48.8,7.45,113925.71,965.96,Nigeria_Synthesized_FAO_NASA
Yobe,2021,Sorghum,1602.2,26.8,20.56,34.02,49.32,22.04,54.7,27.5,27.0,5.97,71.4,7.53,178565.2,1478.37,Nigeria_Synthesized_FAO_NASA
Zamfara,2021,Sorghum,1543.33,25.19,19.44,32.19,55.73,21.79,50.9,31.2,26.7,5.97,104.8,5.13,160907.4,1468.91,Nigeria_Synthesized_FAO_NASA
Abia,2022,Sorghum,1579.69,25.57,22.28,29.59,84.63,16.48,50.1,32.7,25.2,6.48,54.4,6.71,147019.92,1474.0,Nigeria_Synthesized_FAO_NASA
Adamawa,2022,Sorghum,1250.17,26.34,20.98,32.39,61.0,20.39,51.1,30.4,26.8,6.4,49.8,7.52,170611.37,1280.31,Nigeria_Synthesized_FAO_NASA
Akwa Ibom,2022,Sorghum,3367.59,26.03,23.38,29.41,86.43,16.48,53.7,29.6,26.5,6.05,40.3,5.22,131287.65,1486.44,Nigeria_Synthesized_FAO_NASA
Anambra,2022,Sorghum,1520.42,25.52,22.18,29.44,83.61,17.09,47.8,29.7,22.9,6.07,102.5,2.99,177566.64,1353.29,Nigeria_Synthesized_FAO_NASA
Bauchi,2022,Sorghum,2192.25,23.61,18.14,29.92,65.09,20.54,51.8,31.9,23.0,6.05,111.6,6.65,192637.74,1427.29,Nigeria_Synthesized_FAO_NASA
Bayelsa,2022,Sorghum,2262.15,25.86,23.18,29.29,87.25,15.34,49.1,27.3,26.4,6.31,77.8,7.85,169191.41,1532.72,Nigeria_Synthesized_FAO_NASA
Benue,2022,Sorghum,1847.07,25.08,21.17,29.65,77.48,18.09,53.7,31.8,25.1,5.97,57.2,6.27,135042.71,1424.57,Nigeria_Synthesized_FAO_NASA
Borno,2022,Sorghum,476.63,27.77,21.18,35.35,41.4,21.11,54.5,31.8,24.4,6.38,68.1,3.09,185155.09,801.54,Nigeria_Synthesized_FAO_NASA
Cross River,2022,Sorghum,3367.59,26.03,23.38,29.41,86.43,15.25,54.0,28.4,23.5,6.49,42.0,7.11,143490.57,1394.64,Nigeria_Synthesized_FAO_NASA
Delta,2022,Sorghum,1520.42,25.52,22.18,29.44,83.61,16.56,54.2,27.8,25.3,6.06,45.2,2.32,111302.94,1404.45,Nigeria_Synthesized_FAO_NASA
Ebonyi,2022,Sorghum,1089.98,26.56,22.33,31.89,73.62,17.56,52.6,29.9,24.2,6.15,114.3,7.92,114434.46,1004.47,Nigeria_Synthesized_FAO_NASA
Edo,2022,Sorghum,1751.31,25.24,22.22,29.04,87.11,16.2,48.2,29.3,25.6,6.28,78.5,4.6,189611.18,1521.11,Nigeria_Synthesized_FAO_NASA
Ekiti,2022,Sorghum,2113.63,24.07,20.77,28.17,85.26,17.06,49.3,31.4,23.8,5.95,68.2,4.62,183736.29,1526.02,Nigeria_Synthesized_FAO_NASA
Enugu,2022,Sorghum,1234.16,25.55,21.69,30.33,78.39,17.09,48.6,30.5,22.9,6.0,111.2,5.96,183151.04,1083.8,Nigeria_Synthesized_FAO_NASA
FCT Abuja,2022,Sorghum,1760.93,24.61,19.96,30.21,72.48,18.75,48.7,28.8,26.8,6.51,90.4,7.17,200154.73,1544.85,Nigeria_Synthesized_FAO_NASA
Gombe,2022,Sorghum,2531.68,24.85,19.37,31.35,62.57,20.6,50.7,32.0,25.9,5.9,66.9,2.94,140682.75,1517.67,Nigeria_Synthesized_FAO_NASA
Imo,2022,Sorghum,1729.51,25.75,22.53,29.66,85.07,16.48,45.4,28.3,24.0,6.27,82.7,3.42,191534.43,1430.28,Nigeria_Synthesized_FAO_NASA
Jigawa,2022,Sorghum,764.89,25.49,18.93,33.6,50.77,20.59,50.0,28.6,27.2,6.18,44.7,6.74,129725.66,755.14,Nigeria_Synthesized_FAO_NASA
Kaduna,2022,Sorghum,4954.11,22.45,17.78,28.41,73.02,19.63,47.8,30.4,26.4,6.47,60.9,4.18,168241.41,1303.73,Nigeria_Synthesized_FAO_NASA
Kano,2022,Sorghum,781.04,24.6,18.13,32.79,55.71,20.9,54.0,27.5,23.2,6.2,48.5,4.25,193538.86,771.25,Nigeria_Synthesized_FAO_NASA
Katsina,2022,Sorghum,1325.45,24.72,18.93,31.41,53.18,20.62,54.5,33.0,24.4,6.26,108.5,2.76,166628.59,1159.59,Nigeria_Synthesized_FAO_NASA
Kebbi,2022,Sorghum,980.15,26.68,20.86,33.83,54.97,20.66,47.1,29.4,22.9,6.32,60.2,4.02,145628.25,995.27,Nigeria_Synthesized_FAO_NASA
Kogi,2022,Sorghum,1437.67,25.42,21.41,29.88,78.17,17.55,49.9,30.4,25.3,6.14,55.4,6.84,187760.38,1280.17,Nigeria_Synthesized_FAO_NASA
Kwara,2022,Sorghum,1540.4,24.76,20.61,29.83,78.16,18.05,52.1,28.3,24.0,6.18,75.9,6.61,117439.14,1344.5,Nigeria_Synthesized_FAO_NASA
Lagos,2022,Sorghum,1637.38,26.36,24.55,28.59,85.07,16.58,52.1,28.8,24.1,6.16,64.6,8.4,167400.94,1552.59,Nigeria_Synthesized_FAO_NASA
Nasarawa,2022,Sorghum,1908.77,25.78,21.49,31.12,70.43,18.69,45.1,27.3,23.7,5.96,82.7,7.58,123057.27,1570.66,Nigeria_Synthesized_FAO_NASA
Niger,2022,Sorghum,1218.58,25.95,20.84,31.8,71.14,18.49,49.0,30.0,26.6,6.41,112.8,5.31,127767.11,1218.88,Nigeria_Synthesized_FAO_NASA
Ogun,2022,Sorghum,1698.93,25.61,22.45,29.56,86.01,16.65,50.7,28.5,24.7,6.28,60.6,2.34,118171.82,1533.84,Nigeria_Synthesized_FAO_NASA
Ondo,2022,Sorghum,2113.63,24.07,20.77,28.17,85.26,17.06,45.1,27.7,23.7,6.03,118.9,3.99,109886.1,1304.93,Nigeria_Synthesized_FAO_NASA
Osun,2022,Sorghum,2171.52,24.37,20.75,28.76,83.32,16.56,53.6,31.1,24.0,6.24,97.2,6.73,158265.51,1344.61,Nigeria_Synthesized_FAO_NASA
Oyo,2022,Sorghum,2188.72,25.01,21.57,29.19,85.48,16.65,53.7,30.5,24.6,6.29,105.5,2.04,188328.96,1498.55,Nigeria_Synthesized_FAO_NASA
Plateau,2022,Sorghum,4912.41,21.6,16.62,27.93,66.17,18.96,49.7,32.2,23.6,6.19,50.6,4.57,124743.15,1403.26,Nigeria_Synthesized_FAO_NASA
Rivers,2022,Sorghum,2252.03,25.81,22.77,29.66,87.1,15.13,48.7,33.0,27.5,5.96,98.1,2.34,141448.84,1419.58,Nigeria_Synthesized_FAO_NASA
Sokoto,2022,Sorghum,1156.6,26.01,20.22,32.86,54.85,21.23,54.7,32.6,23.5,5.99,59.2,5.35,117574.11,1032.79,Nigeria_Synthesized_FAO_NASA
Taraba,2022,Sorghum,1228.08,25.86,20.77,31.75,65.52,19.13,52.6,28.9,27.1,6.3,74.9,7.13,128320.26,1193.41,Nigeria_Synthesized_FAO_NASA
Yobe,2022,Sorghum,893.85,26.19,20.1,33.36,49.44,21.16,48.4,32.6,23.3,5.92,76.3,7.21,134687.76,911.99,Nigeria_Synthesized_FAO_NASA
Zamfara,2022,Sorghum,1059.55,24.33,18.79,31.18,58.41,20.65,50.3,27.6,25.4,6.37,47.5,3.12,192832.29,1012.05,Nigeria_Synthesized_FAO_NASA
Abia,2023,Sorghum,1475.58,26.0,22.97,29.78,85.98,16.51,53.9,31.0,27.4,5.93,112.2,7.29,162710.59,1235.17,Nigeria_Synthesized_FAO_NASA
Adamawa,2023,Sorghum,519.27,29.06,23.09,35.71,48.82,20.47,47.9,32.3,26.9,6.36,85.1,2.78,197823.27,715.73,Nigeria_Synthesized_FAO_NASA
Akwa Ibom,2023,Sorghum,2436.57,26.42,24.01,29.57,87.24,16.51,52.9,31.5,27.1,5.9,104.7,8.1,140817.38,1442.09,Nigeria_Synthesized_FAO_NASA
Anambra,2023,Sorghum,1615.95,26.03,22.88,29.77,84.86,17.37,45.8,27.1,25.6,6.28,119.0,4.59,119872.03,1483.29,Nigeria_Synthesized_FAO_NASA
Bauchi,2023,Sorghum,697.86,26.4,20.3,33.58,51.79,20.63,53.3,32.6,26.5,6.15,90.8,7.57,165554.95,751.32,Nigeria_Synthesized_FAO_NASA
Bayelsa,2023,Sorghum,1814.82,26.3,23.77,29.56,87.72,15.29,46.7,27.0,26.1,5.96,59.5,3.94,127866.71,1427.35,Nigeria_Synthesized_FAO_NASA
Benue,2023,Sorghum,944.03,26.63,22.48,31.5,74.24,18.47,51.7,27.3,23.1,6.2,67.0,3.92,144622.0,882.25,Nigeria_Synthesized_FAO_NASA
Borno,2023,Sorghum,343.14,29.63,22.82,37.31,35.78,20.81,51.9,27.7,22.8,6.49,94.5,4.71,190631.34,674.04,Nigeria_Synthesized_FAO_NASA
Cross River,2023,Sorghum,2436.57,26.42,24.01,29.57,87.24,15.23,52.8,29.9,24.6,5.9,114.1,5.92,177747.42,1481.06,Nigeria_Synthesized_FAO_NASA
Delta,2023,Sorghum,1615.95,26.03,22.88,29.77,84.86,16.79,54.1,32.9,26.9,6.51,59.6,7.47,192839.02,1350.34,Nigeria_Synthesized_FAO_NASA
Ebonyi,2023,Sorghum,798.23,27.26,23.22,32.34,75.35,17.86,46.0,32.9,24.0,6.43,40.3,2.14,129184.22,820.43,Nigeria_Synthesized_FAO_NASA
Edo,2023,Sorghum,1676.66,25.77,22.82,29.43,87.56,16.33,51.9,30.4,22.9,5.99,71.0,3.21,129902.82,1398.6,Nigeria_Synthesized_FAO_NASA
Ekiti,2023,Sorghum,2169.85,24.73,21.45,28.77,85.2,17.29,45.9,29.9,23.0,5.97,59.2,7.59,146296.22,1424.34,Nigeria_Synthesized_FAO_NASA
Enugu,2023,Sorghum,1108.57,26.27,22.56,30.82,79.47,17.37,48.3,28.6,25.2,6.34,119.5,2.86,184210.85,1083.85,Nigeria_Synthesized_FAO_NASA
FCT Abuja,2023,Sorghum,1030.73,25.93,21.23,31.83,70.09,19.26,53.3,32.1,25.9,6.48,80.9,7.94,172018.84,866.46,Nigeria_Synthesized_FAO_NASA
Gombe,2023,Sorghum,862.01,27.1,21.19,33.91,53.37,20.53,48.1,28.2,25.2,6.17,110.2,2.65,186142.66,864.63,Nigeria_Synthesized_FAO_NASA
Imo,2023,Sorghum,1777.67,26.17,23.15,29.88,86.12,16.51,45.9,28.9,24.4,6.28,52.7,7.59,177328.44,1368.61,Nigeria_Synthesized_FAO_NASA
Jigawa,2023,Sorghum,423.99,28.08,21.04,36.39,38.64,20.91,49.7,28.7,23.2,5.89,82.6,2.7,192600.39,754.38,Nigeria_Synthesized_FAO_NASA
Kaduna,2023,Sorghum,2465.41,24.0,18.96,30.15,67.86,20.1,47.8,28.1,26.4,6.48,48.0,3.01,162305.66,1305.73,Nigeria_Synthesized_FAO_NASA
Kano,2023,Sorghum,404.08,27.34,20.3,35.93,42.1,21.23,54.8,27.0,26.9,6.08,115.1,4.06,111330.33,835.5,Nigeria_Synthesized_FAO_NASA
Katsina,2023,Sorghum,982.9,26.58,20.38,33.43,45.93,20.87,47.4,31.6,25.1,6.47,74.3,7.65,115235.44,930.83,Nigeria_Synthesized_FAO_NASA
Kebbi,2023,Sorghum,730.22,28.19,22.1,35.52,49.11,21.05,54.6,29.0,26.9,6.42,56.9,6.06,198352.14,751.98,Nigeria_Synthesized_FAO_NASA
Kogi,2023,Sorghum,1484.52,26.48,22.44,31.06,77.19,17.79,46.7,27.4,24.5,6.25,108.4,8.33,185177.04,1274.31,Nigeria_Synthesized_FAO_NASA
Kwara,2023,Sorghum,1579.72,25.6,21.52,30.56,78.01,18.12,52.5,30.4,24.7,6.08,80.2,4.2,113425.09,1385.29,Nigeria_Synthesized_FAO_NASA
Lagos,2023,Sorghum,1725.77,26.85,25.11,28.99,85.4,16.75,53.8,30.3,23.7,6.42,84.6,3.34,158111.26,1513.36,Nigeria_Synthesized_FAO_NASA
Nasarawa,2023,Sorghum,792.72,27.73,23.06,33.55,63.92,18.98,53.4,29.7,26.1,5.95,71.7,8.39,140902.47,784.22,Nigeria_Synthesized_FAO_NASA
Niger,2023,Sorghum,980.38,27.13,22.06,32.82,68.69,18.85,47.8,29.0,25.8,6.36,100.0,5.31,122621.56,959.17,Nigeria_Synthesized_FAO_NASA
Ogun,2023,Sorghum,1751.53,26.09,23.04,29.88,86.48,16.84,46.2,30.4,27.3,6.38,86.3,6.2,148238.03,1490.93,Nigeria_Synthesized_FAO_NASA
Ondo,2023,Sorghum,2169.85,24.73,21.45,28.77,85.2,17.29,48.3,32.9,26.8,6.09,77.1,4.7,147430.6,1454.46,Nigeria_Synthesized_FAO_NASA
Osun,2023,Sorghum,2201.65,25.06,21.5,29.39,83.52,16.78,49.0,32.3,23.4,6.23,41.9,6.97,196371.41,1297.97,Nigeria_Synthesized_FAO_NASA
Oyo,2023,Sorghum,2213.93,25.55,22.23,29.59,86.03,16.84,45.5,28.3,22.9,6.07,90.2,5.68,165662.6,1414.72,Nigeria_Synthesized_FAO_NASA
Plateau,2023,Sorghum,2848.18,23.43,18.07,30.06,59.1,19.25,47.7,28.5,23.2,6.42,89.3,3.21,158606.47,1327.17,Nigeria_Synthesized_FAO_NASA
Rivers,2023,Sorghum,1891.07,26.21,23.36,29.86,87.72,14.97,52.4,31.0,24.5,6.05,118.4,7.18,188534.64,1351.93,Nigeria_Synthesized_FAO_NASA
Sokoto,2023,Sorghum,789.78,27.79,21.68,34.73,47.25,21.37,52.6,28.8,24.6,6.01,48.9,6.7,186180.31,743.26,Nigeria_Synthesized_FAO_NASA
Taraba,2023,Sorghum,410.16,28.57,22.82,35.08,53.6,19.38,55.0,27.5,24.9,6.39,103.1,6.94,183637.92,721.34,Nigeria_Synthesized_FAO_NASA
Yobe,2023,Sorghum,406.07,28.53,21.87,36.21,40.3,21.27,50.9,32.8,24.1,6.46,61.5,8.43,149788.6,732.03,Nigeria_Synthesized_FAO_NASA
Zamfara,2023,Sorghum,540.96,26.93,20.75,34.3,46.38,21.09,51.1,28.6,23.9,5.96,49.1,4.26,150681.33,805.96,Nigeria_Synthesized_FAO_NASA
Abia,2024,Sorghum,1371.1,26.26,22.98,30.44,83.64,16.73,46.0,32.1,25.5,6.49,93.6,3.14,175545.26,1240.58,Nigeria_Synthesized_FAO_NASA
Adamawa,2024,Sorghum,935.61,28.37,22.56,34.94,52.06,20.19,45.3,27.1,23.1,6.05,74.4,5.17,179554.09,793.33,Nigeria_Synthesized_FAO_NASA
Akwa Ibom,2024,Sorghum,1887.73,26.7,24.02,30.21,85.14,16.73,51.0,28.8,22.6,5.94,71.3,3.0,182016.57,1293.31,Nigeria_Synthesized_FAO_NASA
Anambra,2024,Sorghum,1360.79,26.34,22.94,30.45,82.05,17.55,50.5,28.4,24.2,6.27,108.9,6.9,177544.55,1161.11,Nigeria_Synthesized_FAO_NASA
Bauchi,2024,Sorghum,1109.06,26.3,20.35,33.25,52.28,20.55,48.7,32.3,22.7,6.5,93.2,6.43,151243.04,972.4,Nigeria_Synthesized_FAO_NASA
Bayelsa,2024,Sorghum,1913.76,26.75,24.06,30.28,85.78,15.55,49.8,27.6,23.9,6.44,84.0,4.69,175303.71,1273.26,Nigeria_Synthesized_FAO_NASA
Benue,2024,Sorghum,1021.39,27.15,22.6,32.57,67.47,18.62,52.0,30.7,25.1,6.16,87.5,3.52,186045.53,841.18,Nigeria_Synthesized_FAO_NASA
Borno,2024,Sorghum,583.5,28.57,22.0,36.05,40.59,20.7,48.1,29.7,26.5,5.99,63.4,6.42,173648.32,760.97,Nigeria_Synthesized_FAO_NASA
Cross River,2024,Sorghum,1887.73,26.7,24.02,30.21,85.14,15.26,46.3,31.6,22.8,5.9,111.9,5.78,193798.82,1332.28,Nigeria_Synthesized_FAO_NASA
Delta,2024,Sorghum,1360.79,26.34,22.94,30.45,82.05,16.99,51.2,30.1,27.5,6.5,90.8,4.88,138413.42,1156.37,Nigeria_Synthesized_FAO_NASA
Ebonyi,2024,Sorghum,905.76,27.86,23.42,33.37,68.7,18.04,46.0,29.0,22.9,5.94,55.7,5.15,182915.5,782.45,Nigeria_Synthesized_FAO_NASA
Edo,2024,Sorghum,1389.25,26.08,22.92,30.06,85.46,16.41,48.4,27.5,25.3,6.06,89.2,8.35,163430.13,1254.26,Nigeria_Synthesized_FAO_NASA
Ekiti,2024,Sorghum,1380.98,25.04,21.44,29.48,81.98,17.4,49.7,32.8,26.4,6.45,66.7,8.45,136388.62,1082.42,Nigeria_Synthesized_FAO_NASA
Enugu,2024,Sorghum,980.36,26.81,22.68,31.9,73.62,17.55,53.6,32.6,23.0,5.96,42.7,2.68,120645.43,810.59,Nigeria_Synthesized_FAO_NASA
FCT Abuja,2024,Sorghum,1182.97,26.46,21.44,32.59,64.55,18.82,51.7,31.7,26.4,6.22,103.8,5.87,211364.34,985.41,Nigeria_Synthesized_FAO_NASA
Gombe,2024,Sorghum,1511.27,26.9,21.14,33.62,54.02,20.46,50.3,31.9,27.4,6.14,101.1,2.65,170909.81,1298.28,Nigeria_Synthesized_FAO_NASA
Imo,2024,Sorghum,1626.91,26.48,23.28,30.5,84.2,16.73,45.4,29.2,25.6,5.96,113.9,2.5,152145.56,1424.07,Nigeria_Synthesized_FAO_NASA
Jigawa,2024,Sorghum,1025.51,26.63,20.09,34.46,47.2,20.69,48.3,29.3,26.2,6.26,93.7,4.53,185354.68,962.5,Nigeria_Synthesized_FAO_NASA
Kaduna,2024,Sorghum,1925.09,24.21,19.05,30.7,65.0,19.62,47.1,29.5,24.0,6.36,101.1,3.9,213322.03,1266.86,Nigeria_Synthesized_FAO_NASA
Kano,2024,Sorghum,1009.62,26.18,19.59,34.33,48.56,20.93,49.3,29.5,27.4,6.18,60.5,7.79,116536.31,815.92,Nigeria_Synthesized_FAO_NASA
Katsina,2024,Sorghum,1294.93,25.85,19.99,32.56,50.33,20.6,46.0,29.3,27.2,6.26,67.6,6.07,174675.21,1108.64,Nigeria_Synthesized_FAO_NASA
Kebbi,2024,Sorghum,2228.6,27.02,21.27,34.01,56.38,20.48,50.1,32.8,23.4,6.34,89.2,6.42,142508.26,1475.36,Nigeria_Synthesized_FAO_NASA
Kogi,2024,Sorghum,918.5,27.23,22.62,32.55,69.54,17.95,51.8,28.3,24.6,6.01,40.7,8.31,146454.01,790.72,Nigeria_Synthesized_FAO_NASA
Kwara,2024,Sorghum,1259.82,25.8,21.29,31.26,74.74,18.15,46.4,30.5,23.5,6.38,102.7,2.73,211292.42,1066.66,Nigeria_Synthesized_FAO_NASA
Lagos,2024,Sorghum,1382.65,27.05,25.19,29.33,84.49,16.86,51.1,32.9,26.9,6.48,67.4,2.69,134657.96,1306.78,Nigeria_Synthesized_FAO_NASA
Nasarawa,2024,Sorghum,1082.75,28.0,23.22,33.88,60.44,18.97,52.9,27.9,25.8,6.09,67.3,6.3,164913.82,886.13,Nigeria_Synthesized_FAO_NASA
Niger,2024,Sorghum,926.85,27.69,22.24,33.83,63.71,18.72,46.6,31.7,22.8,6.01,92.5,7.56,195730.86,801.75,Nigeria_Synthesized_FAO_NASA
Ogun,2024,Sorghum,1383.59,26.28,23.01,30.33,84.74,16.62,50.4,28.3,26.6,6.37,51.6,5.01,147770.85,1154.52,Nigeria_Synthesized_FAO_NASA
Ondo,2024,Sorghum,1380.98,25.04,21.44,29.48,81.98,17.4,51.3,27.3,25.5,5.98,106.4,4.31,148773.68,1204.96,Nigeria_Synthesized_FAO_NASA
Osun,2024,Sorghum,1552.21,25.25,21.3,29.96,80.5,16.59,45.5,29.4,24.4,6.07,112.9,6.88,198585.23,1260.35,Nigeria_Synthesized_FAO_NASA
Oyo,2024,Sorghum,1674.52,25.69,22.07,30.01,84.02,16.62,50.3,32.4,24.1,6.25,80.1,5.18,186101.52,1237.98,Nigeria_Synthesized_FAO_NASA
Plateau,2024,Sorghum,1740.79,23.31,17.86,30.2,58.55,18.87,52.6,29.7,27.3,6.05,94.6,8.11,135746.05,1223.28,Nigeria_Synthesized_FAO_NASA
Rivers,2024,Sorghum,1796.83,26.6,23.57,30.6,85.73,15.17,53.3,29.2,25.5,5.99,82.8,3.5,201590.78,1404.45,Nigeria_Synthesized_FAO_NASA
Sokoto,2024,Sorghum,1403.83,26.96,21.08,33.83,53.46,20.92,49.1,28.6,27.5,5.93,43.5,3.41,167640.37,1293.66,Nigeria_Synthesized_FAO_NASA
Taraba,2024,Sorghum,1137.38,27.76,22.3,34.06,57.28,19.35,51.5,32.3,23.6,6.49,51.4,2.66,212270.59,1061.35,Nigeria_Synthesized_FAO_NASA
Yobe,2024,Sorghum,931.33,27.61,21.32,34.81,45.09,21.08,52.8,29.2,27.4,6.16,52.0,5.03,172098.6,761.51,Nigeria_Synthesized_FAO_NASA
Zamfara,2024,Sorghum,714.1,26.35,20.36,33.59,49.36,20.63,49.6,30.6,23.8,6.29,118.9,2.32,197728.28,752.33,Nigeria_Synthesized_FAO_NASA
Abia,2019,Soya beans,2019.69,25.82,22.82,29.42,86.11,16.27,47.5,32.7,24.9,6.1,54.5,3.59,32187.89,1216.09,Nigeria_Synthesized_FAO_NASA
Adamawa,2019,Soya beans,960.01,27.76,22.27,33.74,56.41,20.28,54.1,28.4,23.1,5.89,80.6,8.49,33158.35,752.01,Nigeria_Synthesized_FAO_NASA
Akwa Ibom,2019,Soya beans,2231.91,26.29,23.81,29.49,86.47,16.27,53.8,31.7,22.6,6.4,64.0,2.97,27461.26,1198.25,Nigeria_Synthesized_FAO_NASA
Anambra,2019,Soya beans,2330.26,25.85,22.81,29.34,85.38,17.04,49.2,28.7,23.4,6.36,119.2,7.06,30443.43,1096.13,Nigeria_Synthesized_FAO_NASA
Bauchi,2019,Soya beans,867.4,26.58,20.84,33.37,51.51,20.5,47.2,27.8,25.3,6.27,96.4,6.42,26277.48,630.56,Nigeria_Synthesized_FAO_NASA
Bayelsa,2019,Soya beans,3319.11,26.16,23.71,29.38,87.88,15.0,51.8,29.1,23.6,6.12,61.8,2.57,27869.27,1118.91,Nigeria_Synthesized_FAO_NASA
Benue,2019,Soya beans,1023.91,26.98,22.72,32.08,71.9,18.06,47.2,27.4,26.2,6.02,71.5,2.42,37602.26,819.95,Nigeria_Synthesized_FAO_NASA
Borno,2019,Soya beans,545.89,28.54,22.01,35.97,40.71,21.14,53.0,28.2,24.2,5.97,45.9,8.45,36481.35,583.07,Nigeria_Synthesized_FAO_NASA
Cross River,2019,Soya beans,2231.91,26.29,23.81,29.49,86.47,15.4,52.7,32.0,26.5,5.9,54.9,6.26,31812.09,1190.93,Nigeria_Synthesized_FAO_NASA
Delta,2019,Soya beans,2330.26,25.85,22.81,29.34,85.38,16.34,51.7,32.7,23.5,6.43,65.7,8.43,40010.77,1123.54,Nigeria_Synthesized_FAO_NASA
Ebonyi,2019,Soya beans,1142.89,26.36,22.7,30.77,79.82,17.53,52.9,29.6,24.8,6.5,74.0,5.93,31332.58,806.41,Nigeria_Synthesized_FAO_NASA
Edo,2019,Soya beans,2626.04,25.64,22.8,29.18,88.29,15.76,51.5,29.4,22.6,6.26,41.0,2.01,37399.31,1057.68,Nigeria_Synthesized_FAO_NASA
Ekiti,2019,Soya beans,2325.44,24.63,21.43,28.64,85.23,16.92,46.9,30.9,22.8,6.08,52.0,5.77,25238.8,1123.36,Nigeria_Synthesized_FAO_NASA
Enugu,2019,Soya beans,1601.35,25.72,22.28,29.72,82.47,17.04,47.6,27.5,22.9,6.15,115.7,3.42,35145.27,1171.25,Nigeria_Synthesized_FAO_NASA
FCT Abuja,2019,Soya beans,1302.2,26.23,21.5,31.88,67.06,18.58,51.1,31.1,25.7,6.42,78.9,2.87,23598.11,930.51,Nigeria_Synthesized_FAO_NASA
Gombe,2019,Soya beans,1233.79,26.8,21.28,33.1,55.76,20.71,51.1,30.2,25.9,6.29,110.5,5.81,34052.34,901.93,Nigeria_Synthesized_FAO_NASA
Imo,2019,Soya beans,2559.56,26.01,23.05,29.59,86.4,16.27,51.8,32.4,24.4,6.37,98.0,2.39,26350.05,1203.38,Nigeria_Synthesized_FAO_NASA
Jigawa,2019,Soya beans,485.81,27.58,20.91,35.54,41.33,20.87,54.7,31.9,23.0,5.97,87.6,4.24,24143.6,636.38,Nigeria_Synthesized_FAO_NASA
Kaduna,2019,Soya beans,1623.16,24.48,19.33,30.82,63.85,19.89,48.9,27.6,26.5,6.46,100.5,7.35,31803.62,1015.86,Nigeria_Synthesized_FAO_NASA
Kano,2019,Soya beans,517.4,27.07,20.35,35.28,43.11,21.48,47.1,31.6,27.2,6.33,110.5,6.15,26626.81,609.03,Nigeria_Synthesized_FAO_NASA
Katsina,2019,Soya beans,702.35,26.88,20.7,33.83,42.66,21.26,45.8,27.2,26.0,6.16,84.2,5.62,29646.28,625.56,Nigeria_Synthesized_FAO_NASA
Kebbi,2019,Soya beans,975.0,27.47,21.57,34.45,51.71,21.15,49.7,29.3,26.6,6.17,88.3,7.82,30579.57,705.53,Nigeria_Synthesized_FAO_NASA
Kogi,2019,Soya beans,1251.26,27.25,22.95,32.23,71.52,17.31,47.7,27.2,23.8,6.06,112.7,6.22,38296.88,1000.56,Nigeria_Synthesized_FAO_NASA
Kwara,2019,Soya beans,1645.89,25.35,21.41,30.21,78.48,18.09,46.6,30.8,26.2,6.42,115.3,3.31,24240.21,1052.99,Nigeria_Synthesized_FAO_NASA
Lagos,2019,Soya beans,1952.69,26.78,25.09,28.91,85.85,16.26,48.6,32.5,25.4,6.35,79.2,2.19,26193.96,1143.56,Nigeria_Synthesized_FAO_NASA
Nasarawa,2019,Soya beans,938.12,27.98,23.38,33.58,62.16,18.38,52.2,28.3,26.1,6.39,73.0,6.85,31734.39,644.67,Nigeria_Synthesized_FAO_NASA
Niger,2019,Soya beans,1226.48,26.93,22.01,32.45,68.58,18.47,52.6,33.0,24.2,6.14,53.2,3.33,34348.74,917.19,Nigeria_Synthesized_FAO_NASA
Ogun,2019,Soya beans,1932.32,26.05,23.09,29.76,86.83,16.7,48.9,28.1,23.9,6.17,63.3,3.52,38792.53,1189.14,Nigeria_Synthesized_FAO_NASA
Ondo,2019,Soya beans,2325.44,24.63,21.43,28.64,85.23,16.92,50.4,31.8,23.8,6.26,93.5,6.26,21865.91,1144.52,Nigeria_Synthesized_FAO_NASA
Osun,2019,Soya beans,2184.61,24.92,21.46,29.14,83.53,16.53,53.4,31.6,24.1,5.95,45.7,2.61,28172.12,1103.56,Nigeria_Synthesized_FAO_NASA
Oyo,2019,Soya beans,2257.17,25.43,22.21,29.34,86.49,16.7,48.4,31.5,24.0,6.36,99.6,3.6,22681.66,1146.37,Nigeria_Synthesized_FAO_NASA
Plateau,2019,Soya beans,1166.1,23.54,18.25,30.23,58.25,18.6,49.0,28.3,25.1,6.46,91.2,3.12,35641.24,824.5,Nigeria_Synthesized_FAO_NASA
Rivers,2019,Soya beans,3286.85,26.06,23.24,29.71,87.68,15.01,50.9,31.4,25.1,6.39,97.8,6.0,29673.12,1187.55,Nigeria_Synthesized_FAO_NASA
Sokoto,2019,Soya beans,1088.13,27.34,21.33,34.05,48.97,21.64,54.4,27.8,24.9,6.05,100.4,6.69,37282.75,773.91,Nigeria_Synthesized_FAO_NASA
Taraba,2019,Soya beans,982.97,27.29,22.23,33.11,61.02,19.1,46.8,31.8,24.8,6.09,52.7,3.09,38047.51,699.0,Nigeria_Synthesized_FAO_NASA
Yobe,2019,Soya beans,776.03,27.41,21.34,34.46,46.98,21.13,46.2,27.7,22.9,6.35,97.0,2.38,31967.24,647.8,Nigeria_Synthesized_FAO_NASA
Zamfara,2019,Soya beans,738.05,26.25,20.33,33.26,49.44,21.28,54.0,32.4,26.0,6.46,104.9,7.39,23296.28,630.95,Nigeria_Synthesized_FAO_NASA
Abia,2020,Soya beans,2029.78,25.76,22.57,29.63,85.2,16.76,47.2,29.0,25.6,6.0,60.7,5.04,28843.3,1322.8,Nigeria_Synthesized_FAO_NASA
Adamawa,2020,Soya beans,982.6,27.15,21.49,33.42,57.83,20.76,54.2,31.5,25.8,6.25,79.0,3.21,34377.71,815.6,Nigeria_Synthesized_FAO_NASA
Akwa Ibom,2020,Soya beans,2982.8,26.24,23.63,29.59,86.16,16.76,45.9,31.5,23.4,6.12,42.3,2.89,27716.71,1411.63,Nigeria_Synthesized_FAO_NASA
Anambra,2020,Soya beans,2228.5,25.76,22.46,29.53,84.05,17.58,51.6,32.0,24.4,6.43,57.1,4.12,23914.76,1239.81,Nigeria_Synthesized_FAO_NASA
Bauchi,2020,Soya beans,2013.76,24.95,19.31,31.5,59.51,20.92,49.2,30.7,26.3,6.23,90.2,8.08,35002.77,1203.94,Nigeria_Synthesized_FAO_NASA
Bayelsa,2020,Soya beans,3495.17,26.08,23.46,29.46,87.47,15.56,52.2,30.7,23.4,6.12,77.4,4.73,29883.35,1278.78,Nigeria_Synthesized_FAO_NASA
Benue,2020,Soya beans,1209.6,26.41,22.11,31.55,72.34,18.7,52.6,29.9,25.9,6.45,50.9,3.63,40954.07,981.64,Nigeria_Synthesized_FAO_NASA
Borno,2020,Soya beans,545.45,28.06,21.39,35.6,42.48,21.41,45.4,32.9,24.8,6.11,63.4,3.13,38497.73,713.21,Nigeria_Synthesized_FAO_NASA
Cross River,2020,Soya beans,2982.8,26.24,23.63,29.59,86.16,15.31,49.1,32.7,26.6,6.19,93.9,4.83,41560.9,1389.72,Nigeria_Synthesized_FAO_NASA
Delta,2020,Soya beans,2228.5,25.76,22.46,29.53,84.05,16.94,52.0,27.3,26.6,6.4,59.0,4.1,23985.97,1320.51,Nigeria_Synthesized_FAO_NASA
Ebonyi,2020,Soya beans,1251.59,26.36,22.44,31.15,77.86,18.1,47.9,30.6,24.0,5.92,40.2,2.66,34534.76,1066.01,Nigeria_Synthesized_FAO_NASA
Edo,2020,Soya beans,2111.49,25.46,22.36,29.3,87.0,16.43,49.3,30.1,23.2,6.23,51.6,5.97,41678.74,1356.59,Nigeria_Synthesized_FAO_NASA
Ekiti,2020,Soya beans,1688.06,24.44,20.97,28.85,83.66,17.35,52.6,27.1,24.4,5.96,68.2,3.13,26681.89,1341.36,Nigeria_Synthesized_FAO_NASA
Enugu,2020,Soya beans,1630.95,25.64,21.91,30.0,80.61,17.58,48.0,30.9,27.1,6.14,55.4,3.76,31026.31,1276.9,Nigeria_Synthesized_FAO_NASA
FCT Abuja,2020,Soya beans,1389.91,25.33,20.59,31.05,70.06,19.24,49.6,27.9,24.7,6.06,115.5,7.75,34044.68,1215.09,Nigeria_Synthesized_FAO_NASA
Gombe,2020,Soya beans,1610.11,25.46,19.91,31.96,61.65,21.05,47.3,29.5,26.9,6.22,66.7,3.35,32967.78,1209.7,Nigeria_Synthesized_FAO_NASA
Imo,2020,Soya beans,2537.08,25.96,22.78,29.79,85.46,16.76,49.7,28.3,24.2,6.49,81.6,4.6,35080.3,1379.62,Nigeria_Synthesized_FAO_NASA
Jigawa,2020,Soya beans,1348.11,26.04,19.53,33.9,50.64,21.0,48.4,28.1,25.4,6.3,97.0,7.73,38105.6,1144.3,Nigeria_Synthesized_FAO_NASA
Kaduna,2020,Soya beans,3398.52,23.14,18.43,29.08,70.9,20.28,54.6,29.6,25.6,6.3,83.7,3.33,24324.96,1176.65,Nigeria_Synthesized_FAO_NASA
Kano,2020,Soya beans,1291.71,25.59,19.15,33.6,52.35,21.5,50.5,29.9,23.1,5.94,67.2,4.02,38590.6,1121.47,Nigeria_Synthesized_FAO_NASA
Katsina,2020,Soya beans,1539.75,25.3,19.52,31.74,53.57,21.05,51.6,30.1,23.3,6.5,70.0,2.7,38196.37,1365.11,Nigeria_Synthesized_FAO_NASA
Kebbi,2020,Soya beans,1131.67,26.83,21.14,33.82,56.95,20.69,53.9,27.1,26.9,6.06,43.1,7.51,39966.36,979.68,Nigeria_Synthesized_FAO_NASA
Kogi,2020,Soya beans,1391.1,26.62,22.18,31.74,72.68,17.84,50.7,31.9,26.4,6.44,84.2,8.29,34526.3,1267.57,Nigeria_Synthesized_FAO_NASA
Kwara,2020,Soya beans,1204.71,25.26,20.98,30.59,76.31,18.29,53.5,30.0,24.4,6.27,44.5,5.29,25131.66,1073.48,Nigeria_Synthesized_FAO_NASA
Lagos,2020,Soya beans,1510.91,26.41,24.55,28.78,85.34,16.91,49.3,32.6,24.6,6.11,75.2,5.38,27029.77,1369.42,Nigeria_Synthesized_FAO_NASA
Nasarawa,2020,Soya beans,1078.68,27.24,22.6,32.97,63.62,19.25,49.5,31.9,25.2,6.1,92.6,6.67,38530.68,952.46,Nigeria_Synthesized_FAO_NASA
Niger,2020,Soya beans,1309.13,26.28,21.2,32.07,70.38,18.94,46.7,28.7,23.9,6.31,41.5,6.91,23957.94,1125.98,Nigeria_Synthesized_FAO_NASA
Ogun,2020,Soya beans,1525.8,25.74,22.52,29.83,85.71,16.87,50.3,28.3,26.9,5.94,75.6,7.52,28920.9,1230.73,Nigeria_Synthesized_FAO_NASA
Ondo,2020,Soya beans,1688.06,24.44,20.97,28.85,83.66,17.35,49.2,31.2,27.4,6.44,67.4,8.49,28574.4,1277.66,Nigeria_Synthesized_FAO_NASA
Osun,2020,Soya beans,1523.34,24.79,21.01,29.45,81.59,16.86,53.2,28.2,22.8,6.04,74.1,6.75,23390.26,1140.45,Nigeria_Synthesized_FAO_NASA
Oyo,2020,Soya beans,1568.36,25.24,21.73,29.6,84.71,16.87,50.0,32.6,26.6,6.09,118.6,6.61,27502.94,1312.62,Nigeria_Synthesized_FAO_NASA
Plateau,2020,Soya beans,3385.52,22.35,17.41,28.56,63.84,19.39,46.7,31.4,23.4,6.21,47.5,7.99,23537.76,1087.36,Nigeria_Synthesized_FAO_NASA
Rivers,2020,Soya beans,3361.46,26.04,23.03,29.87,87.03,15.21,54.4,27.0,24.8,5.91,112.7,5.37,40634.88,1286.68,Nigeria_Synthesized_FAO_NASA
Sokoto,2020,Soya beans,1145.58,26.35,20.64,33.04,56.06,21.49,48.8,32.6,26.0,6.43,69.3,2.28,25008.9,911.81,Nigeria_Synthesized_FAO_NASA
Taraba,2020,Soya beans,1075.73,26.37,21.19,32.39,64.01,19.69,54.5,29.2,22.6,6.32,118.4,8.28,23185.47,989.02,Nigeria_Synthesized_FAO_NASA
Yobe,2020,Soya beans,792.26,26.9,20.63,34.19,48.36,21.55,50.7,30.8,26.2,6.0,116.7,6.15,26398.87,689.87,Nigeria_Synthesized_FAO_NASA
Zamfara,2020,Soya beans,1146.34,25.26,19.6,32.14,55.83,20.88,49.1,32.9,25.4,6.43,116.3,6.39,33426.31,998.89,Nigeria_Synthesized_FAO_NASA
Abia,2021,Soya beans,1877.25,25.78,22.8,29.53,86.39,16.48,45.4,28.2,23.4,6.05,64.4,4.34,20986.34,1330.77,Nigeria_Synthesized_FAO_NASA
Adamawa,2021,Soya beans,945.3,27.6,21.95,33.88,56.24,20.8,45.4,31.0,25.2,6.17,90.8,7.38,22696.48,805.21,Nigeria_Synthesized_FAO_NASA
Akwa Ibom,2021,Soya beans,2456.61,26.21,23.74,29.42,87.15,16.48,54.5,32.0,24.6,6.29,54.2,5.64,32421.42,1322.63,Nigeria_Synthesized_FAO_NASA
Anambra,2021,Soya beans,2208.72,25.78,22.8,29.34,86.04,17.38,54.3,29.4,27.5,6.25,43.4,5.81,30219.01,1422.12,Nigeria_Synthesized_FAO_NASA
Bauchi,2021,Soya beans,3305.27,25.04,19.49,31.42,60.49,21.27,53.2,28.7,26.5,6.07,55.5,8.33,21505.91,1243.47,Nigeria_Synthesized_FAO_NASA
Bayelsa,2021,Soya beans,3490.5,26.11,23.68,29.29,88.5,15.38,51.1,30.4,27.1,6.31,72.3,7.61,31708.65,1304.46,Nigeria_Synthesized_FAO_NASA
Benue,2021,Soya beans,1524.55,26.51,22.31,31.46,73.01,18.37,54.5,30.8,26.6,6.3,107.1,8.14,30683.9,1252.41,Nigeria_Synthesized_FAO_NASA
Borno,2021,Soya beans,444.23,28.5,21.62,36.32,39.39,21.77,49.8,31.2,23.6,5.89,67.4,8.3,23966.14,679.19,Nigeria_Synthesized_FAO_NASA
Cross River,2021,Soya beans,2456.61,26.21,23.74,29.42,87.15,15.69,46.9,29.1,23.3,5.96,112.5,8.48,28120.88,1379.85,Nigeria_Synthesized_FAO_NASA
Delta,2021,Soya beans,2208.72,25.78,22.8,29.34,86.04,16.78,48.3,29.8,23.5,6.08,56.1,7.03,21901.2,1249.46,Nigeria_Synthesized_FAO_NASA
Ebonyi,2021,Soya beans,780.95,26.73,22.83,31.71,77.1,17.93,48.9,32.5,27.3,6.0,57.8,5.42,32310.8,756.93,Nigeria_Synthesized_FAO_NASA
Edo,2021,Soya beans,2357.05,25.6,22.85,29.07,89.16,16.34,50.8,30.1,24.2,6.23,116.7,3.34,28750.79,1227.15,Nigeria_Synthesized_FAO_NASA
Ekiti,2021,Soya beans,2803.84,24.66,21.47,28.82,85.48,17.19,45.7,30.3,23.0,5.9,53.7,5.67,21701.67,1305.94,Nigeria_Synthesized_FAO_NASA
Enugu,2021,Soya beans,1288.82,25.72,22.24,30.06,82.26,17.38,51.7,28.1,25.6,6.15,92.3,8.47,24554.69,1124.28,Nigeria_Synthesized_FAO_NASA
FCT Abuja,2021,Soya beans,1369.92,25.61,20.82,31.36,68.57,19.4,53.9,27.4,27.3,6.06,70.6,2.6,21000.17,1234.2,Nigeria_Synthesized_FAO_NASA
Gombe,2021,Soya beans,2221.85,25.9,20.36,32.35,60.63,21.29,54.4,30.7,26.1,6.36,61.0,2.29,33956.98,1243.14,Nigeria_Synthesized_FAO_NASA
Imo,2021,Soya beans,2610.4,25.97,23.05,29.59,86.97,16.48,47.4,27.4,23.4,5.97,113.2,2.91,27212.04,1222.38,Nigeria_Synthesized_FAO_NASA
Jigawa,2021,Soya beans,1693.73,25.93,19.29,33.69,51.02,21.81,50.4,27.6,24.1,5.92,71.7,3.23,31560.33,1334.59,Nigeria_Synthesized_FAO_NASA
Kaduna,2021,Soya beans,6360.7,23.35,18.52,29.42,70.17,20.72,50.3,29.6,24.4,6.41,57.5,6.77,33348.43,1232.55,Nigeria_Synthesized_FAO_NASA
Kano,2021,Soya beans,1845.71,25.31,18.75,33.21,53.87,22.26,48.0,29.8,23.0,5.92,48.9,3.22,28441.45,1354.7,Nigeria_Synthesized_FAO_NASA
Katsina,2021,Soya beans,1784.49,25.63,19.61,32.47,49.51,21.82,47.4,32.6,27.3,6.48,107.0,4.36,36152.07,1315.14,Nigeria_Synthesized_FAO_NASA
Kebbi,2021,Soya beans,925.26,27.38,21.34,34.71,52.95,21.44,50.6,32.1,27.5,6.21,67.6,3.21,31124.76,748.7,Nigeria_Synthesized_FAO_NASA
Kogi,2021,Soya beans,2024.23,26.62,22.46,31.48,74.62,17.63,50.6,31.9,25.0,6.46,90.2,7.46,30053.99,1247.61,Nigeria_Synthesized_FAO_NASA
Kwara,2021,Soya beans,1764.69,25.68,21.46,30.92,74.97,18.45,51.8,28.0,23.4,6.46,42.6,5.01,36263.25,1242.24,Nigeria_Synthesized_FAO_NASA
Lagos,2021,Soya beans,1713.6,26.77,25.1,28.92,85.31,16.64,53.4,29.2,24.6,6.5,102.7,7.83,32851.09,1320.51,Nigeria_Synthesized_FAO_NASA
Nasarawa,2021,Soya beans,1517.79,27.2,22.63,32.72,64.83,19.03,49.1,31.3,23.0,6.06,43.7,4.81,25121.38,1312.52,Nigeria_Synthesized_FAO_NASA
Niger,2021,Soya beans,1567.28,26.65,21.5,32.49,68.64,19.19,51.8,32.6,23.7,6.32,118.0,8.25,21365.7,1427.25,Nigeria_Synthesized_FAO_NASA
Ogun,2021,Soya beans,1752.89,26.03,23.06,29.86,86.44,17.14,46.5,31.2,26.1,6.31,66.9,3.1,22722.75,1274.27,Nigeria_Synthesized_FAO_NASA
Ondo,2021,Soya beans,2803.84,24.66,21.47,28.82,85.48,17.19,52.3,29.6,24.2,6.07,56.9,3.73,29597.86,1290.84,Nigeria_Synthesized_FAO_NASA
Osun,2021,Soya beans,2545.61,25.1,21.46,29.67,82.03,16.81,45.4,28.1,26.2,6.09,93.5,6.66,27144.02,1208.68,Nigeria_Synthesized_FAO_NASA
Oyo,2021,Soya beans,2405.57,25.45,22.18,29.58,85.99,17.14,45.2,31.4,27.3,6.42,53.4,4.12,38116.97,1323.83,Nigeria_Synthesized_FAO_NASA
Plateau,2021,Soya beans,6143.64,22.42,17.47,28.63,64.07,19.45,52.1,28.9,25.2,6.32,73.7,7.55,31707.44,1120.31,Nigeria_Synthesized_FAO_NASA
Rivers,2021,Soya beans,3286.06,26.06,23.27,29.7,88.29,15.22,51.2,28.4,25.3,6.48,110.3,4.63,22083.11,1389.81,Nigeria_Synthesized_FAO_NASA
Sokoto,2021,Soya beans,1248.4,26.82,20.76,33.8,52.26,22.27,50.3,27.7,25.2,5.89,65.9,3.43,25127.29,1054.51,Nigeria_Synthesized_FAO_NASA
Taraba,2021,Soya beans,995.65,26.9,21.62,32.99,61.7,19.68,48.5,27.6,25.1,6.02,82.9,7.43,33965.98,937.89,Nigeria_Synthesized_FAO_NASA
Yobe,2021,Soya beans,1602.2,26.8,20.56,34.02,49.32,22.04,50.4,32.6,27.2,6.21,64.5,4.99,32289.95,1387.61,Nigeria_Synthesized_FAO_NASA
Zamfara,2021,Soya beans,1543.33,25.19,19.44,32.19,55.73,21.79,50.0,27.6,23.5,6.19,111.0,5.68,32335.78,1218.01,Nigeria_Synthesized_FAO_NASA
Abia,2022,Soya beans,1579.69,25.57,22.28,29.59,84.63,16.48,50.7,29.7,25.8,5.92,79.5,3.92,28079.18,1469.61,Nigeria_Synthesized_FAO_NASA
Adamawa,2022,Soya beans,1250.17,26.34,20.98,32.39,61.0,20.39,46.8,28.9,25.0,6.43,73.3,6.84,39676.57,1139.51,Nigeria_Synthesized_FAO_NASA
Akwa Ibom,2022,Soya beans,3367.59,26.03,23.38,29.41,86.43,16.48,48.9,29.1,26.7,5.92,64.7,6.42,27538.14,1531.32,Nigeria_Synthesized_FAO_NASA
Anambra,2022,Soya beans,1520.42,25.52,22.18,29.44,83.61,17.09,50.4,28.2,24.7,6.2,112.1,3.7,29892.96,1404.26,Nigeria_Synthesized_FAO_NASA
Bauchi,2022,Soya beans,2192.25,23.61,18.14,29.92,65.09,20.54,45.2,31.3,22.7,6.51,109.8,3.93,33770.99,1419.27,Nigeria_Synthesized_FAO_NASA
Bayelsa,2022,Soya beans,2262.15,25.86,23.18,29.29,87.25,15.34,48.6,29.2,24.1,6.28,53.1,7.5,28870.12,1385.17,Nigeria_Synthesized_FAO_NASA
Benue,2022,Soya beans,1847.07,25.08,21.17,29.65,77.48,18.09,53.5,28.5,22.6,6.27,76.6,5.69,30642.52,1476.48,Nigeria_Synthesized_FAO_NASA
Borno,2022,Soya beans,476.63,27.77,21.18,35.35,41.4,21.11,51.3,31.6,22.9,5.99,98.7,4.8,39844.56,835.05,Nigeria_Synthesized_FAO_NASA
Cross River,2022,Soya beans,3367.59,26.03,23.38,29.41,86.43,15.25,51.1,28.1,25.6,6.0,45.1,4.15,27511.87,1436.19,Nigeria_Synthesized_FAO_NASA
Delta,2022,Soya beans,1520.42,25.52,22.18,29.44,83.61,16.56,45.5,28.1,25.2,6.19,43.7,2.05,38335.25,1329.93,Nigeria_Synthesized_FAO_NASA
Ebonyi,2022,Soya beans,1089.98,26.56,22.33,31.89,73.62,17.56,48.7,29.8,23.8,6.1,91.9,7.74,34043.13,1109.14,Nigeria_Synthesized_FAO_NASA
Edo,2022,Soya beans,1751.31,25.24,22.22,29.04,87.11,16.2,46.2,28.3,22.7,5.98,113.4,4.99,37428.36,1341.93,Nigeria_Synthesized_FAO_NASA
Ekiti,2022,Soya beans,2113.63,24.07,20.77,28.17,85.26,17.06,53.8,31.5,27.2,6.03,106.9,6.48,39654.37,1269.01,Nigeria_Synthesized_FAO_NASA
Enugu,2022,Soya beans,1234.16,25.55,21.69,30.33,78.39,17.09,48.5,31.6,23.8,6.09,48.6,8.08,36618.08,1195.92,Nigeria_Synthesized_FAO_NASA
FCT Abuja,2022,Soya beans,1760.93,24.61,19.96,30.21,72.48,18.75,48.9,32.8,24.2,6.37,108.4,4.83,31465.66,1338.83,Nigeria_Synthesized_FAO_NASA
Gombe,2022,Soya beans,2531.68,24.85,19.37,31.35,62.57,20.6,54.1,31.5,23.6,6.44,71.0,5.75,35701.21,1368.69,Nigeria_Synthesized_FAO_NASA
Imo,2022,Soya beans,1729.51,25.75,22.53,29.66,85.07,16.48,52.8,30.6,27.0,6.0,73.7,7.41,25270.06,1512.35,Nigeria_Synthesized_FAO_NASA
Jigawa,2022,Soya beans,764.89,25.49,18.93,33.6,50.77,20.59,54.9,28.7,27.4,6.0,68.9,6.89,23849.16,708.06,Nigeria_Synthesized_FAO_NASA
Kaduna,2022,Soya beans,4954.11,22.45,17.78,28.41,73.02,19.63,50.3,32.1,23.7,6.16,52.4,5.87,32593.9,1320.99,Nigeria_Synthesized_FAO_NASA
Kano,2022,Soya beans,781.04,24.6,18.13,32.79,55.71,20.9,49.7,27.2,23.0,6.32,74.3,7.62,27982.46,715.85,Nigeria_Synthesized_FAO_NASA
Katsina,2022,Soya beans,1325.45,24.72,18.93,31.41,53.18,20.62,51.2,27.6,26.4,6.5,82.5,6.44,21907.83,1217.86,Nigeria_Synthesized_FAO_NASA
Kebbi,2022,Soya beans,980.15,26.68,20.86,33.83,54.97,20.66,53.6,28.0,23.8,6.17,97.0,4.44,29917.36,889.49,Nigeria_Synthesized_FAO_NASA
Kogi,2022,Soya beans,1437.67,25.42,21.41,29.88,78.17,17.55,48.7,31.3,23.6,6.3,53.1,2.36,23518.25,1399.6,Nigeria_Synthesized_FAO_NASA
Kwara,2022,Soya beans,1540.4,24.76,20.61,29.83,78.16,18.05,50.5,31.8,24.2,6.26,79.6,8.15,39099.72,1291.04,Nigeria_Synthesized_FAO_NASA
Lagos,2022,Soya beans,1637.38,26.36,24.55,28.59,85.07,16.58,45.5,30.3,24.8,6.47,60.6,3.75,35380.39,1521.46,Nigeria_Synthesized_FAO_NASA
Nasarawa,2022,Soya beans,1908.77,25.78,21.49,31.12,70.43,18.69,46.3,32.1,25.3,6.42,106.5,3.83,26295.27,1417.14,Nigeria_Synthesized_FAO_NASA
Niger,2022,Soya beans,1218.58,25.95,20.84,31.8,71.14,18.49,54.2,29.4,24.5,6.08,76.9,3.64,23308.65,1137.48,Nigeria_Synthesized_FAO_NASA
Ogun,2022,Soya beans,1698.93,25.61,22.45,29.56,86.01,16.65,53.3,28.8,24.8,6.43,44.2,7.78,36674.69,1401.29,Nigeria_Synthesized_FAO_NASA
Ondo,2022,Soya beans,2113.63,24.07,20.77,28.17,85.26,17.06,50.8,30.3,26.8,5.95,67.8,5.5,34410.6,1299.83,Nigeria_Synthesized_FAO_NASA
Osun,2022,Soya beans,2171.52,24.37,20.75,28.76,83.32,16.56,53.0,29.4,23.4,6.36,47.3,5.35,25793.13,1442.86,Nigeria_Synthesized_FAO_NASA
Oyo,2022,Soya beans,2188.72,25.01,21.57,29.19,85.48,16.65,51.0,30.3,24.5,6.16,58.1,4.96,28403.47,1305.15,Nigeria_Synthesized_FAO_NASA
Plateau,2022,Soya beans,4912.41,21.6,16.62,27.93,66.17,18.96,46.5,27.2,27.2,6.22,83.0,7.07,37616.55,1341.09,Nigeria_Synthesized_FAO_NASA
Rivers,2022,Soya beans,2252.03,25.81,22.77,29.66,87.1,15.13,54.7,31.0,23.3,5.97,56.3,6.98,30743.68,1396.21,Nigeria_Synthesized_FAO_NASA
Sokoto,2022,Soya beans,1156.6,26.01,20.22,32.86,54.85,21.23,54.4,28.0,22.5,6.04,58.8,4.74,22155.63,1038.29,Nigeria_Synthesized_FAO_NASA
Taraba,2022,Soya beans,1228.08,25.86,20.77,31.75,65.52,19.13,49.6,29.5,25.3,6.04,44.2,8.1,38152.37,1210.79,Nigeria_Synthesized_FAO_NASA
Yobe,2022,Soya beans,893.85,26.19,20.1,33.36,49.44,21.16,49.7,29.9,22.6,5.98,70.3,6.44,25456.66,792.38,Nigeria_Synthesized_FAO_NASA
Zamfara,2022,Soya beans,1059.55,24.33,18.79,31.18,58.41,20.65,50.6,32.3,24.1,5.97,79.1,6.85,29645.4,891.77,Nigeria_Synthesized_FAO_NASA
Abia,2023,Soya beans,1475.58,26.0,22.97,29.78,85.98,16.51,45.2,27.2,24.9,6.07,107.6,5.91,32257.1,1341.97,Nigeria_Synthesized_FAO_NASA
Adamawa,2023,Soya beans,519.27,29.06,23.09,35.71,48.82,20.47,50.0,27.2,27.0,6.51,54.5,2.78,31917.61,782.28,Nigeria_Synthesized_FAO_NASA
Akwa Ibom,2023,Soya beans,2436.57,26.42,24.01,29.57,87.24,16.51,51.6,32.1,26.3,6.17,89.0,6.47,37047.85,1445.44,Nigeria_Synthesized_FAO_NASA
Anambra,2023,Soya beans,1615.95,26.03,22.88,29.77,84.86,17.37,51.5,30.3,25.7,6.27,97.5,6.18,33290.22,1517.69,Nigeria_Synthesized_FAO_NASA
Bauchi,2023,Soya beans,697.86,26.4,20.3,33.58,51.79,20.63,49.5,28.5,22.5,6.24,87.3,8.32,37468.85,827.49,Nigeria_Synthesized_FAO_NASA
Bayelsa,2023,Soya beans,1814.82,26.3,23.77,29.56,87.72,15.29,47.0,27.4,26.4,6.04,88.7,6.47,31637.84,1493.39,Nigeria_Synthesized_FAO_NASA
Benue,2023,Soya beans,944.03,26.63,22.48,31.5,74.24,18.47,49.4,28.7,27.0,6.42,53.1,2.17,41412.54,929.25,Nigeria_Synthesized_FAO_NASA
Borno,2023,Soya beans,343.14,29.63,22.82,37.31,35.78,20.81,54.7,30.4,24.4,6.44,76.3,4.05,29457.04,722.97,Nigeria_Synthesized_FAO_NASA
Cross River,2023,Soya beans,2436.57,26.42,24.01,29.57,87.24,15.23,53.4,30.1,26.4,6.0,85.9,8.39,40868.6,1641.07,Nigeria_Synthesized_FAO_NASA
Delta,2023,Soya beans,1615.95,26.03,22.88,29.77,84.86,16.79,49.9,27.2,26.3,5.99,90.5,2.56,39750.39,1463.95,Nigeria_Synthesized_FAO_NASA
Ebonyi,2023,Soya beans,798.23,27.26,23.22,32.34,75.35,17.86,47.3,27.8,27.2,6.33,99.3,5.25,29561.97,893.04,Nigeria_Synthesized_FAO_NASA
Edo,2023,Soya beans,1676.66,25.77,22.82,29.43,87.56,16.33,50.6,28.5,27.4,6.38,73.0,2.98,25878.81,1496.36,Nigeria_Synthesized_FAO_NASA
Ekiti,2023,Soya beans,2169.85,24.73,21.45,28.77,85.2,17.29,46.9,28.3,25.3,6.38,65.1,2.55,26122.71,1520.13,Nigeria_Synthesized_FAO_NASA
Enugu,2023,Soya beans,1108.57,26.27,22.56,30.82,79.47,17.37,47.2,28.3,27.2,6.48,119.2,7.25,38813.05,1078.14,Nigeria_Synthesized_FAO_NASA
FCT Abuja,2023,Soya beans,1030.73,25.93,21.23,31.83,70.09,19.26,48.4,28.9,27.3,6.38,97.9,3.21,27945.57,947.87,Nigeria_Synthesized_FAO_NASA
Gombe,2023,Soya beans,862.01,27.1,21.19,33.91,53.37,20.53,46.6,32.2,23.9,5.94,92.5,6.25,40429.8,915.74,Nigeria_Synthesized_FAO_NASA
Imo,2023,Soya beans,1777.67,26.17,23.15,29.88,86.12,16.51,54.9,31.1,26.2,6.02,46.3,3.8,30111.86,1422.57,Nigeria_Synthesized_FAO_NASA
Jigawa,2023,Soya beans,423.99,28.08,21.04,36.39,38.64,20.91,46.9,30.4,24.1,6.4,54.7,5.02,28402.92,780.13,Nigeria_Synthesized_FAO_NASA
Kaduna,2023,Soya beans,2465.41,24.0,18.96,30.15,67.86,20.1,45.6,32.9,26.5,6.19,46.9,5.85,33412.48,1309.13,Nigeria_Synthesized_FAO_NASA
Kano,2023,Soya beans,404.08,27.34,20.3,35.93,42.1,21.23,50.7,31.9,26.3,6.39,110.3,8.09,27514.54,865.86,Nigeria_Synthesized_FAO_NASA
Katsina,2023,Soya beans,982.9,26.58,20.38,33.43,45.93,20.87,52.9,31.2,27.5,5.9,68.4,3.83,35177.75,955.84,Nigeria_Synthesized_FAO_NASA
Kebbi,2023,Soya beans,730.22,28.19,22.1,35.52,49.11,21.05,52.1,27.5,26.2,6.32,60.1,3.64,28159.39,779.21,Nigeria_Synthesized_FAO_NASA
Kogi,2023,Soya beans,1484.52,26.48,22.44,31.06,77.19,17.79,53.8,32.1,27.3,6.25,112.7,7.26,39098.06,1491.49,Nigeria_Synthesized_FAO_NASA
Kwara,2023,Soya beans,1579.72,25.6,21.52,30.56,78.01,18.12,54.7,29.8,26.5,5.97,71.7,3.76,23884.32,1588.85,Nigeria_Synthesized_FAO_NASA
Lagos,2023,Soya beans,1725.77,26.85,25.11,28.99,85.4,16.75,53.1,27.1,24.1,6.0,87.1,3.65,26147.07,1501.21,Nigeria_Synthesized_FAO_NASA
Nasarawa,2023,Soya beans,792.72,27.73,23.06,33.55,63.92,18.98,51.5,27.7,23.4,6.04,117.9,4.58,33547.39,789.92,Nigeria_Synthesized_FAO_NASA
Niger,2023,Soya beans,980.38,27.13,22.06,32.82,68.69,18.85,49.9,27.4,22.7,6.18,71.9,2.89,28544.79,992.02,Nigeria_Synthesized_FAO_NASA
Ogun,2023,Soya beans,1751.53,26.09,23.04,29.88,86.48,16.84,49.0,30.7,27.3,6.41,77.1,6.79,43775.07,1562.96,Nigeria_Synthesized_FAO_NASA
Ondo,2023,Soya beans,2169.85,24.73,21.45,28.77,85.2,17.29,47.8,28.0,24.6,5.97,95.9,4.97,34029.13,1367.27,Nigeria_Synthesized_FAO_NASA
Osun,2023,Soya beans,2201.65,25.06,21.5,29.39,83.52,16.78,46.4,30.5,27.4,5.95,62.9,7.65,26615.73,1476.53,Nigeria_Synthesized_FAO_NASA
Oyo,2023,Soya beans,2213.93,25.55,22.23,29.59,86.03,16.84,50.2,29.4,24.0,6.07,64.5,7.75,41403.09,1390.02,Nigeria_Synthesized_FAO_NASA
Plateau,2023,Soya beans,2848.18,23.43,18.07,30.06,59.1,19.25,53.0,28.5,25.6,6.18,102.6,4.01,37224.12,1442.8,Nigeria_Synthesized_FAO_NASA
Rivers,2023,Soya beans,1891.07,26.21,23.36,29.86,87.72,14.97,49.0,27.4,25.1,6.1,93.8,8.18,41531.33,1557.92,Nigeria_Synthesized_FAO_NASA
Sokoto,2023,Soya beans,789.78,27.79,21.68,34.73,47.25,21.37,51.5,27.6,23.8,6.46,93.6,2.09,33098.45,818.2,Nigeria_Synthesized_FAO_NASA
Taraba,2023,Soya beans,410.16,28.57,22.82,35.08,53.6,19.38,52.6,32.0,24.0,6.47,84.2,6.53,37489.94,762.61,Nigeria_Synthesized_FAO_NASA
Yobe,2023,Soya beans,406.07,28.53,21.87,36.21,40.3,21.27,54.6,27.7,23.8,6.39,89.5,7.45,26136.62,813.85,Nigeria_Synthesized_FAO_NASA
Zamfara,2023,Soya beans,540.96,26.93,20.75,34.3,46.38,21.09,54.2,27.2,26.8,6.03,107.9,2.9,31290.4,840.35,Nigeria_Synthesized_FAO_NASA
Abia,2024,Soya beans,1371.1,26.26,22.98,30.44,83.64,16.73,49.7,31.5,26.5,6.35,114.0,4.9,37652.36,1151.59,Nigeria_Synthesized_FAO_NASA
Adamawa,2024,Soya beans,935.61,28.37,22.56,34.94,52.06,20.19,47.5,27.9,25.3,6.0,43.1,2.23,22254.48,721.07,Nigeria_Synthesized_FAO_NASA
Akwa Ibom,2024,Soya beans,1887.73,26.7,24.02,30.21,85.14,16.73,48.6,32.4,22.9,6.5,89.3,3.19,32216.3,1380.66,Nigeria_Synthesized_FAO_NASA
Anambra,2024,Soya beans,1360.79,26.34,22.94,30.45,82.05,17.55,49.3,32.2,23.3,6.06,47.5,3.37,35366.82,1163.62,Nigeria_Synthesized_FAO_NASA
Bauchi,2024,Soya beans,1109.06,26.3,20.35,33.25,52.28,20.55,45.8,29.6,25.2,6.45,119.8,6.9,38193.39,882.33,Nigeria_Synthesized_FAO_NASA
Bayelsa,2024,Soya beans,1913.76,26.75,24.06,30.28,85.78,15.55,54.6,31.2,22.9,6.14,91.7,4.28,35801.47,1412.0,Nigeria_Synthesized_FAO_NASA
Benue,2024,Soya beans,1021.39,27.15,22.6,32.57,67.47,18.62,54.3,27.2,26.3,6.34,117.1,8.05,31958.83,831.06,Nigeria_Synthesized_FAO_NASA
Borno,2024,Soya beans,583.5,28.57,22.0,36.05,40.59,20.7,47.0,30.3,26.3,6.45,103.2,3.27,30914.52,707.32,Nigeria_Synthesized_FAO_NASA
Cross River,2024,Soya beans,1887.73,26.7,24.02,30.21,85.14,15.26,45.1,28.2,23.1,6.41,60.7,3.85,27465.23,1332.01,Nigeria_Synthesized_FAO_NASA
Delta,2024,Soya beans,1360.79,26.34,22.94,30.45,82.05,16.99,45.1,28.7,23.1,5.95,46.2,5.86,28324.89,1214.46,Nigeria_Synthesized_FAO_NASA
Ebonyi,2024,Soya beans,905.76,27.86,23.42,33.37,68.7,18.04,53.6,29.5,27.1,6.2,71.9,6.88,27997.91,711.15,Nigeria_Synthesized_FAO_NASA
Edo,2024,Soya beans,1389.25,26.08,22.92,30.06,85.46,16.41,51.5,29.9,26.5,6.46,71.1,5.88,23018.01,1067.44,Nigeria_Synthesized_FAO_NASA
Ekiti,2024,Soya beans,1380.98,25.04,21.44,29.48,81.98,17.4,53.3,32.5,23.8,6.37,61.2,3.36,39365.73,1102.44,Nigeria_Synthesized_FAO_NASA
Enugu,2024,Soya beans,980.36,26.81,22.68,31.9,73.62,17.55,54.7,27.9,26.6,6.06,68.1,3.41,21732.12,885.45,Nigeria_Synthesized_FAO_NASA
FCT Abuja,2024,Soya beans,1182.97,26.46,21.44,32.59,64.55,18.82,51.6,27.1,22.8,5.95,73.5,7.3,27756.99,1000.51,Nigeria_Synthesized_FAO_NASA
Gombe,2024,Soya beans,1511.27,26.9,21.14,33.62,54.02,20.46,50.7,31.6,23.9,6.14,81.9,2.88,25864.37,1357.2,Nigeria_Synthesized_FAO_NASA
Imo,2024,Soya beans,1626.91,26.48,23.28,30.5,84.2,16.73,51.3,27.4,23.4,6.1,46.2,3.25,24178.44,1203.6,Nigeria_Synthesized_FAO_NASA
Jigawa,2024,Soya beans,1025.51,26.63,20.09,34.46,47.2,20.69,51.5,29.3,25.9,6.25,57.9,7.51,21732.02,916.66,Nigeria_Synthesized_FAO_NASA
Kaduna,2024,Soya beans,1925.09,24.21,19.05,30.7,65.0,19.62,49.1,32.9,26.4,6.49,81.1,5.08,36450.8,1210.71,Nigeria_Synthesized_FAO_NASA
Kano,2024,Soya beans,1009.62,26.18,19.59,34.33,48.56,20.93,54.6,28.9,26.5,6.02,83.6,3.17,37509.12,869.31,Nigeria_Synthesized_FAO_NASA
Katsina,2024,Soya beans,1294.93,25.85,19.99,32.56,50.33,20.6,46.5,30.8,25.5,5.96,66.1,5.66,38444.89,1034.43,Nigeria_Synthesized_FAO_NASA
Kebbi,2024,Soya beans,2228.6,27.02,21.27,34.01,56.38,20.48,54.7,28.3,23.4,6.17,99.8,3.83,36049.27,1256.04,Nigeria_Synthesized_FAO_NASA
Kogi,2024,Soya beans,918.5,27.23,22.62,32.55,69.54,17.95,54.6,29.3,24.6,6.49,95.6,6.67,31295.88,714.16,Nigeria_Synthesized_FAO_NASA
Kwara,2024,Soya beans,1259.82,25.8,21.29,31.26,74.74,18.15,51.9,32.4,26.0,6.35,63.2,3.97,39237.43,1040.3,Nigeria_Synthesized_FAO_NASA
Lagos,2024,Soya beans,1382.65,27.05,25.19,29.33,84.49,16.86,50.6,28.5,26.6,5.96,106.4,5.92,26815.32,1223.86,Nigeria_Synthesized_FAO_NASA
Nasarawa,2024,Soya beans,1082.75,28.0,23.22,33.88,60.44,18.97,47.8,28.9,24.3,5.93,118.9,2.2,31310.81,846.09,Nigeria_Synthesized_FAO_NASA
Niger,2024,Soya beans,926.85,27.69,22.24,33.83,63.71,18.72,51.5,29.1,25.9,6.34,95.2,2.74,28180.87,789.79,Nigeria_Synthesized_FAO_NASA
Ogun,2024,Soya beans,1383.59,26.28,23.01,30.33,84.74,16.62,45.3,29.5,24.7,6.18,96.4,4.01,26508.96,1176.87,Nigeria_Synthesized_FAO_NASA
Ondo,2024,Soya beans,1380.98,25.04,21.44,29.48,81.98,17.4,51.9,30.4,24.2,6.33,83.0,5.05,22487.96,1069.74,Nigeria_Synthesized_FAO_NASA
Osun,2024,Soya beans,1552.21,25.25,21.3,29.96,80.5,16.59,51.6,28.7,23.2,5.99,91.2,7.67,33039.03,1249.55,Nigeria_Synthesized_FAO_NASA
Oyo,2024,Soya beans,1674.52,25.69,22.07,30.01,84.02,16.62,52.6,32.0,26.9,6.27,108.9,2.1,24484.72,1252.61,Nigeria_Synthesized_FAO_NASA
Plateau,2024,Soya beans,1740.79,23.31,17.86,30.2,58.55,18.87,52.1,27.4,25.0,6.18,64.9,7.66,23074.77,1102.62,Nigeria_Synthesized_FAO_NASA
Rivers,2024,Soya beans,1796.83,26.6,23.57,30.6,85.73,15.17,52.7,27.2,25.9,6.4,114.6,7.7,27837.02,1238.21,Nigeria_Synthesized_FAO_NASA
Sokoto,2024,Soya beans,1403.83,26.96,21.08,33.83,53.46,20.92,45.8,28.5,23.0,6.09,110.0,4.26,32123.11,1154.77,Nigeria_Synthesized_FAO_NASA
Taraba,2024,Soya beans,1137.38,27.76,22.3,34.06,57.28,19.35,49.6,32.8,24.0,6.28,73.6,2.4,29319.79,951.94,Nigeria_Synthesized_FAO_NASA
Yobe,2024,Soya beans,931.33,27.61,21.32,34.81,45.09,21.08,46.0,27.4,23.3,6.36,97.9,5.67,36282.35,774.07,Nigeria_Synthesized_FAO_NASA
Zamfara,2024,Soya beans,714.1,26.35,20.36,33.59,49.36,20.63,52.7,31.9,26.6,6.29,76.6,7.62,37656.35,694.95,Nigeria_Synthesized_FAO_NASA
Abia,2019,Sweet potatoes,2019.69,25.82,22.82,29.42,86.11,16.27,45.5,32.8,23.9,6.43,71.1,2.77,29032.56,3690.19,Nigeria_Synthesized_FAO_NASA
Adamawa,2019,Sweet potatoes,960.01,27.76,22.27,33.74,56.41,20.28,47.5,29.9,26.0,6.5,75.3,5.37,32268.82,2009.19,Nigeria_Synthesized_FAO_NASA
Akwa Ibom,2019,Sweet potatoes,2231.91,26.29,23.81,29.49,86.47,16.27,50.2,27.1,22.5,5.95,48.1,6.58,41607.4,3517.45,Nigeria_Synthesized_FAO_NASA
Anambra,2019,Sweet potatoes,2330.26,25.85,22.81,29.34,85.38,17.04,54.3,32.9,27.2,6.06,80.8,3.14,50271.76,3294.68,Nigeria_Synthesized_FAO_NASA
Bauchi,2019,Sweet potatoes,867.4,26.58,20.84,33.37,51.51,20.5,53.5,29.6,26.3,5.95,43.2,6.9,50118.55,2062.65,Nigeria_Synthesized_FAO_NASA
Bayelsa,2019,Sweet potatoes,3319.11,26.16,23.71,29.38,87.88,15.0,46.0,32.1,24.9,6.4,105.4,7.95,52730.87,3449.55,Nigeria_Synthesized_FAO_NASA
Benue,2019,Sweet potatoes,1023.91,26.98,22.72,32.08,71.9,18.06,46.5,27.5,24.7,6.4,77.9,7.39,51615.15,2273.33,Nigeria_Synthesized_FAO_NASA
Borno,2019,Sweet potatoes,545.89,28.54,22.01,35.97,40.71,21.14,54.5,27.4,27.0,6.08,80.0,4.75,33559.41,1907.0,Nigeria_Synthesized_FAO_NASA
Cross River,2019,Sweet potatoes,2231.91,26.29,23.81,29.49,86.47,15.4,46.9,28.2,23.4,6.19,103.8,5.7,37186.27,3321.17,Nigeria_Synthesized_FAO_NASA
Delta,2019,Sweet potatoes,2330.26,25.85,22.81,29.34,85.38,16.34,51.9,31.0,24.7,6.32,45.6,7.59,43975.67,3675.49,Nigeria_Synthesized_FAO_NASA
Ebonyi,2019,Sweet potatoes,1142.89,26.36,22.7,30.77,79.82,17.53,52.7,27.1,23.6,5.93,102.4,6.91,34432.52,2687.9,Nigeria_Synthesized_FAO_NASA
Edo,2019,Sweet potatoes,2626.04,25.64,22.8,29.18,88.29,15.76,50.0,31.2,23.3,6.29,46.7,3.18,28561.29,3607.77,Nigeria_Synthesized_FAO_NASA
Ekiti,2019,Sweet potatoes,2325.44,24.63,21.43,28.64,85.23,16.92,46.5,28.1,23.5,6.04,58.1,4.57,44390.76,3313.97,Nigeria_Synthesized_FAO_NASA
Enugu,2019,Sweet potatoes,1601.35,25.72,22.28,29.72,82.47,17.04,52.8,31.3,23.1,5.92,110.2,2.52,39134.46,3528.71,Nigeria_Synthesized_FAO_NASA
FCT Abuja,2019,Sweet potatoes,1302.2,26.23,21.5,31.88,67.06,18.58,51.3,30.5,27.4,6.44,72.9,4.42,28991.77,2756.25,Nigeria_Synthesized_FAO_NASA
Gombe,2019,Sweet potatoes,1233.79,26.8,21.28,33.1,55.76,20.71,46.4,27.8,23.1,6.04,64.5,8.25,32168.8,2724.06,Nigeria_Synthesized_FAO_NASA
Imo,2019,Sweet potatoes,2559.56,26.01,23.05,29.59,86.4,16.27,48.7,29.7,24.1,6.0,51.5,8.14,52536.91,3518.76,Nigeria_Synthesized_FAO_NASA
Jigawa,2019,Sweet potatoes,485.81,27.58,20.91,35.54,41.33,20.87,46.5,29.5,23.4,6.12,50.3,4.97,29547.22,2042.54,Nigeria_Synthesized_FAO_NASA
Kaduna,2019,Sweet potatoes,1623.16,24.48,19.33,30.82,63.85,19.89,45.9,29.6,27.4,6.09,110.1,7.48,37034.05,3189.8,Nigeria_Synthesized_FAO_NASA
Kano,2019,Sweet potatoes,517.4,27.07,20.35,35.28,43.11,21.48,51.6,32.1,22.9,6.18,119.1,7.0,47720.73,2063.64,Nigeria_Synthesized_FAO_NASA
Katsina,2019,Sweet potatoes,702.35,26.88,20.7,33.83,42.66,21.26,53.7,31.2,26.3,6.21,113.9,7.36,47465.26,2063.62,Nigeria_Synthesized_FAO_NASA
Kebbi,2019,Sweet potatoes,975.0,27.47,21.57,34.45,51.71,21.15,48.0,27.2,27.2,6.25,63.9,2.97,44864.95,2328.3,Nigeria_Synthesized_FAO_NASA
Kogi,2019,Sweet potatoes,1251.26,27.25,22.95,32.23,71.52,17.31,53.1,30.9,24.3,6.08,40.7,7.42,48852.56,3001.46,Nigeria_Synthesized_FAO_NASA
Kwara,2019,Sweet potatoes,1645.89,25.35,21.41,30.21,78.48,18.09,50.0,30.2,27.1,5.91,101.9,2.34,43834.48,3179.5,Nigeria_Synthesized_FAO_NASA
Lagos,2019,Sweet potatoes,1952.69,26.78,25.09,28.91,85.85,16.26,45.6,31.7,25.1,5.91,43.2,5.98,38934.14,3294.95,Nigeria_Synthesized_FAO_NASA
Nasarawa,2019,Sweet potatoes,938.12,27.98,23.38,33.58,62.16,18.38,50.5,31.8,25.6,6.03,89.0,6.08,39128.79,2192.83,Nigeria_Synthesized_FAO_NASA
Niger,2019,Sweet potatoes,1226.48,26.93,22.01,32.45,68.58,18.47,54.7,28.2,27.3,6.22,93.8,2.65,43593.51,2915.13,Nigeria_Synthesized_FAO_NASA
Ogun,2019,Sweet potatoes,1932.32,26.05,23.09,29.76,86.83,16.7,52.1,27.2,25.2,5.94,119.7,7.83,47215.17,3412.94,Nigeria_Synthesized_FAO_NASA
Ondo,2019,Sweet potatoes,2325.44,24.63,21.43,28.64,85.23,16.92,54.2,29.1,26.1,6.16,92.4,4.21,49392.24,3071.93,Nigeria_Synthesized_FAO_NASA
Osun,2019,Sweet potatoes,2184.61,24.92,21.46,29.14,83.53,16.53,46.5,32.0,24.2,6.14,111.5,5.23,38802.84,3262.68,Nigeria_Synthesized_FAO_NASA
Oyo,2019,Sweet potatoes,2257.17,25.43,22.21,29.34,86.49,16.7,53.9,28.0,24.9,6.49,69.8,4.42,51778.51,3436.98,Nigeria_Synthesized_FAO_NASA
Plateau,2019,Sweet potatoes,1166.1,23.54,18.25,30.23,58.25,18.6,52.4,31.6,27.3,6.37,59.5,2.26,31240.04,2282.21,Nigeria_Synthesized_FAO_NASA
Rivers,2019,Sweet potatoes,3286.85,26.06,23.24,29.71,87.68,15.01,48.1,32.4,25.4,6.02,111.1,8.46,36754.71,3750.83,Nigeria_Synthesized_FAO_NASA
Sokoto,2019,Sweet potatoes,1088.13,27.34,21.33,34.05,48.97,21.64,48.9,30.1,27.1,6.49,61.0,3.38,49480.09,2309.16,Nigeria_Synthesized_FAO_NASA
Taraba,2019,Sweet potatoes,982.97,27.29,22.23,33.11,61.02,19.1,45.1,29.5,22.9,6.14,43.2,7.43,42152.79,2086.95,Nigeria_Synthesized_FAO_NASA
Yobe,2019,Sweet potatoes,776.03,27.41,21.34,34.46,46.98,21.13,53.7,31.5,23.6,5.93,97.3,4.54,36458.59,1816.32,Nigeria_Synthesized_FAO_NASA
Zamfara,2019,Sweet potatoes,738.05,26.25,20.33,33.26,49.44,21.28,48.5,29.7,26.2,6.45,44.0,5.41,39311.58,1965.36,Nigeria_Synthesized_FAO_NASA
Abia,2020,Sweet potatoes,2029.78,25.76,22.57,29.63,85.2,16.76,53.9,29.2,27.2,6.28,114.7,6.92,40070.23,3114.55,Nigeria_Synthesized_FAO_NASA
Adamawa,2020,Sweet potatoes,982.6,27.15,21.49,33.42,57.83,20.76,48.9,28.0,25.0,6.18,116.5,4.82,34255.83,2053.16,Nigeria_Synthesized_FAO_NASA
Akwa Ibom,2020,Sweet potatoes,2982.8,26.24,23.63,29.59,86.16,16.76,53.8,28.3,25.0,6.11,72.0,4.35,51674.15,3572.64,Nigeria_Synthesized_FAO_NASA
Anambra,2020,Sweet potatoes,2228.5,25.76,22.46,29.53,84.05,17.58,50.2,32.9,22.8,6.19,101.9,2.98,39671.49,3541.93,Nigeria_Synthesized_FAO_NASA
Bauchi,2020,Sweet potatoes,2013.76,24.95,19.31,31.5,59.51,20.92,53.7,29.0,24.1,6.26,54.7,3.85,34459.56,3339.76,Nigeria_Synthesized_FAO_NASA
Bayelsa,2020,Sweet potatoes,3495.17,26.08,23.46,29.46,87.47,15.56,50.2,30.6,25.3,6.3,64.6,2.82,37257.56,3354.38,Nigeria_Synthesized_FAO_NASA
Benue,2020,Sweet potatoes,1209.6,26.41,22.11,31.55,72.34,18.7,47.6,29.4,25.0,6.22,92.8,2.27,49440.86,2774.05,Nigeria_Synthesized_FAO_NASA
Borno,2020,Sweet potatoes,545.45,28.06,21.39,35.6,42.48,21.41,49.7,32.0,24.8,5.98,118.8,7.78,30109.79,1887.3,Nigeria_Synthesized_FAO_NASA
Cross River,2020,Sweet potatoes,2982.8,26.24,23.63,29.59,86.16,15.31,46.8,32.6,25.2,6.42,67.4,4.18,38675.85,3564.82,Nigeria_Synthesized_FAO_NASA
Delta,2020,Sweet potatoes,2228.5,25.76,22.46,29.53,84.05,16.94,46.4,28.3,24.9,5.92,77.0,4.72,41379.46,3627.67,Nigeria_Synthesized_FAO_NASA
Ebonyi,2020,Sweet potatoes,1251.59,26.36,22.44,31.15,77.86,18.1,54.8,28.1,25.5,5.95,98.7,8.47,37289.52,2874.13,Nigeria_Synthesized_FAO_NASA
Edo,2020,Sweet potatoes,2111.49,25.46,22.36,29.3,87.0,16.43,49.8,32.0,27.2,6.5,71.7,8.44,42209.51,3504.97,Nigeria_Synthesized_FAO_NASA
Ekiti,2020,Sweet potatoes,1688.06,24.44,20.97,28.85,83.66,17.35,45.9,28.6,26.3,6.42,102.3,6.1,34804.74,3050.02,Nigeria_Synthesized_FAO_NASA
Enugu,2020,Sweet potatoes,1630.95,25.64,21.91,30.0,80.61,17.58,48.9,32.0,25.9,6.32,82.9,7.75,45959.05,3361.07,Nigeria_Synthesized_FAO_NASA
FCT Abuja,2020,Sweet potatoes,1389.91,25.33,20.59,31.05,70.06,19.24,52.8,30.0,26.9,6.1,69.5,7.78,37931.73,2841.55,Nigeria_Synthesized_FAO_NASA
Gombe,2020,Sweet potatoes,1610.11,25.46,19.91,31.96,61.65,21.05,48.3,28.7,25.8,5.96,110.3,7.06,41239.56,3315.68,Nigeria_Synthesized_FAO_NASA
Imo,2020,Sweet potatoes,2537.08,25.96,22.78,29.79,85.46,16.76,51.0,28.1,23.9,6.14,95.9,6.15,45599.18,3219.54,Nigeria_Synthesized_FAO_NASA
Jigawa,2020,Sweet potatoes,1348.11,26.04,19.53,33.9,50.64,21.0,52.6,30.7,26.4,6.1,110.5,6.0,47422.25,2949.46,Nigeria_Synthesized_FAO_NASA
Kaduna,2020,Sweet potatoes,3398.52,23.14,18.43,29.08,70.9,20.28,47.2,30.3,24.4,6.32,78.1,7.43,41978.55,3250.8,Nigeria_Synthesized_FAO_NASA
Kano,2020,Sweet potatoes,1291.71,25.59,19.15,33.6,52.35,21.5,47.2,32.9,26.7,6.38,66.4,5.48,45366.97,2851.47,Nigeria_Synthesized_FAO_NASA
Katsina,2020,Sweet potatoes,1539.75,25.3,19.52,31.74,53.57,21.05,46.5,30.3,25.7,6.13,79.9,7.69,41787.32,3084.69,Nigeria_Synthesized_FAO_NASA
Kebbi,2020,Sweet potatoes,1131.67,26.83,21.14,33.82,56.95,20.69,46.7,27.2,23.4,6.36,72.4,7.67,47993.8,2365.29,Nigeria_Synthesized_FAO_NASA
Kogi,2020,Sweet potatoes,1391.1,26.62,22.18,31.74,72.68,17.84,52.2,27.7,26.4,5.99,67.6,6.95,29136.37,3094.33,Nigeria_Synthesized_FAO_NASA
Kwara,2020,Sweet potatoes,1204.71,25.26,20.98,30.59,76.31,18.29,53.3,28.1,26.5,6.3,55.4,3.97,37693.68,2745.0,Nigeria_Synthesized_FAO_NASA
Lagos,2020,Sweet potatoes,1510.91,26.41,24.55,28.78,85.34,16.91,47.0,30.9,27.5,5.9,83.3,5.73,37976.32,3130.29,Nigeria_Synthesized_FAO_NASA
Nasarawa,2020,Sweet potatoes,1078.68,27.24,22.6,32.97,63.62,19.25,50.4,29.8,23.8,5.92,72.7,2.34,40991.58,2559.16,Nigeria_Synthesized_FAO_NASA
Niger,2020,Sweet potatoes,1309.13,26.28,21.2,32.07,70.38,18.94,50.3,27.8,27.2,6.44,55.2,4.23,36121.82,2893.8,Nigeria_Synthesized_FAO_NASA
Ogun,2020,Sweet potatoes,1525.8,25.74,22.52,29.83,85.71,16.87,48.5,28.5,27.1,6.42,86.4,5.38,30936.03,3350.06,Nigeria_Synthesized_FAO_NASA
Ondo,2020,Sweet potatoes,1688.06,24.44,20.97,28.85,83.66,17.35,54.7,27.8,23.3,6.31,83.3,2.12,51441.76,3450.15,Nigeria_Synthesized_FAO_NASA
Osun,2020,Sweet potatoes,1523.34,24.79,21.01,29.45,81.59,16.86,53.7,29.1,27.0,6.26,104.5,4.78,50354.95,2964.3,Nigeria_Synthesized_FAO_NASA
Oyo,2020,Sweet potatoes,1568.36,25.24,21.73,29.6,84.71,16.87,49.6,30.3,23.0,6.5,59.5,3.29,39220.28,3106.78,Nigeria_Synthesized_FAO_NASA
Plateau,2020,Sweet potatoes,3385.52,22.35,17.41,28.56,63.84,19.39,49.4,31.6,25.1,6.27,97.9,2.16,41756.25,3021.4,Nigeria_Synthesized_FAO_NASA
Rivers,2020,Sweet potatoes,3361.46,26.04,23.03,29.87,87.03,15.21,45.2,29.4,27.1,6.11,76.7,8.38,50259.72,3433.91,Nigeria_Synthesized_FAO_NASA
Sokoto,2020,Sweet potatoes,1145.58,26.35,20.64,33.04,56.06,21.49,53.6,32.2,24.9,6.21,106.9,6.8,30190.27,2396.26,Nigeria_Synthesized_FAO_NASA
Taraba,2020,Sweet potatoes,1075.73,26.37,21.19,32.39,64.01,19.69,49.8,32.2,27.0,6.48,110.4,5.77,29005.08,2276.44,Nigeria_Synthesized_FAO_NASA
Yobe,2020,Sweet potatoes,792.26,26.9,20.63,34.19,48.36,21.55,52.4,30.2,22.9,6.46,76.4,4.36,47580.05,1860.3,Nigeria_Synthesized_FAO_NASA
Zamfara,2020,Sweet potatoes,1146.34,25.26,19.6,32.14,55.83,20.88,47.1,32.0,23.9,6.01,72.5,6.75,45104.59,2485.51,Nigeria_Synthesized_FAO_NASA
Abia,2021,Sweet potatoes,1877.25,25.78,22.8,29.53,86.39,16.48,54.4,27.8,22.9,6.24,63.2,7.38,48397.1,3644.0,Nigeria_Synthesized_FAO_NASA
Adamawa,2021,Sweet potatoes,945.3,27.6,21.95,33.88,56.24,20.8,47.5,29.9,25.0,6.04,87.2,4.88,52351.43,2152.4,Nigeria_Synthesized_FAO_NASA
Akwa Ibom,2021,Sweet potatoes,2456.61,26.21,23.74,29.42,87.15,16.48,45.2,30.1,24.2,5.89,64.6,3.81,37459.83,3407.54,Nigeria_Synthesized_FAO_NASA
Anambra,2021,Sweet potatoes,2208.72,25.78,22.8,29.34,86.04,17.38,50.1,31.2,25.7,6.39,76.2,5.37,31804.75,3333.61,Nigeria_Synthesized_FAO_NASA
Bauchi,2021,Sweet potatoes,3305.27,25.04,19.49,31.42,60.49,21.27,52.0,29.6,24.6,6.36,54.0,4.2,39051.02,3477.83,Nigeria_Synthesized_FAO_NASA
Bayelsa,2021,Sweet potatoes,3490.5,26.11,23.68,29.29,88.5,15.38,47.3,30.5,26.5,6.38,69.2,8.43,37371.0,3275.07,Nigeria_Synthesized_FAO_NASA
Benue,2021,Sweet potatoes,1524.55,26.51,22.31,31.46,73.01,18.37,53.4,31.4,26.2,6.01,77.5,7.6,38357.84,3440.6,Nigeria_Synthesized_FAO_NASA
Borno,2021,Sweet potatoes,444.23,28.5,21.62,36.32,39.39,21.77,50.9,32.1,23.9,6.25,49.9,6.49,45315.16,1811.4,Nigeria_Synthesized_FAO_NASA
Cross River,2021,Sweet potatoes,2456.61,26.21,23.74,29.42,87.15,15.69,51.8,29.5,23.1,6.15,55.5,4.7,29624.51,3564.4,Nigeria_Synthesized_FAO_NASA
Delta,2021,Sweet potatoes,2208.72,25.78,22.8,29.34,86.04,16.78,52.7,30.6,22.6,6.47,94.9,2.22,46660.79,3328.67,Nigeria_Synthesized_FAO_NASA
Ebonyi,2021,Sweet potatoes,780.95,26.73,22.83,31.71,77.1,17.93,50.8,29.8,24.6,6.44,75.0,2.49,33480.43,1976.09,Nigeria_Synthesized_FAO_NASA
Edo,2021,Sweet potatoes,2357.05,25.6,22.85,29.07,89.16,16.34,51.8,29.8,23.0,6.38,46.0,2.45,51122.05,3613.42,Nigeria_Synthesized_FAO_NASA
Ekiti,2021,Sweet potatoes,2803.84,24.66,21.47,28.82,85.48,17.19,45.1,29.5,23.2,5.99,46.2,3.33,32497.32,3292.73,Nigeria_Synthesized_FAO_NASA
Enugu,2021,Sweet potatoes,1288.82,25.72,22.24,30.06,82.26,17.38,49.5,30.0,22.7,5.93,60.6,5.54,48388.43,2893.07,Nigeria_Synthesized_FAO_NASA
FCT Abuja,2021,Sweet potatoes,1369.92,25.61,20.82,31.36,68.57,19.4,48.9,27.7,26.4,6.12,98.9,5.33,43393.69,3075.97,Nigeria_Synthesized_FAO_NASA
Gombe,2021,Sweet potatoes,2221.85,25.9,20.36,32.35,60.63,21.29,54.2,30.2,25.1,6.05,114.9,4.98,50797.62,3534.09,Nigeria_Synthesized_FAO_NASA
Imo,2021,Sweet potatoes,2610.4,25.97,23.05,29.59,86.97,16.48,46.3,30.0,25.3,6.1,45.7,8.13,39173.57,3208.22,Nigeria_Synthesized_FAO_NASA
Jigawa,2021,Sweet potatoes,1693.73,25.93,19.29,33.69,51.02,21.81,48.7,31.6,24.9,6.01,50.0,4.24,49122.09,3556.29,Nigeria_Synthesized_FAO_NASA
Kaduna,2021,Sweet potatoes,6360.7,23.35,18.52,29.42,70.17,20.72,45.5,29.6,24.8,6.08,85.7,2.97,53025.99,2953.01,Nigeria_Synthesized_FAO_NASA
Kano,2021,Sweet potatoes,1845.71,25.31,18.75,33.21,53.87,22.26,50.9,31.3,26.9,6.41,88.7,4.52,36717.96,3493.6,Nigeria_Synthesized_FAO_NASA
Katsina,2021,Sweet potatoes,1784.49,25.63,19.61,32.47,49.51,21.82,53.8,27.6,24.4,6.37,74.5,4.16,47403.99,3377.32,Nigeria_Synthesized_FAO_NASA
Kebbi,2021,Sweet potatoes,925.26,27.38,21.34,34.71,52.95,21.44,55.0,30.0,23.5,5.99,43.4,5.63,43340.82,2034.84,Nigeria_Synthesized_FAO_NASA
Kogi,2021,Sweet potatoes,2024.23,26.62,22.46,31.48,74.62,17.63,52.0,31.4,23.8,6.1,119.2,4.43,33602.1,3504.96,Nigeria_Synthesized_FAO_NASA
Kwara,2021,Sweet potatoes,1764.69,25.68,21.46,30.92,74.97,18.45,52.9,31.6,25.8,6.42,115.1,5.77,39663.94,3521.95,Nigeria_Synthesized_FAO_NASA
Lagos,2021,Sweet potatoes,1713.6,26.77,25.1,28.92,85.31,16.64,52.6,30.9,23.4,5.92,94.6,3.63,38338.95,3349.13,Nigeria_Synthesized_FAO_NASA
Nasarawa,2021,Sweet potatoes,1517.79,27.2,22.63,32.72,64.83,19.03,50.6,27.5,23.4,6.03,60.6,5.68,46865.43,3404.29,Nigeria_Synthesized_FAO_NASA
Niger,2021,Sweet potatoes,1567.28,26.65,21.5,32.49,68.64,19.19,45.7,28.0,27.4,6.18,109.4,7.52,33551.31,3485.52,Nigeria_Synthesized_FAO_NASA
Ogun,2021,Sweet potatoes,1752.89,26.03,23.06,29.86,86.44,17.14,46.9,31.1,23.9,6.41,46.7,7.03,45884.26,3424.13,Nigeria_Synthesized_FAO_NASA
Ondo,2021,Sweet potatoes,2803.84,24.66,21.47,28.82,85.48,17.19,48.0,30.9,24.9,6.12,91.6,8.16,50158.34,3063.63,Nigeria_Synthesized_FAO_NASA
Osun,2021,Sweet potatoes,2545.61,25.1,21.46,29.67,82.03,16.81,51.1,31.8,24.4,6.18,109.5,4.7,51080.84,3075.97,Nigeria_Synthesized_FAO_NASA
Oyo,2021,Sweet potatoes,2405.57,25.45,22.18,29.58,85.99,17.14,46.6,30.9,26.1,6.25,51.5,4.9,29069.92,3375.19,Nigeria_Synthesized_FAO_NASA
Plateau,2021,Sweet potatoes,6143.64,22.42,17.47,28.63,64.07,19.45,53.7,31.7,22.9,6.44,77.7,6.84,40715.57,2966.18,Nigeria_Synthesized_FAO_NASA
Rivers,2021,Sweet potatoes,3286.06,26.06,23.27,29.7,88.29,15.22,47.4,29.6,22.6,5.98,47.4,3.56,45003.29,3223.97,Nigeria_Synthesized_FAO_NASA
Sokoto,2021,Sweet potatoes,1248.4,26.82,20.76,33.8,52.26,22.27,45.3,30.7,23.2,6.48,114.6,3.47,45522.31,2622.59,Nigeria_Synthesized_FAO_NASA
Taraba,2021,Sweet potatoes,995.65,26.9,21.62,32.99,61.7,19.68,54.3,30.1,22.7,6.1,46.1,4.55,29261.22,2281.04,Nigeria_Synthesized_FAO_NASA
Yobe,2021,Sweet potatoes,1602.2,26.8,20.56,34.02,49.32,22.04,48.8,27.7,23.7,5.95,104.6,2.88,40084.35,3594.28,Nigeria_Synthesized_FAO_NASA
Zamfara,2021,Sweet potatoes,1543.33,25.19,19.44,32.19,55.73,21.79,47.3,30.8,24.8,6.14,87.4,5.19,36970.06,3343.8,Nigeria_Synthesized_FAO_NASA
Abia,2022,Sweet potatoes,1579.69,25.57,22.28,29.59,84.63,16.48,51.7,27.2,24.8,5.93,54.9,5.64,42215.43,3274.76,Nigeria_Synthesized_FAO_NASA
Adamawa,2022,Sweet potatoes,1250.17,26.34,20.98,32.39,61.0,20.39,45.7,29.5,25.4,5.98,101.2,6.84,50134.99,2937.54,Nigeria_Synthesized_FAO_NASA
Akwa Ibom,2022,Sweet potatoes,3367.59,26.03,23.38,29.41,86.43,16.48,47.2,32.0,25.9,6.44,44.6,5.88,28747.04,3651.16,Nigeria_Synthesized_FAO_NASA
Anambra,2022,Sweet potatoes,1520.42,25.52,22.18,29.44,83.61,17.09,50.1,30.7,23.5,6.06,91.2,5.04,29412.14,3326.47,Nigeria_Synthesized_FAO_NASA
Bauchi,2022,Sweet potatoes,2192.25,23.61,18.14,29.92,65.09,20.54,47.7,32.9,27.1,5.91,101.7,2.72,36914.93,3355.13,Nigeria_Synthesized_FAO_NASA
Bayelsa,2022,Sweet potatoes,2262.15,25.86,23.18,29.29,87.25,15.34,47.7,31.9,26.1,6.5,96.9,4.72,35234.7,3153.86,Nigeria_Synthesized_FAO_NASA
Benue,2022,Sweet potatoes,1847.07,25.08,21.17,29.65,77.48,18.09,52.1,31.6,27.2,5.96,96.4,7.53,52988.61,3435.1,Nigeria_Synthesized_FAO_NASA
Borno,2022,Sweet potatoes,476.63,27.77,21.18,35.35,41.4,21.11,50.0,31.1,23.7,6.26,60.6,4.17,33700.27,1993.33,Nigeria_Synthesized_FAO_NASA
Cross River,2022,Sweet potatoes,3367.59,26.03,23.38,29.41,86.43,15.25,49.5,30.0,24.0,5.99,43.8,3.27,41484.71,3397.73,Nigeria_Synthesized_FAO_NASA
Delta,2022,Sweet potatoes,1520.42,25.52,22.18,29.44,83.61,16.56,46.7,27.7,26.2,6.08,116.1,6.64,47769.72,3333.26,Nigeria_Synthesized_FAO_NASA
Ebonyi,2022,Sweet potatoes,1089.98,26.56,22.33,31.89,73.62,17.56,50.2,27.5,23.1,6.0,102.0,5.34,35622.36,2368.16,Nigeria_Synthesized_FAO_NASA
Edo,2022,Sweet potatoes,1751.31,25.24,22.22,29.04,87.11,16.2,49.2,30.1,23.6,6.23,118.3,2.48,45015.28,3084.07,Nigeria_Synthesized_FAO_NASA
Ekiti,2022,Sweet potatoes,2113.63,24.07,20.77,28.17,85.26,17.06,47.5,29.3,26.6,6.46,56.2,5.53,34483.76,3110.7,Nigeria_Synthesized_FAO_NASA
Enugu,2022,Sweet potatoes,1234.16,25.55,21.69,30.33,78.39,17.09,49.3,28.2,24.9,6.14,103.6,6.96,41304.6,2731.74,Nigeria_Synthesized_FAO_NASA
FCT Abuja,2022,Sweet potatoes,1760.93,24.61,19.96,30.21,72.48,18.75,54.1,30.2,26.8,5.93,82.1,5.51,30704.84,3087.29,Nigeria_Synthesized_FAO_NASA
Gombe,2022,Sweet potatoes,2531.68,24.85,19.37,31.35,62.57,20.6,47.4,29.4,26.8,6.47,119.4,8.23,30927.23,3495.49,Nigeria_Synthesized_FAO_NASA
Imo,2022,Sweet potatoes,1729.51,25.75,22.53,29.66,85.07,16.48,46.5,29.1,26.6,6.44,54.9,6.03,29706.51,3131.37,Nigeria_Synthesized_FAO_NASA
Jigawa,2022,Sweet potatoes,764.89,25.49,18.93,33.6,50.77,20.59,46.0,29.7,24.4,6.25,75.1,2.11,39883.44,1937.28,Nigeria_Synthesized_FAO_NASA
Kaduna,2022,Sweet potatoes,4954.11,22.45,17.78,28.41,73.02,19.63,49.7,32.7,23.3,6.01,104.6,3.7,41835.75,3291.52,Nigeria_Synthesized_FAO_NASA
Kano,2022,Sweet potatoes,781.04,24.6,18.13,32.79,55.71,20.9,45.3,30.1,23.5,6.36,91.3,8.0,35181.81,1849.74,Nigeria_Synthesized_FAO_NASA
Katsina,2022,Sweet potatoes,1325.45,24.72,18.93,31.41,53.18,20.62,53.0,30.9,25.8,6.41,85.9,5.03,32961.67,2922.79,Nigeria_Synthesized_FAO_NASA
Kebbi,2022,Sweet potatoes,980.15,26.68,20.86,33.83,54.97,20.66,46.8,30.7,23.7,5.94,40.0,5.95,35828.2,2246.3,Nigeria_Synthesized_FAO_NASA
Kogi,2022,Sweet potatoes,1437.67,25.42,21.41,29.88,78.17,17.55,48.8,29.9,24.5,6.29,68.5,8.26,46942.78,3032.89,Nigeria_Synthesized_FAO_NASA
Kwara,2022,Sweet potatoes,1540.4,24.76,20.61,29.83,78.16,18.05,54.2,29.7,25.2,6.35,95.7,7.79,49284.24,3480.89,Nigeria_Synthesized_FAO_NASA
Lagos,2022,Sweet potatoes,1637.38,26.36,24.55,28.59,85.07,16.58,48.5,32.0,26.0,6.32,66.1,7.11,52950.1,3584.72,Nigeria_Synthesized_FAO_NASA
Nasarawa,2022,Sweet potatoes,1908.77,25.78,21.49,31.12,70.43,18.69,51.3,29.4,27.4,6.19,58.3,4.48,33885.67,3621.34,Nigeria_Synthesized_FAO_NASA
Niger,2022,Sweet potatoes,1218.58,25.95,20.84,31.8,71.14,18.49,51.0,32.6,26.8,5.93,119.5,6.54,30400.78,2738.33,Nigeria_Synthesized_FAO_NASA
Ogun,2022,Sweet potatoes,1698.93,25.61,22.45,29.56,86.01,16.65,46.7,32.0,22.6,6.03,100.6,5.81,28843.18,3202.38,Nigeria_Synthesized_FAO_NASA
Ondo,2022,Sweet potatoes,2113.63,24.07,20.77,28.17,85.26,17.06,45.5,32.4,23.6,6.23,91.5,3.1,46792.08,3367.86,Nigeria_Synthesized_FAO_NASA
Osun,2022,Sweet potatoes,2171.52,24.37,20.75,28.76,83.32,16.56,45.6,32.6,25.4,6.32,82.0,7.43,40480.92,3501.83,Nigeria_Synthesized_FAO_NASA
Oyo,2022,Sweet potatoes,2188.72,25.01,21.57,29.19,85.48,16.65,49.7,27.5,26.0,6.13,61.8,2.02,35104.63,3073.59,Nigeria_Synthesized_FAO_NASA
Plateau,2022,Sweet potatoes,4912.41,21.6,16.62,27.93,66.17,18.96,49.0,30.4,23.6,6.28,41.0,5.18,48936.42,3064.46,Nigeria_Synthesized_FAO_NASA
Rivers,2022,Sweet potatoes,2252.03,25.81,22.77,29.66,87.1,15.13,48.8,31.6,25.5,6.46,71.9,4.07,51000.62,3485.1,Nigeria_Synthesized_FAO_NASA
Sokoto,2022,Sweet potatoes,1156.6,26.01,20.22,32.86,54.85,21.23,46.4,27.5,26.7,5.9,108.9,4.93,29744.09,2698.75,Nigeria_Synthesized_FAO_NASA
Taraba,2022,Sweet potatoes,1228.08,25.86,20.77,31.75,65.52,19.13,46.9,30.7,25.9,6.19,43.2,6.26,38364.65,2472.74,Nigeria_Synthesized_FAO_NASA
Yobe,2022,Sweet potatoes,893.85,26.19,20.1,33.36,49.44,21.16,53.3,28.2,26.9,6.09,41.1,7.48,46160.31,2083.02,Nigeria_Synthesized_FAO_NASA
Zamfara,2022,Sweet potatoes,1059.55,24.33,18.79,31.18,58.41,20.65,47.3,28.5,24.8,6.45,52.0,7.37,44575.97,2363.19,Nigeria_Synthesized_FAO_NASA
Abia,2023,Sweet potatoes,1475.58,26.0,22.97,29.78,85.98,16.51,54.2,29.6,24.3,6.39,82.4,6.45,48368.76,3118.57,Nigeria_Synthesized_FAO_NASA
Adamawa,2023,Sweet potatoes,519.27,29.06,23.09,35.71,48.82,20.47,53.4,28.2,27.2,6.05,98.7,3.85,32312.46,1811.33,Nigeria_Synthesized_FAO_NASA
Akwa Ibom,2023,Sweet potatoes,2436.57,26.42,24.01,29.57,87.24,16.51,52.5,30.3,26.9,6.08,95.4,6.89,36159.74,3354.45,Nigeria_Synthesized_FAO_NASA
Anambra,2023,Sweet potatoes,1615.95,26.03,22.88,29.77,84.86,17.37,49.8,29.1,24.1,6.32,57.3,6.61,38377.99,3223.67,Nigeria_Synthesized_FAO_NASA
Bauchi,2023,Sweet potatoes,697.86,26.4,20.3,33.58,51.79,20.63,51.1,27.4,26.8,6.07,89.2,8.36,42408.81,1988.77,Nigeria_Synthesized_FAO_NASA
Bayelsa,2023,Sweet potatoes,1814.82,26.3,23.77,29.56,87.72,15.29,49.5,27.4,26.5,5.91,96.1,2.15,46314.84,3495.13,Nigeria_Synthesized_FAO_NASA
Benue,2023,Sweet potatoes,944.03,26.63,22.48,31.5,74.24,18.47,50.1,30.6,24.8,6.1,77.4,4.02,32428.7,2226.29,Nigeria_Synthesized_FAO_NASA
Borno,2023,Sweet potatoes,343.14,29.63,22.82,37.31,35.78,20.81,50.7,28.4,27.4,6.2,55.5,5.1,37357.45,1726.77,Nigeria_Synthesized_FAO_NASA
Cross River,2023,Sweet potatoes,2436.57,26.42,24.01,29.57,87.24,15.23,51.8,30.3,23.3,6.4,69.5,3.91,29102.6,3657.75,Nigeria_Synthesized_FAO_NASA
Delta,2023,Sweet potatoes,1615.95,26.03,22.88,29.77,84.86,16.79,54.0,30.8,26.2,6.41,44.4,7.04,44204.41,3593.28,Nigeria_Synthesized_FAO_NASA
Ebonyi,2023,Sweet potatoes,798.23,27.26,23.22,32.34,75.35,17.86,50.1,27.5,26.2,6.23,116.3,3.19,30270.67,1912.84,Nigeria_Synthesized_FAO_NASA
Edo,2023,Sweet potatoes,1676.66,25.77,22.82,29.43,87.56,16.33,51.1,31.3,26.1,6.4,108.3,2.5,33749.7,3444.07,Nigeria_Synthesized_FAO_NASA
Ekiti,2023,Sweet potatoes,2169.85,24.73,21.45,28.77,85.2,17.29,50.0,28.1,25.3,6.14,71.2,7.26,45394.44,3194.73,Nigeria_Synthesized_FAO_NASA
Enugu,2023,Sweet potatoes,1108.57,26.27,22.56,30.82,79.47,17.37,45.6,32.1,27.3,6.32,69.1,8.1,29216.41,2407.95,Nigeria_Synthesized_FAO_NASA
FCT Abuja,2023,Sweet potatoes,1030.73,25.93,21.23,31.83,70.09,19.26,52.7,29.3,24.9,6.01,63.4,7.06,49244.12,2307.35,Nigeria_Synthesized_FAO_NASA
Gombe,2023,Sweet potatoes,862.01,27.1,21.19,33.91,53.37,20.53,49.7,27.5,22.8,6.12,77.1,5.96,46308.74,2059.33,Nigeria_Synthesized_FAO_NASA
Imo,2023,Sweet potatoes,1777.67,26.17,23.15,29.88,86.12,16.51,48.6,32.1,25.2,5.97,103.8,6.61,52804.33,3158.07,Nigeria_Synthesized_FAO_NASA
Jigawa,2023,Sweet potatoes,423.99,28.08,21.04,36.39,38.64,20.91,45.9,30.9,27.1,5.95,61.1,7.87,41168.66,1840.13,Nigeria_Synthesized_FAO_NASA
Kaduna,2023,Sweet potatoes,2465.41,24.0,18.96,30.15,67.86,20.1,50.3,30.6,24.6,6.08,43.9,6.84,44581.97,3089.48,Nigeria_Synthesized_FAO_NASA
Kano,2023,Sweet potatoes,404.08,27.34,20.3,35.93,42.1,21.23,51.4,28.5,22.6,6.39,79.3,3.99,44992.92,1947.91,Nigeria_Synthesized_FAO_NASA
Katsina,2023,Sweet potatoes,982.9,26.58,20.38,33.43,45.93,20.87,48.5,31.8,27.1,6.45,113.6,7.9,30104.5,2048.29,Nigeria_Synthesized_FAO_NASA
Kebbi,2023,Sweet potatoes,730.22,28.19,22.1,35.52,49.11,21.05,53.0,28.3,23.8,6.03,81.2,4.09,33941.52,1833.79,Nigeria_Synthesized_FAO_NASA
Kogi,2023,Sweet potatoes,1484.52,26.48,22.44,31.06,77.19,17.79,53.7,30.4,26.9,6.01,53.4,5.74,39665.64,3111.76,Nigeria_Synthesized_FAO_NASA
Kwara,2023,Sweet potatoes,1579.72,25.6,21.52,30.56,78.01,18.12,52.9,31.5,27.2,6.14,56.5,5.58,44734.51,3348.92,Nigeria_Synthesized_FAO_NASA
Lagos,2023,Sweet potatoes,1725.77,26.85,25.11,28.99,85.4,16.75,47.1,29.4,23.1,5.91,92.5,5.97,35641.81,3282.53,Nigeria_Synthesized_FAO_NASA
Nasarawa,2023,Sweet potatoes,792.72,27.73,23.06,33.55,63.92,18.98,46.1,28.7,23.1,6.41,99.8,3.31,44739.74,1913.7,Nigeria_Synthesized_FAO_NASA
Niger,2023,Sweet potatoes,980.38,27.13,22.06,32.82,68.69,18.85,50.9,31.8,23.8,6.02,102.7,6.46,52238.48,2145.35,Nigeria_Synthesized_FAO_NASA
Ogun,2023,Sweet potatoes,1751.53,26.09,23.04,29.88,86.48,16.84,50.6,31.4,23.9,6.11,109.7,4.01,42101.18,3519.42,Nigeria_Synthesized_FAO_NASA
Ondo,2023,Sweet potatoes,2169.85,24.73,21.45,28.77,85.2,17.29,55.0,29.6,24.6,6.41,104.4,6.75,45774.41,3301.19,Nigeria_Synthesized_FAO_NASA
Osun,2023,Sweet potatoes,2201.65,25.06,21.5,29.39,83.52,16.78,51.1,32.3,26.9,5.96,74.3,5.02,36501.03,3292.23,Nigeria_Synthesized_FAO_NASA
Oyo,2023,Sweet potatoes,2213.93,25.55,22.23,29.59,86.03,16.84,49.1,27.2,25.3,5.95,106.8,6.89,45171.0,3620.43,Nigeria_Synthesized_FAO_NASA
Plateau,2023,Sweet potatoes,2848.18,23.43,18.07,30.06,59.1,19.25,54.0,28.7,23.7,6.47,104.7,7.33,39078.85,3119.93,Nigeria_Synthesized_FAO_NASA
Rivers,2023,Sweet potatoes,1891.07,26.21,23.36,29.86,87.72,14.97,45.3,28.4,26.4,6.04,98.3,3.64,32077.55,3265.61,Nigeria_Synthesized_FAO_NASA
Sokoto,2023,Sweet potatoes,789.78,27.79,21.68,34.73,47.25,21.37,47.4,29.3,24.0,5.96,79.2,4.46,52643.68,1817.59,Nigeria_Synthesized_FAO_NASA
Taraba,2023,Sweet potatoes,410.16,28.57,22.82,35.08,53.6,19.38,50.4,27.2,25.6,5.92,89.3,6.45,48589.36,1860.51,Nigeria_Synthesized_FAO_NASA
Yobe,2023,Sweet potatoes,406.07,28.53,21.87,36.21,40.3,21.27,54.1,31.9,24.0,6.25,113.2,4.08,48632.25,1719.16,Nigeria_Synthesized_FAO_NASA
Zamfara,2023,Sweet potatoes,540.96,26.93,20.75,34.3,46.38,21.09,45.0,31.6,26.3,6.38,114.4,2.77,28800.63,1986.2,Nigeria_Synthesized_FAO_NASA
Abia,2024,Sweet potatoes,1371.1,26.26,22.98,30.44,83.64,16.73,46.8,31.1,25.2,5.94,62.8,5.38,50685.17,2897.83,Nigeria_Synthesized_FAO_NASA
Adamawa,2024,Sweet potatoes,935.61,28.37,22.56,34.94,52.06,20.19,51.2,30.0,24.0,5.96,72.7,2.19,45882.34,2140.3,Nigeria_Synthesized_FAO_NASA
Akwa Ibom,2024,Sweet potatoes,1887.73,26.7,24.02,30.21,85.14,16.73,49.2,27.3,25.4,6.23,46.2,8.13,39148.72,3329.89,Nigeria_Synthesized_FAO_NASA
Anambra,2024,Sweet potatoes,1360.79,26.34,22.94,30.45,82.05,17.55,45.0,32.3,22.6,6.36,68.9,6.8,49488.27,2819.19,Nigeria_Synthesized_FAO_NASA
Bauchi,2024,Sweet potatoes,1109.06,26.3,20.35,33.25,52.28,20.55,52.7,27.4,27.1,5.92,78.3,6.7,30297.01,2413.48,Nigeria_Synthesized_FAO_NASA
Bayelsa,2024,Sweet potatoes,1913.76,26.75,24.06,30.28,85.78,15.55,52.6,31.7,27.1,6.12,80.5,4.36,33879.2,3436.85,Nigeria_Synthesized_FAO_NASA
Benue,2024,Sweet potatoes,1021.39,27.15,22.6,32.57,67.47,18.62,48.4,29.6,24.5,6.33,113.4,6.33,46947.12,2207.01,Nigeria_Synthesized_FAO_NASA
Borno,2024,Sweet potatoes,583.5,28.57,22.0,36.05,40.59,20.7,51.4,27.4,23.0,5.91,76.5,7.37,47636.8,1799.43,Nigeria_Synthesized_FAO_NASA
Cross River,2024,Sweet potatoes,1887.73,26.7,24.02,30.21,85.14,15.26,54.1,32.0,25.8,6.06,49.4,2.1,37965.73,3386.88,Nigeria_Synthesized_FAO_NASA
Delta,2024,Sweet potatoes,1360.79,26.34,22.94,30.45,82.05,16.99,50.5,27.4,23.2,6.0,90.6,6.0,35724.16,2822.86,Nigeria_Synthesized_FAO_NASA
Ebonyi,2024,Sweet potatoes,905.76,27.86,23.42,33.37,68.7,18.04,48.7,27.6,23.6,6.45,118.4,6.21,34693.63,2008.92,Nigeria_Synthesized_FAO_NASA
Edo,2024,Sweet potatoes,1389.25,26.08,22.92,30.06,85.46,16.41,45.3,33.0,23.0,6.31,60.2,4.55,44296.05,3254.26,Nigeria_Synthesized_FAO_NASA
Ekiti,2024,Sweet potatoes,1380.98,25.04,21.44,29.48,81.98,17.4,47.5,29.0,24.2,6.48,103.9,4.98,39246.74,3003.87,Nigeria_Synthesized_FAO_NASA
Enugu,2024,Sweet potatoes,980.36,26.81,22.68,31.9,73.62,17.55,46.6,28.3,24.3,6.44,50.5,2.79,48415.57,2095.63,Nigeria_Synthesized_FAO_NASA
FCT Abuja,2024,Sweet potatoes,1182.97,26.46,21.44,32.59,64.55,18.82,50.7,29.7,24.7,5.96,51.3,7.34,35327.91,2625.73,Nigeria_Synthesized_FAO_NASA
Gombe,2024,Sweet potatoes,1511.27,26.9,21.14,33.62,54.02,20.46,46.1,27.3,25.5,6.33,69.8,6.42,34306.39,3612.8,Nigeria_Synthesized_FAO_NASA
Imo,2024,Sweet potatoes,1626.91,26.48,23.28,30.5,84.2,16.73,45.6,28.2,22.8,6.43,103.4,5.74,51459.19,3586.21,Nigeria_Synthesized_FAO_NASA
Jigawa,2024,Sweet potatoes,1025.51,26.63,20.09,34.46,47.2,20.69,48.0,30.4,23.8,5.94,98.5,3.94,35252.06,2137.67,Nigeria_Synthesized_FAO_NASA
Kaduna,2024,Sweet potatoes,1925.09,24.21,19.05,30.7,65.0,19.62,53.0,30.4,27.0,6.2,115.3,7.8,31686.52,3203.53,Nigeria_Synthesized_FAO_NASA
Kano,2024,Sweet potatoes,1009.62,26.18,19.59,34.33,48.56,20.93,48.2,29.2,22.7,6.26,97.8,7.03,51423.72,2251.18,Nigeria_Synthesized_FAO_NASA
Katsina,2024,Sweet potatoes,1294.93,25.85,19.99,32.56,50.33,20.6,46.8,31.0,23.3,6.45,58.5,3.89,39434.56,2665.29,Nigeria_Synthesized_FAO_NASA
Kebbi,2024,Sweet potatoes,2228.6,27.02,21.27,34.01,56.38,20.48,45.2,30.0,22.9,6.5,87.0,3.67,39784.84,3718.57,Nigeria_Synthesized_FAO_NASA
Kogi,2024,Sweet potatoes,918.5,27.23,22.62,32.55,69.54,17.95,53.0,32.6,26.9,6.1,66.1,2.23,30442.9,2080.97,Nigeria_Synthesized_FAO_NASA
Kwara,2024,Sweet potatoes,1259.82,25.8,21.29,31.26,74.74,18.15,49.6,32.4,23.3,5.9,45.9,3.45,41656.1,2809.11,Nigeria_Synthesized_FAO_NASA
Lagos,2024,Sweet potatoes,1382.65,27.05,25.19,29.33,84.49,16.86,48.1,28.1,26.3,6.02,95.0,4.27,40871.21,2884.98,Nigeria_Synthesized_FAO_NASA
Nasarawa,2024,Sweet potatoes,1082.75,28.0,23.22,33.88,60.44,18.97,45.4,30.0,26.8,6.25,62.1,4.58,51423.07,2376.34,Nigeria_Synthesized_FAO_NASA
Niger,2024,Sweet potatoes,926.85,27.69,22.24,33.83,63.71,18.72,45.4,27.4,24.1,6.03,61.2,3.44,50369.04,2108.93,Nigeria_Synthesized_FAO_NASA
Ogun,2024,Sweet potatoes,1383.59,26.28,23.01,30.33,84.74,16.62,54.3,27.9,23.5,6.04,114.6,6.91,31758.92,2908.33,Nigeria_Synthesized_FAO_NASA
Ondo,2024,Sweet potatoes,1380.98,25.04,21.44,29.48,81.98,17.4,53.4,29.4,23.8,6.25,105.8,7.06,31125.7,3071.39,Nigeria_Synthesized_FAO_NASA
Osun,2024,Sweet potatoes,1552.21,25.25,21.3,29.96,80.5,16.59,47.4,29.5,22.6,6.44,52.4,7.6,51282.68,3528.63,Nigeria_Synthesized_FAO_NASA
Oyo,2024,Sweet potatoes,1674.52,25.69,22.07,30.01,84.02,16.62,45.4,29.0,26.9,5.91,72.5,2.2,37573.38,3292.15,Nigeria_Synthesized_FAO_NASA
Plateau,2024,Sweet potatoes,1740.79,23.31,17.86,30.2,58.55,18.87,47.5,32.3,24.7,6.06,87.1,2.92,32787.52,3068.3,Nigeria_Synthesized_FAO_NASA
Rivers,2024,Sweet potatoes,1796.83,26.6,23.57,30.6,85.73,15.17,47.4,31.1,25.0,6.37,115.9,2.75,41933.79,3346.73,Nigeria_Synthesized_FAO_NASA
Sokoto,2024,Sweet potatoes,1403.83,26.96,21.08,33.83,53.46,20.92,46.5,31.9,26.3,6.19,83.0,2.39,36383.98,3082.75,Nigeria_Synthesized_FAO_NASA
Taraba,2024,Sweet potatoes,1137.38,27.76,22.3,34.06,57.28,19.35,50.7,28.6,25.8,6.11,83.6,5.17,47933.91,2532.31,Nigeria_Synthesized_FAO_NASA
Yobe,2024,Sweet potatoes,931.33,27.61,21.32,34.81,45.09,21.08,53.8,27.0,27.2,6.21,96.1,7.56,46159.94,2025.51,Nigeria_Synthesized_FAO_NASA
Zamfara,2024,Sweet potatoes,714.1,26.35,20.36,33.59,49.36,20.63,46.8,28.0,25.8,6.43,111.4,6.18,49002.08,1850.22,Nigeria_Synthesized_FAO_NASA
Abia,2019,Tomatoes,2019.69,25.82,22.82,29.42,86.11,16.27,54.8,28.9,26.2,6.22,88.7,4.56,21934.29,4327.0,Nigeria_Synthesized_FAO_NASA
Adamawa,2019,Tomatoes,960.01,27.76,22.27,33.74,56.41,20.28,54.4,27.0,25.4,6.33,99.6,7.88,25452.56,2886.43,Nigeria_Synthesized_FAO_NASA
Akwa Ibom,2019,Tomatoes,2231.91,26.29,23.81,29.49,86.47,16.27,49.7,27.2,27.4,6.03,77.8,2.4,17086.93,4025.71,Nigeria_Synthesized_FAO_NASA
Anambra,2019,Tomatoes,2330.26,25.85,22.81,29.34,85.38,17.04,45.4,29.0,24.5,6.5,56.6,5.54,22645.34,4328.67,Nigeria_Synthesized_FAO_NASA
Bauchi,2019,Tomatoes,867.4,26.58,20.84,33.37,51.51,20.5,54.9,32.8,24.9,6.32,48.8,4.87,28678.69,2644.03,Nigeria_Synthesized_FAO_NASA
Bayelsa,2019,Tomatoes,3319.11,26.16,23.71,29.38,87.88,15.0,52.0,31.5,23.8,6.43,76.8,3.37,24481.12,4570.32,Nigeria_Synthesized_FAO_NASA
Benue,2019,Tomatoes,1023.91,26.98,22.72,32.08,71.9,18.06,52.5,30.3,24.4,6.39,86.8,4.54,23199.72,3101.89,Nigeria_Synthesized_FAO_NASA
Borno,2019,Tomatoes,545.89,28.54,22.01,35.97,40.71,21.14,45.4,32.2,24.3,6.29,113.8,2.99,30193.03,2151.16,Nigeria_Synthesized_FAO_NASA
Cross River,2019,Tomatoes,2231.91,26.29,23.81,29.49,86.47,15.4,52.6,30.2,25.6,6.36,107.3,6.95,28274.77,4419.26,Nigeria_Synthesized_FAO_NASA
Delta,2019,Tomatoes,2330.26,25.85,22.81,29.34,85.38,16.34,49.3,27.1,24.3,5.97,49.7,3.83,31675.97,4212.69,Nigeria_Synthesized_FAO_NASA
Ebonyi,2019,Tomatoes,1142.89,26.36,22.7,30.77,79.82,17.53,45.7,28.2,23.0,5.93,61.4,5.72,27163.16,2980.8,Nigeria_Synthesized_FAO_NASA
Edo,2019,Tomatoes,2626.04,25.64,22.8,29.18,88.29,15.76,53.8,28.1,23.8,5.94,102.3,2.45,29901.83,4603.91,Nigeria_Synthesized_FAO_NASA
Ekiti,2019,Tomatoes,2325.44,24.63,21.43,28.64,85.23,16.92,47.4,32.9,26.3,6.41,85.8,7.66,20711.44,4187.58,Nigeria_Synthesized_FAO_NASA
Enugu,2019,Tomatoes,1601.35,25.72,22.28,29.72,82.47,17.04,47.8,30.6,26.0,6.13,110.4,8.37,30935.79,4396.03,Nigeria_Synthesized_FAO_NASA
FCT Abuja,2019,Tomatoes,1302.2,26.23,21.5,31.88,67.06,18.58,49.7,32.1,25.7,5.92,83.4,2.11,22801.78,3639.51,Nigeria_Synthesized_FAO_NASA
Gombe,2019,Tomatoes,1233.79,26.8,21.28,33.1,55.76,20.71,49.7,31.8,22.7,5.99,71.8,3.49,21889.18,3668.69,Nigeria_Synthesized_FAO_NASA
Imo,2019,Tomatoes,2559.56,26.01,23.05,29.59,86.4,16.27,53.3,32.3,27.2,6.1,63.8,3.52,31697.17,4222.46,Nigeria_Synthesized_FAO_NASA
Jigawa,2019,Tomatoes,485.81,27.58,20.91,35.54,41.33,20.87,47.4,29.3,25.0,6.22,111.1,4.47,27031.96,2488.61,Nigeria_Synthesized_FAO_NASA
Kaduna,2019,Tomatoes,1623.16,24.48,19.33,30.82,63.85,19.89,52.5,32.6,27.0,5.93,56.5,5.1,23544.52,4399.77,Nigeria_Synthesized_FAO_NASA
Kano,2019,Tomatoes,517.4,27.07,20.35,35.28,43.11,21.48,54.4,27.7,24.8,6.01,111.5,8.27,26465.91,2374.28,Nigeria_Synthesized_FAO_NASA
Katsina,2019,Tomatoes,702.35,26.88,20.7,33.83,42.66,21.26,52.9,31.2,24.3,6.44,118.1,5.63,18605.0,2388.79,Nigeria_Synthesized_FAO_NASA
Kebbi,2019,Tomatoes,975.0,27.47,21.57,34.45,51.71,21.15,50.8,29.6,24.0,5.93,60.2,3.29,21438.23,2781.82,Nigeria_Synthesized_FAO_NASA
Kogi,2019,Tomatoes,1251.26,27.25,22.95,32.23,71.52,17.31,51.1,29.3,24.6,6.41,78.1,8.42,25891.63,3580.45,Nigeria_Synthesized_FAO_NASA
Kwara,2019,Tomatoes,1645.89,25.35,21.41,30.21,78.48,18.09,45.5,30.9,26.8,6.47,119.8,3.83,26593.13,4205.41,Nigeria_Synthesized_FAO_NASA
Lagos,2019,Tomatoes,1952.69,26.78,25.09,28.91,85.85,16.26,50.6,27.9,26.8,6.45,76.0,3.82,23681.42,4491.61,Nigeria_Synthesized_FAO_NASA
Nasarawa,2019,Tomatoes,938.12,27.98,23.38,33.58,62.16,18.38,48.1,32.5,25.9,6.29,84.8,2.3,27093.65,2457.78,Nigeria_Synthesized_FAO_NASA
Niger,2019,Tomatoes,1226.48,26.93,22.01,32.45,68.58,18.47,54.9,30.2,26.1,5.92,90.5,6.97,26276.24,3747.28,Nigeria_Synthesized_FAO_NASA
Ogun,2019,Tomatoes,1932.32,26.05,23.09,29.76,86.83,16.7,47.3,32.9,27.5,5.94,114.9,3.88,28357.92,4533.67,Nigeria_Synthesized_FAO_NASA
Ondo,2019,Tomatoes,2325.44,24.63,21.43,28.64,85.23,16.92,54.7,27.6,25.0,6.16,66.1,6.2,22032.65,4275.62,Nigeria_Synthesized_FAO_NASA
Osun,2019,Tomatoes,2184.61,24.92,21.46,29.14,83.53,16.53,54.8,31.8,26.8,6.11,66.0,5.36,27575.33,3941.53,Nigeria_Synthesized_FAO_NASA
Oyo,2019,Tomatoes,2257.17,25.43,22.21,29.34,86.49,16.7,46.4,32.4,22.9,6.4,52.2,2.25,30923.84,3947.73,Nigeria_Synthesized_FAO_NASA
Plateau,2019,Tomatoes,1166.1,23.54,18.25,30.23,58.25,18.6,52.1,30.3,23.0,6.47,76.2,6.77,21185.69,3097.98,Nigeria_Synthesized_FAO_NASA
Rivers,2019,Tomatoes,3286.85,26.06,23.24,29.71,87.68,15.01,48.0,28.2,25.2,6.16,71.2,6.37,25931.04,4342.3,Nigeria_Synthesized_FAO_NASA
Sokoto,2019,Tomatoes,1088.13,27.34,21.33,34.05,48.97,21.64,48.4,29.5,23.0,6.04,44.1,8.48,17754.45,3178.45,Nigeria_Synthesized_FAO_NASA
Taraba,2019,Tomatoes,982.97,27.29,22.23,33.11,61.02,19.1,45.2,31.3,24.7,6.38,113.9,5.9,18362.53,2896.19,Nigeria_Synthesized_FAO_NASA
Yobe,2019,Tomatoes,776.03,27.41,21.34,34.46,46.98,21.13,54.6,30.5,25.9,6.1,70.5,6.78,28534.83,2257.08,Nigeria_Synthesized_FAO_NASA
Zamfara,2019,Tomatoes,738.05,26.25,20.33,33.26,49.44,21.28,52.9,28.0,23.6,6.22,54.1,6.13,26291.62,2512.44,Nigeria_Synthesized_FAO_NASA
Abia,2020,Tomatoes,2029.78,25.76,22.57,29.63,85.2,16.76,53.1,29.8,23.4,6.29,119.4,6.05,29795.17,4371.55,Nigeria_Synthesized_FAO_NASA
Adamawa,2020,Tomatoes,982.6,27.15,21.49,33.42,57.83,20.76,48.2,28.2,26.6,6.41,60.7,4.12,18014.67,2726.45,Nigeria_Synthesized_FAO_NASA
Akwa Ibom,2020,Tomatoes,2982.8,26.24,23.63,29.59,86.16,16.76,50.0,30.9,24.6,6.28,70.9,4.21,31573.11,4396.24,Nigeria_Synthesized_FAO_NASA
Anambra,2020,Tomatoes,2228.5,25.76,22.46,29.53,84.05,17.58,47.9,27.9,24.3,6.15,90.3,7.94,26744.89,4619.61,Nigeria_Synthesized_FAO_NASA
Bauchi,2020,Tomatoes,2013.76,24.95,19.31,31.5,59.51,20.92,46.9,30.0,24.6,6.34,59.4,5.86,21458.97,4081.03,Nigeria_Synthesized_FAO_NASA
Bayelsa,2020,Tomatoes,3495.17,26.08,23.46,29.46,87.47,15.56,54.6,31.6,27.0,6.04,55.8,2.04,31608.03,4847.91,Nigeria_Synthesized_FAO_NASA
Benue,2020,Tomatoes,1209.6,26.41,22.11,31.55,72.34,18.7,46.9,30.8,26.2,6.47,91.7,8.31,32015.65,3695.94,Nigeria_Synthesized_FAO_NASA
Borno,2020,Tomatoes,545.45,28.06,21.39,35.6,42.48,21.41,50.4,29.3,22.5,6.34,100.1,6.86,23075.9,2387.89,Nigeria_Synthesized_FAO_NASA
Cross River,2020,Tomatoes,2982.8,26.24,23.63,29.59,86.16,15.31,48.6,27.1,25.3,5.97,46.4,6.91,25698.47,4476.12,Nigeria_Synthesized_FAO_NASA
Delta,2020,Tomatoes,2228.5,25.76,22.46,29.53,84.05,16.94,50.2,32.9,22.8,6.25,67.9,7.48,32343.41,4167.39,Nigeria_Synthesized_FAO_NASA
Ebonyi,2020,Tomatoes,1251.59,26.36,22.44,31.15,77.86,18.1,53.6,29.2,22.6,6.13,92.4,3.65,21715.0,3614.01,Nigeria_Synthesized_FAO_NASA
Edo,2020,Tomatoes,2111.49,25.46,22.36,29.3,87.0,16.43,50.9,31.5,24.6,6.15,47.1,3.31,18614.48,4431.28,Nigeria_Synthesized_FAO_NASA
Ekiti,2020,Tomatoes,1688.06,24.44,20.97,28.85,83.66,17.35,50.3,32.7,22.9,6.26,82.1,5.36,25080.69,4096.71,Nigeria_Synthesized_FAO_NASA
Enugu,2020,Tomatoes,1630.95,25.64,21.91,30.0,80.61,17.58,45.4,31.0,24.2,5.9,60.1,4.01,20878.92,4774.39,Nigeria_Synthesized_FAO_NASA
FCT Abuja,2020,Tomatoes,1389.91,25.33,20.59,31.05,70.06,19.24,49.1,29.9,24.8,6.49,43.6,8.18,20377.52,4049.55,Nigeria_Synthesized_FAO_NASA
Gombe,2020,Tomatoes,1610.11,25.46,19.91,31.96,61.65,21.05,49.3,29.7,26.9,6.45,59.1,3.3,29859.0,4538.76,Nigeria_Synthesized_FAO_NASA
Imo,2020,Tomatoes,2537.08,25.96,22.78,29.79,85.46,16.76,48.2,30.9,26.0,6.37,85.1,4.62,31449.78,4547.74,Nigeria_Synthesized_FAO_NASA
Jigawa,2020,Tomatoes,1348.11,26.04,19.53,33.9,50.64,21.0,52.3,29.1,25.8,6.05,59.6,6.65,27053.29,4236.71,Nigeria_Synthesized_FAO_NASA
Kaduna,2020,Tomatoes,3398.52,23.14,18.43,29.08,70.9,20.28,47.7,30.6,24.7,6.26,63.3,6.65,28147.99,4167.33,Nigeria_Synthesized_FAO_NASA
Kano,2020,Tomatoes,1291.71,25.59,19.15,33.6,52.35,21.5,48.0,31.0,26.0,6.33,94.6,4.55,21706.31,3907.04,Nigeria_Synthesized_FAO_NASA
Katsina,2020,Tomatoes,1539.75,25.3,19.52,31.74,53.57,21.05,46.6,31.2,23.0,6.47,106.1,7.57,21628.73,4325.6,Nigeria_Synthesized_FAO_NASA
Kebbi,2020,Tomatoes,1131.67,26.83,21.14,33.82,56.95,20.69,53.5,27.9,22.6,6.38,46.0,8.43,23968.69,3610.56,Nigeria_Synthesized_FAO_NASA
Kogi,2020,Tomatoes,1391.1,26.62,22.18,31.74,72.68,17.84,47.5,31.0,22.7,6.41,53.6,6.53,29215.71,4256.54,Nigeria_Synthesized_FAO_NASA
Kwara,2020,Tomatoes,1204.71,25.26,20.98,30.59,76.31,18.29,49.8,28.0,26.1,6.04,67.4,5.69,18793.08,3286.38,Nigeria_Synthesized_FAO_NASA
Lagos,2020,Tomatoes,1510.91,26.41,24.55,28.78,85.34,16.91,53.2,28.1,22.9,6.09,74.0,5.53,23502.84,4314.96,Nigeria_Synthesized_FAO_NASA
Nasarawa,2020,Tomatoes,1078.68,27.24,22.6,32.97,63.62,19.25,45.4,29.6,24.4,6.29,117.3,5.32,29770.5,3158.61,Nigeria_Synthesized_FAO_NASA
Niger,2020,Tomatoes,1309.13,26.28,21.2,32.07,70.38,18.94,45.3,28.0,24.5,6.09,47.8,4.81,22350.43,4156.97,Nigeria_Synthesized_FAO_NASA
Ogun,2020,Tomatoes,1525.8,25.74,22.52,29.83,85.71,16.87,48.0,32.3,24.0,6.33,89.0,4.78,19617.25,4305.91,Nigeria_Synthesized_FAO_NASA
Ondo,2020,Tomatoes,1688.06,24.44,20.97,28.85,83.66,17.35,50.9,29.1,23.6,5.96,110.4,4.86,23366.31,4155.23,Nigeria_Synthesized_FAO_NASA
Osun,2020,Tomatoes,1523.34,24.79,21.01,29.45,81.59,16.86,53.7,30.3,24.9,6.46,97.6,2.73,25213.41,4368.35,Nigeria_Synthesized_FAO_NASA
Oyo,2020,Tomatoes,1568.36,25.24,21.73,29.6,84.71,16.87,53.4,30.3,25.3,6.28,75.1,6.42,29728.07,4219.6,Nigeria_Synthesized_FAO_NASA
Plateau,2020,Tomatoes,3385.52,22.35,17.41,28.56,63.84,19.39,52.5,30.8,24.1,5.99,72.7,6.3,32377.96,3788.6,Nigeria_Synthesized_FAO_NASA
Rivers,2020,Tomatoes,3361.46,26.04,23.03,29.87,87.03,15.21,51.1,31.9,22.6,6.17,100.7,5.55,23573.64,4659.35,Nigeria_Synthesized_FAO_NASA
Sokoto,2020,Tomatoes,1145.58,26.35,20.64,33.04,56.06,21.49,54.9,27.3,25.0,5.95,52.8,4.49,25613.07,3463.95,Nigeria_Synthesized_FAO_NASA
Taraba,2020,Tomatoes,1075.73,26.37,21.19,32.39,64.01,19.69,54.5,29.0,25.7,6.22,105.2,6.08,32414.6,3002.58,Nigeria_Synthesized_FAO_NASA
Yobe,2020,Tomatoes,792.26,26.9,20.63,34.19,48.36,21.55,52.5,30.1,27.0,6.45,81.9,5.95,29363.68,2319.96,Nigeria_Synthesized_FAO_NASA
Zamfara,2020,Tomatoes,1146.34,25.26,19.6,32.14,55.83,20.88,48.2,28.1,27.0,6.35,48.5,8.38,22298.25,3531.25,Nigeria_Synthesized_FAO_NASA
Abia,2021,Tomatoes,1877.25,25.78,22.8,29.53,86.39,16.48,45.5,30.0,26.0,6.23,93.3,7.32,30390.25,4861.82,Nigeria_Synthesized_FAO_NASA
Adamawa,2021,Tomatoes,945.3,27.6,21.95,33.88,56.24,20.8,46.6,28.6,22.7,6.12,70.4,7.23,30362.32,2837.71,Nigeria_Synthesized_FAO_NASA
Akwa Ibom,2021,Tomatoes,2456.61,26.21,23.74,29.42,87.15,16.48,51.5,27.3,23.4,6.28,91.3,7.03,24156.09,4867.75,Nigeria_Synthesized_FAO_NASA
Anambra,2021,Tomatoes,2208.72,25.78,22.8,29.34,86.04,17.38,51.8,32.8,23.6,6.23,88.1,8.49,28462.33,4615.79,Nigeria_Synthesized_FAO_NASA
Bauchi,2021,Tomatoes,3305.27,25.04,19.49,31.42,60.49,21.27,48.5,30.2,23.7,5.92,85.8,4.18,25459.2,4361.52,Nigeria_Synthesized_FAO_NASA
Bayelsa,2021,Tomatoes,3490.5,26.11,23.68,29.29,88.5,15.38,45.5,32.7,25.4,6.4,73.8,7.87,22456.88,4495.69,Nigeria_Synthesized_FAO_NASA
Benue,2021,Tomatoes,1524.55,26.51,22.31,31.46,73.01,18.37,49.9,31.4,25.3,6.06,51.6,5.94,26223.44,4673.67,Nigeria_Synthesized_FAO_NASA
Borno,2021,Tomatoes,444.23,28.5,21.62,36.32,39.39,21.77,49.0,30.1,26.6,5.94,67.9,7.35,19022.52,2498.26,Nigeria_Synthesized_FAO_NASA
Cross River,2021,Tomatoes,2456.61,26.21,23.74,29.42,87.15,15.69,53.5,30.0,25.0,6.5,115.8,4.33,21944.99,4864.17,Nigeria_Synthesized_FAO_NASA
Delta,2021,Tomatoes,2208.72,25.78,22.8,29.34,86.04,16.78,45.3,27.1,24.5,6.47,109.7,5.32,22482.96,4418.93,Nigeria_Synthesized_FAO_NASA
Ebonyi,2021,Tomatoes,780.95,26.73,22.83,31.71,77.1,17.93,47.2,27.1,26.3,5.98,109.5,6.18,17665.98,2626.42,Nigeria_Synthesized_FAO_NASA
Edo,2021,Tomatoes,2357.05,25.6,22.85,29.07,89.16,16.34,51.3,32.4,26.1,6.11,87.0,4.02,19952.74,4460.44,Nigeria_Synthesized_FAO_NASA
Ekiti,2021,Tomatoes,2803.84,24.66,21.47,28.82,85.48,17.19,51.1,29.5,25.6,6.1,42.3,4.57,28858.33,4886.43,Nigeria_Synthesized_FAO_NASA
Enugu,2021,Tomatoes,1288.82,25.72,22.24,30.06,82.26,17.38,45.8,32.3,23.8,6.04,63.8,5.75,27012.21,4132.59,Nigeria_Synthesized_FAO_NASA
FCT Abuja,2021,Tomatoes,1369.92,25.61,20.82,31.36,68.57,19.4,52.2,28.9,26.4,6.0,102.6,6.31,24980.05,4124.76,Nigeria_Synthesized_FAO_NASA
Gombe,2021,Tomatoes,2221.85,25.9,20.36,32.35,60.63,21.29,51.7,27.5,26.8,5.92,51.9,5.75,24831.5,4844.03,Nigeria_Synthesized_FAO_NASA
Imo,2021,Tomatoes,2610.4,25.97,23.05,29.59,86.97,16.48,54.2,32.8,25.5,6.19,99.3,4.13,18725.36,4896.96,Nigeria_Synthesized_FAO_NASA
Jigawa,2021,Tomatoes,1693.73,25.93,19.29,33.69,51.02,21.81,54.6,32.6,23.8,6.03,63.8,4.87,31378.99,4705.38,Nigeria_Synthesized_FAO_NASA
Kaduna,2021,Tomatoes,6360.7,23.35,18.52,29.42,70.17,20.72,51.2,31.6,26.2,6.39,42.6,2.31,23214.34,4204.92,Nigeria_Synthesized_FAO_NASA
Kano,2021,Tomatoes,1845.71,25.31,18.75,33.21,53.87,22.26,50.8,27.3,23.8,6.29,108.7,7.96,25607.76,4833.85,Nigeria_Synthesized_FAO_NASA
Katsina,2021,Tomatoes,1784.49,25.63,19.61,32.47,49.51,21.82,53.3,30.2,25.1,6.45,103.2,7.91,25794.5,4666.97,Nigeria_Synthesized_FAO_NASA
Kebbi,2021,Tomatoes,925.26,27.38,21.34,34.71,52.95,21.44,53.4,27.7,26.5,6.0,104.6,5.98,25476.64,2724.96,Nigeria_Synthesized_FAO_NASA
Kogi,2021,Tomatoes,2024.23,26.62,22.46,31.48,74.62,17.63,51.8,30.8,24.6,6.45,81.5,5.29,24707.97,4575.06,Nigeria_Synthesized_FAO_NASA
Kwara,2021,Tomatoes,1764.69,25.68,21.46,30.92,74.97,18.45,46.8,30.2,26.5,6.02,82.2,3.56,31468.92,4346.6,Nigeria_Synthesized_FAO_NASA
Lagos,2021,Tomatoes,1713.6,26.77,25.1,28.92,85.31,16.64,53.6,32.4,25.7,6.34,83.9,4.5,26078.75,5033.92,Nigeria_Synthesized_FAO_NASA
Nasarawa,2021,Tomatoes,1517.79,27.2,22.63,32.72,64.83,19.03,49.2,28.9,24.4,6.16,45.9,5.24,31260.54,4818.13,Nigeria_Synthesized_FAO_NASA
Niger,2021,Tomatoes,1567.28,26.65,21.5,32.49,68.64,19.19,48.6,30.7,26.9,6.48,86.7,2.28,26441.87,4811.2,Nigeria_Synthesized_FAO_NASA
Ogun,2021,Tomatoes,1752.89,26.03,23.06,29.86,86.44,17.14,48.4,27.9,23.2,5.99,43.6,7.86,28210.85,5079.81,Nigeria_Synthesized_FAO_NASA
Ondo,2021,Tomatoes,2803.84,24.66,21.47,28.82,85.48,17.19,53.3,31.7,26.9,6.49,75.1,8.18,28121.92,4554.56,Nigeria_Synthesized_FAO_NASA
Osun,2021,Tomatoes,2545.61,25.1,21.46,29.67,82.03,16.81,51.8,31.1,27.0,6.12,86.8,2.08,18641.25,4753.24,Nigeria_Synthesized_FAO_NASA
Oyo,2021,Tomatoes,2405.57,25.45,22.18,29.58,85.99,17.14,50.2,31.9,23.5,6.22,56.3,2.78,18514.33,4515.7,Nigeria_Synthesized_FAO_NASA
Plateau,2021,Tomatoes,6143.64,22.42,17.47,28.63,64.07,19.45,50.9,27.2,23.0,6.23,87.3,2.19,18769.01,4205.38,Nigeria_Synthesized_FAO_NASA
Rivers,2021,Tomatoes,3286.06,26.06,23.27,29.7,88.29,15.22,52.2,27.8,25.5,6.31,43.0,7.56,30209.16,4784.96,Nigeria_Synthesized_FAO_NASA
Sokoto,2021,Tomatoes,1248.4,26.82,20.76,33.8,52.26,22.27,53.2,31.5,25.7,6.31,104.5,6.31,30389.19,4125.35,Nigeria_Synthesized_FAO_NASA
Taraba,2021,Tomatoes,995.65,26.9,21.62,32.99,61.7,19.68,54.0,27.1,26.0,6.48,96.5,8.46,23240.68,3011.42,Nigeria_Synthesized_FAO_NASA
Yobe,2021,Tomatoes,1602.2,26.8,20.56,34.02,49.32,22.04,53.3,28.7,24.7,6.08,61.5,4.8,18094.28,4982.64,Nigeria_Synthesized_FAO_NASA
Zamfara,2021,Tomatoes,1543.33,25.19,19.44,32.19,55.73,21.79,53.1,28.8,23.6,6.3,93.6,7.86,27118.24,4464.91,Nigeria_Synthesized_FAO_NASA
Abia,2022,Tomatoes,1579.69,25.57,22.28,29.59,84.63,16.48,50.2,30.7,23.0,6.16,58.2,3.65,33325.92,4084.34,Nigeria_Synthesized_FAO_NASA
Adamawa,2022,Tomatoes,1250.17,26.34,20.98,32.39,61.0,20.39,52.4,30.5,25.2,6.15,117.8,5.64,32656.26,3635.95,Nigeria_Synthesized_FAO_NASA
Akwa Ibom,2022,Tomatoes,3367.59,26.03,23.38,29.41,86.43,16.48,51.1,30.1,22.5,6.4,96.3,6.3,23047.02,4314.26,Nigeria_Synthesized_FAO_NASA
Anambra,2022,Tomatoes,1520.42,25.52,22.18,29.44,83.61,17.09,54.4,32.2,23.9,5.99,75.9,4.31,25224.49,4010.89,Nigeria_Synthesized_FAO_NASA
Bauchi,2022,Tomatoes,2192.25,23.61,18.14,29.92,65.09,20.54,48.6,27.4,27.0,5.91,116.2,6.32,35196.97,4276.38,Nigeria_Synthesized_FAO_NASA
Bayelsa,2022,Tomatoes,2262.15,25.86,23.18,29.29,87.25,15.34,45.4,29.9,24.8,6.1,116.6,7.35,22544.89,4783.18,Nigeria_Synthesized_FAO_NASA
Benue,2022,Tomatoes,1847.07,25.08,21.17,29.65,77.48,18.09,52.3,31.4,24.6,6.46,53.4,3.74,21937.66,4471.92,Nigeria_Synthesized_FAO_NASA
Borno,2022,Tomatoes,476.63,27.77,21.18,35.35,41.4,21.11,51.2,28.9,23.3,5.91,53.3,4.95,32375.67,2263.16,Nigeria_Synthesized_FAO_NASA
Cross River,2022,Tomatoes,3367.59,26.03,23.38,29.41,86.43,15.25,53.8,30.1,26.1,5.91,69.2,5.11,23523.74,4309.38,Nigeria_Synthesized_FAO_NASA
Delta,2022,Tomatoes,1520.42,25.52,22.18,29.44,83.61,16.56,53.7,32.6,22.9,6.11,116.7,2.54,21233.64,4091.98,Nigeria_Synthesized_FAO_NASA
Ebonyi,2022,Tomatoes,1089.98,26.56,22.33,31.89,73.62,17.56,54.8,29.8,23.3,6.02,111.2,7.93,35292.45,3262.61,Nigeria_Synthesized_FAO_NASA
Edo,2022,Tomatoes,1751.31,25.24,22.22,29.04,87.11,16.2,52.4,31.0,26.6,6.31,82.7,3.54,31892.63,4457.05,Nigeria_Synthesized_FAO_NASA
Ekiti,2022,Tomatoes,2113.63,24.07,20.77,28.17,85.26,17.06,47.9,31.8,26.0,6.47,53.2,6.22,27062.34,4383.7,Nigeria_Synthesized_FAO_NASA
Enugu,2022,Tomatoes,1234.16,25.55,21.69,30.33,78.39,17.09,46.0,30.9,26.5,6.11,116.3,7.53,34159.89,3357.06,Nigeria_Synthesized_FAO_NASA
FCT Abuja,2022,Tomatoes,1760.93,24.61,19.96,30.21,72.48,18.75,48.0,28.7,26.9,6.49,45.6,5.06,19374.87,4152.89,Nigeria_Synthesized_FAO_NASA
Gombe,2022,Tomatoes,2531.68,24.85,19.37,31.35,62.57,20.6,48.8,28.9,25.2,6.3,96.3,2.89,20783.51,4360.77,Nigeria_Synthesized_FAO_NASA
Imo,2022,Tomatoes,1729.51,25.75,22.53,29.66,85.07,16.48,53.9,29.7,27.0,6.43,75.1,4.48,30446.63,4675.13,Nigeria_Synthesized_FAO_NASA
Jigawa,2022,Tomatoes,764.89,25.49,18.93,33.6,50.77,20.59,54.3,31.8,25.5,5.96,63.3,8.3,31050.92,2542.58,Nigeria_Synthesized_FAO_NASA
Kaduna,2022,Tomatoes,4954.11,22.45,17.78,28.41,73.02,19.63,52.1,31.4,23.9,6.07,77.5,2.14,20789.18,3878.85,Nigeria_Synthesized_FAO_NASA
Kano,2022,Tomatoes,781.04,24.6,18.13,32.79,55.71,20.9,53.5,31.8,25.8,6.09,81.3,4.89,24482.52,2418.41,Nigeria_Synthesized_FAO_NASA
Katsina,2022,Tomatoes,1325.45,24.72,18.93,31.41,53.18,20.62,49.8,32.0,23.0,5.98,118.2,5.82,33245.0,3566.97,Nigeria_Synthesized_FAO_NASA
Kebbi,2022,Tomatoes,980.15,26.68,20.86,33.83,54.97,20.66,47.2,31.3,22.9,6.25,85.7,7.94,27882.71,2882.91,Nigeria_Synthesized_FAO_NASA
Kogi,2022,Tomatoes,1437.67,25.42,21.41,29.88,78.17,17.55,50.7,27.5,23.5,5.91,81.1,2.55,21512.02,4077.88,Nigeria_Synthesized_FAO_NASA
Kwara,2022,Tomatoes,1540.4,24.76,20.61,29.83,78.16,18.05,52.2,27.5,23.6,6.31,111.6,2.21,34644.38,4239.74,Nigeria_Synthesized_FAO_NASA
Lagos,2022,Tomatoes,1637.38,26.36,24.55,28.59,85.07,16.58,50.5,32.7,26.2,6.42,68.3,5.6,28520.57,4763.65,Nigeria_Synthesized_FAO_NASA
Nasarawa,2022,Tomatoes,1908.77,25.78,21.49,31.12,70.43,18.69,50.7,28.4,23.2,6.12,99.1,7.96,24556.69,4538.65,Nigeria_Synthesized_FAO_NASA
Niger,2022,Tomatoes,1218.58,25.95,20.84,31.8,71.14,18.49,46.0,32.4,25.3,6.37,103.6,3.67,29857.27,3475.8,Nigeria_Synthesized_FAO_NASA
Ogun,2022,Tomatoes,1698.93,25.61,22.45,29.56,86.01,16.65,45.9,31.1,27.3,6.08,108.9,8.07,35098.71,4453.46,Nigeria_Synthesized_FAO_NASA
Ondo,2022,Tomatoes,2113.63,24.07,20.77,28.17,85.26,17.06,48.3,27.2,26.7,6.42,90.6,4.29,23067.44,4385.86,Nigeria_Synthesized_FAO_NASA
Osun,2022,Tomatoes,2171.52,24.37,20.75,28.76,83.32,16.56,52.3,32.5,26.2,6.4,99.7,6.1,31676.17,3972.2,Nigeria_Synthesized_FAO_NASA
Oyo,2022,Tomatoes,2188.72,25.01,21.57,29.19,85.48,16.65,51.5,29.4,22.9,6.07,83.5,3.79,34135.71,4298.68,Nigeria_Synthesized_FAO_NASA
Plateau,2022,Tomatoes,4912.41,21.6,16.62,27.93,66.17,18.96,46.7,31.8,24.9,6.25,51.8,4.11,27952.62,3703.41,Nigeria_Synthesized_FAO_NASA
Rivers,2022,Tomatoes,2252.03,25.81,22.77,29.66,87.1,15.13,52.7,28.3,25.6,6.04,119.1,8.19,32586.25,4396.36,Nigeria_Synthesized_FAO_NASA
Sokoto,2022,Tomatoes,1156.6,26.01,20.22,32.86,54.85,21.23,53.0,31.3,26.0,6.48,87.7,6.14,30782.59,3361.34,Nigeria_Synthesized_FAO_NASA
Taraba,2022,Tomatoes,1228.08,25.86,20.77,31.75,65.52,19.13,52.3,28.4,24.4,5.98,80.5,4.96,30303.88,3713.46,Nigeria_Synthesized_FAO_NASA
Yobe,2022,Tomatoes,893.85,26.19,20.1,33.36,49.44,21.16,52.9,29.0,26.7,6.27,95.8,3.91,29335.61,2791.72,Nigeria_Synthesized_FAO_NASA
Zamfara,2022,Tomatoes,1059.55,24.33,18.79,31.18,58.41,20.65,50.9,32.5,27.0,6.49,93.4,8.32,29712.28,2912.58,Nigeria_Synthesized_FAO_NASA
Abia,2023,Tomatoes,1475.58,26.0,22.97,29.78,85.98,16.51,49.3,28.4,22.5,6.01,40.3,6.68,19657.43,5693.53,Nigeria_Synthesized_FAO_NASA
Adamawa,2023,Tomatoes,519.27,29.06,23.09,35.71,48.82,20.47,52.6,32.0,27.4,6.29,76.9,3.98,20228.25,2941.08,Nigeria_Synthesized_FAO_NASA
Akwa Ibom,2023,Tomatoes,2436.57,26.42,24.01,29.57,87.24,16.51,49.1,33.0,22.5,6.01,55.1,6.66,18865.58,5532.25,Nigeria_Synthesized_FAO_NASA
Anambra,2023,Tomatoes,1615.95,26.03,22.88,29.77,84.86,17.37,46.5,29.4,23.0,6.22,47.8,7.14,22206.8,5585.51,Nigeria_Synthesized_FAO_NASA
Bauchi,2023,Tomatoes,697.86,26.4,20.3,33.58,51.79,20.63,49.2,29.3,23.0,6.21,81.2,5.04,25853.95,3148.7,Nigeria_Synthesized_FAO_NASA
Bayelsa,2023,Tomatoes,1814.82,26.3,23.77,29.56,87.72,15.29,52.5,27.9,25.6,5.94,95.6,4.48,27338.16,5990.24,Nigeria_Synthesized_FAO_NASA
Benue,2023,Tomatoes,944.03,26.63,22.48,31.5,74.24,18.47,51.1,29.1,22.7,6.22,113.9,5.88,27742.2,3318.62,Nigeria_Synthesized_FAO_NASA
Borno,2023,Tomatoes,343.14,29.63,22.82,37.31,35.78,20.81,50.7,31.8,25.1,5.95,86.6,5.98,17819.8,3142.82,Nigeria_Synthesized_FAO_NASA
Cross River,2023,Tomatoes,2436.57,26.42,24.01,29.57,87.24,15.23,52.7,31.0,23.6,6.14,102.1,8.2,26363.24,6001.33,Nigeria_Synthesized_FAO_NASA
Delta,2023,Tomatoes,1615.95,26.03,22.88,29.77,84.86,16.79,48.1,28.4,25.0,6.27,40.8,7.07,23277.2,5335.15,Nigeria_Synthesized_FAO_NASA
Ebonyi,2023,Tomatoes,798.23,27.26,23.22,32.34,75.35,17.86,46.8,30.6,24.6,6.1,85.3,7.09,29156.99,3308.97,Nigeria_Synthesized_FAO_NASA
Edo,2023,Tomatoes,1676.66,25.77,22.82,29.43,87.56,16.33,53.1,31.5,26.3,6.13,100.1,4.51,29210.17,5241.54,Nigeria_Synthesized_FAO_NASA
Ekiti,2023,Tomatoes,2169.85,24.73,21.45,28.77,85.2,17.29,47.9,30.3,24.1,6.15,79.4,7.57,18377.34,5841.02,Nigeria_Synthesized_FAO_NASA
Enugu,2023,Tomatoes,1108.57,26.27,22.56,30.82,79.47,17.37,47.5,29.5,25.1,6.35,49.7,3.44,20910.42,4110.48,Nigeria_Synthesized_FAO_NASA
FCT Abuja,2023,Tomatoes,1030.73,25.93,21.23,31.83,70.09,19.26,48.9,31.8,24.1,6.2,89.9,3.51,20882.23,3695.46,Nigeria_Synthesized_FAO_NASA
Gombe,2023,Tomatoes,862.01,27.1,21.19,33.91,53.37,20.53,49.5,31.9,23.7,6.44,84.9,5.96,23435.48,3359.55,Nigeria_Synthesized_FAO_NASA
Imo,2023,Tomatoes,1777.67,26.17,23.15,29.88,86.12,16.51,51.0,31.5,24.7,6.23,45.0,2.58,27134.11,6090.05,Nigeria_Synthesized_FAO_NASA
Jigawa,2023,Tomatoes,423.99,28.08,21.04,36.39,38.64,20.91,46.7,31.8,22.5,6.07,86.7,5.87,16769.87,3231.62,Nigeria_Synthesized_FAO_NASA
Kaduna,2023,Tomatoes,2465.41,24.0,18.96,30.15,67.86,20.1,50.1,31.4,25.0,6.27,111.8,4.61,22872.28,5599.47,Nigeria_Synthesized_FAO_NASA
Kano,2023,Tomatoes,404.08,27.34,20.3,35.93,42.1,21.23,51.1,27.2,25.0,6.39,84.0,3.75,16002.4,3082.53,Nigeria_Synthesized_FAO_NASA
Katsina,2023,Tomatoes,982.9,26.58,20.38,33.43,45.93,20.87,52.3,30.7,23.3,6.45,56.1,8.43,19642.18,3833.39,Nigeria_Synthesized_FAO_NASA
Kebbi,2023,Tomatoes,730.22,28.19,22.1,35.52,49.11,21.05,47.0,27.1,26.2,6.32,103.4,3.67,19556.94,2818.18,Nigeria_Synthesized_FAO_NASA
Kogi,2023,Tomatoes,1484.52,26.48,22.44,31.06,77.19,17.79,49.4,31.2,25.7,5.96,102.5,6.68,24967.08,5470.28,Nigeria_Synthesized_FAO_NASA
Kwara,2023,Tomatoes,1579.72,25.6,21.52,30.56,78.01,18.12,47.7,29.4,23.9,6.03,104.4,6.15,18074.74,5785.26,Nigeria_Synthesized_FAO_NASA
Lagos,2023,Tomatoes,1725.77,26.85,25.11,28.99,85.4,16.75,54.2,28.1,26.5,6.49,98.2,8.45,19043.72,5926.92,Nigeria_Synthesized_FAO_NASA
Nasarawa,2023,Tomatoes,792.72,27.73,23.06,33.55,63.92,18.98,47.0,28.9,22.5,6.31,61.5,7.3,18927.59,3178.13,Nigeria_Synthesized_FAO_NASA
Niger,2023,Tomatoes,980.38,27.13,22.06,32.82,68.69,18.85,54.7,28.5,26.1,6.36,57.7,5.26,22517.15,3605.26,Nigeria_Synthesized_FAO_NASA
Ogun,2023,Tomatoes,1751.53,26.09,23.04,29.88,86.48,16.84,51.2,29.9,26.4,6.04,100.3,7.62,26509.49,5593.78,Nigeria_Synthesized_FAO_NASA
Ondo,2023,Tomatoes,2169.85,24.73,21.45,28.77,85.2,17.29,49.1,32.9,24.4,6.29,52.9,8.37,26670.41,5823.37,Nigeria_Synthesized_FAO_NASA
Osun,2023,Tomatoes,2201.65,25.06,21.5,29.39,83.52,16.78,45.7,31.6,26.4,6.31,63.4,5.18,26256.12,5730.19,Nigeria_Synthesized_FAO_NASA
Oyo,2023,Tomatoes,2213.93,25.55,22.23,29.59,86.03,16.84,47.4,29.1,23.3,6.03,46.1,7.98,22402.7,5284.41,Nigeria_Synthesized_FAO_NASA
Plateau,2023,Tomatoes,2848.18,23.43,18.07,30.06,59.1,19.25,50.4,30.8,27.1,6.0,63.6,8.34,21379.22,5286.56,Nigeria_Synthesized_FAO_NASA
Rivers,2023,Tomatoes,1891.07,26.21,23.36,29.86,87.72,14.97,46.5,27.2,27.4,6.06,113.9,8.47,16262.4,5633.8,Nigeria_Synthesized_FAO_NASA
Sokoto,2023,Tomatoes,789.78,27.79,21.68,34.73,47.25,21.37,45.8,29.9,24.5,6.27,75.1,8.07,16407.82,3146.9,Nigeria_Synthesized_FAO_NASA
Taraba,2023,Tomatoes,410.16,28.57,22.82,35.08,53.6,19.38,54.0,27.9,23.6,5.96,51.2,5.33,25440.4,3039.98,Nigeria_Synthesized_FAO_NASA
Yobe,2023,Tomatoes,406.07,28.53,21.87,36.21,40.3,21.27,54.8,27.9,25.2,5.95,65.5,5.43,21740.65,2940.38,Nigeria_Synthesized_FAO_NASA
Zamfara,2023,Tomatoes,540.96,26.93,20.75,34.3,46.38,21.09,45.6,29.3,23.2,6.03,89.4,2.44,21303.82,3392.19,Nigeria_Synthesized_FAO_NASA
Abia,2024,Tomatoes,1371.1,26.26,22.98,30.44,83.64,16.73,49.2,27.1,27.4,6.12,102.3,4.12,23679.34,5034.99,Nigeria_Synthesized_FAO_NASA
Adamawa,2024,Tomatoes,935.61,28.37,22.56,34.94,52.06,20.19,48.4,27.1,24.3,6.44,95.2,2.95,20733.0,3374.94,Nigeria_Synthesized_FAO_NASA
Akwa Ibom,2024,Tomatoes,1887.73,26.7,24.02,30.21,85.14,16.73,52.0,27.9,26.8,6.08,76.3,5.42,27449.22,5924.12,Nigeria_Synthesized_FAO_NASA
Anambra,2024,Tomatoes,1360.79,26.34,22.94,30.45,82.05,17.55,54.3,27.0,27.1,5.92,61.3,5.35,27974.19,5320.35,Nigeria_Synthesized_FAO_NASA
Bauchi,2024,Tomatoes,1109.06,26.3,20.35,33.25,52.28,20.55,49.8,32.6,23.7,6.06,113.7,2.5,23615.99,4087.69,Nigeria_Synthesized_FAO_NASA
Bayelsa,2024,Tomatoes,1913.76,26.75,24.06,30.28,85.78,15.55,50.1,31.2,23.4,6.42,51.2,4.61,24642.9,5950.31,Nigeria_Synthesized_FAO_NASA
Benue,2024,Tomatoes,1021.39,27.15,22.6,32.57,67.47,18.62,51.7,32.6,26.2,6.23,114.6,5.11,22822.75,3579.36,Nigeria_Synthesized_FAO_NASA
Borno,2024,Tomatoes,583.5,28.57,22.0,36.05,40.59,20.7,49.1,32.0,23.4,6.23,97.8,7.88,23501.19,3052.79,Nigeria_Synthesized_FAO_NASA
Cross River,2024,Tomatoes,1887.73,26.7,24.02,30.21,85.14,15.26,51.4,29.4,24.8,6.45,114.5,7.82,22336.53,6197.63,Nigeria_Synthesized_FAO_NASA
Delta,2024,Tomatoes,1360.79,26.34,22.94,30.45,82.05,16.99,54.5,29.2,25.1,6.37,85.0,8.46,26887.32,4746.33,Nigeria_Synthesized_FAO_NASA
Ebonyi,2024,Tomatoes,905.76,27.86,23.42,33.37,68.7,18.04,52.9,30.0,26.8,6.23,72.9,2.7,25072.28,3309.1,Nigeria_Synthesized_FAO_NASA
Edo,2024,Tomatoes,1389.25,26.08,22.92,30.06,85.46,16.41,54.2,28.5,24.3,5.99,95.3,8.24,25338.84,5015.25,Nigeria_Synthesized_FAO_NASA
Ekiti,2024,Tomatoes,1380.98,25.04,21.44,29.48,81.98,17.4,50.5,27.5,26.1,6.26,92.9,7.84,23780.86,5019.87,Nigeria_Synthesized_FAO_NASA
Enugu,2024,Tomatoes,980.36,26.81,22.68,31.9,73.62,17.55,54.3,32.9,25.4,5.96,76.7,7.12,25965.16,3848.9,Nigeria_Synthesized_FAO_NASA
FCT Abuja,2024,Tomatoes,1182.97,26.46,21.44,32.59,64.55,18.82,45.7,31.4,25.0,6.12,48.4,6.76,16312.42,4063.45,Nigeria_Synthesized_FAO_NASA
Gombe,2024,Tomatoes,1511.27,26.9,21.14,33.62,54.02,20.46,51.5,30.4,24.3,6.29,61.7,7.17,19091.3,5527.85,Nigeria_Synthesized_FAO_NASA
Imo,2024,Tomatoes,1626.91,26.48,23.28,30.5,84.2,16.73,52.8,31.2,23.4,5.96,107.1,7.05,17671.62,5548.88,Nigeria_Synthesized_FAO_NASA
Jigawa,2024,Tomatoes,1025.51,26.63,20.09,34.46,47.2,20.69,46.2,30.0,22.6,6.13,46.0,5.09,24329.09,3724.41,Nigeria_Synthesized_FAO_NASA
Kaduna,2024,Tomatoes,1925.09,24.21,19.05,30.7,65.0,19.62,45.5,29.2,26.3,6.12,97.2,4.4,21478.54,5331.18,Nigeria_Synthesized_FAO_NASA
Kano,2024,Tomatoes,1009.62,26.18,19.59,34.33,48.56,20.93,54.5,27.7,22.7,6.27,115.9,8.43,23071.81,3673.76,Nigeria_Synthesized_FAO_NASA
Katsina,2024,Tomatoes,1294.93,25.85,19.99,32.56,50.33,20.6,51.4,30.3,25.7,6.43,99.7,5.23,21794.46,4710.14,Nigeria_Synthesized_FAO_NASA
Kebbi,2024,Tomatoes,2228.6,27.02,21.27,34.01,56.38,20.48,49.6,29.7,22.6,6.0,79.1,7.35,24081.17,5852.53,Nigeria_Synthesized_FAO_NASA
Kogi,2024,Tomatoes,918.5,27.23,22.62,32.55,69.54,17.95,48.4,27.6,27.3,6.42,46.3,6.68,22521.88,3323.19,Nigeria_Synthesized_FAO_NASA
Kwara,2024,Tomatoes,1259.82,25.8,21.29,31.26,74.74,18.15,48.0,28.4,25.3,6.41,55.4,6.61,28817.34,4475.08,Nigeria_Synthesized_FAO_NASA
Lagos,2024,Tomatoes,1382.65,27.05,25.19,29.33,84.49,16.86,45.8,32.5,25.0,6.17,117.9,8.44,27805.24,4848.41,Nigeria_Synthesized_FAO_NASA
Nasarawa,2024,Tomatoes,1082.75,28.0,23.22,33.88,60.44,18.97,50.1,30.2,25.1,6.24,41.5,6.62,17248.75,4062.09,Nigeria_Synthesized_FAO_NASA
Niger,2024,Tomatoes,926.85,27.69,22.24,33.83,63.71,18.72,50.7,30.4,25.9,5.94,90.1,3.82,17093.44,3544.67,Nigeria_Synthesized_FAO_NASA
Ogun,2024,Tomatoes,1383.59,26.28,23.01,30.33,84.74,16.62,52.1,27.7,25.5,6.49,52.5,7.54,25863.95,5118.56,Nigeria_Synthesized_FAO_NASA
Ondo,2024,Tomatoes,1380.98,25.04,21.44,29.48,81.98,17.4,47.8,28.7,27.0,6.11,45.0,5.9,25873.01,5068.25,Nigeria_Synthesized_FAO_NASA
Osun,2024,Tomatoes,1552.21,25.25,21.3,29.96,80.5,16.59,51.4,32.2,26.4,5.96,70.5,7.03,26174.22,5221.33,Nigeria_Synthesized_FAO_NASA
Oyo,2024,Tomatoes,1674.52,25.69,22.07,30.01,84.02,16.62,52.4,27.1,26.9,5.95,51.2,6.77,28517.58,5585.57,Nigeria_Synthesized_FAO_NASA
Plateau,2024,Tomatoes,1740.79,23.31,17.86,30.2,58.55,18.87,47.9,29.1,24.2,6.09,59.4,5.96,22704.61,5545.72,Nigeria_Synthesized_FAO_NASA
Rivers,2024,Tomatoes,1796.83,26.6,23.57,30.6,85.73,15.17,46.9,32.0,26.2,6.47,53.2,2.94,19648.02,6194.23,Nigeria_Synthesized_FAO_NASA
Sokoto,2024,Tomatoes,1403.83,26.96,21.08,33.83,53.46,20.92,49.8,30.6,23.4,6.19,92.6,4.81,23745.63,5330.89,Nigeria_Synthesized_FAO_NASA
Taraba,2024,Tomatoes,1137.38,27.76,22.3,34.06,57.28,19.35,48.3,28.8,24.6,5.9,93.5,7.49,21569.28,4318.37,Nigeria_Synthesized_FAO_NASA
Yobe,2024,Tomatoes,931.33,27.61,21.32,34.81,45.09,21.08,54.9,28.6,23.1,6.12,99.1,3.91,16167.71,3372.86,Nigeria_Synthesized_FAO_NASA
Zamfara,2024,Tomatoes,714.1,26.35,20.36,33.59,49.36,20.63,46.2,29.0,26.1,6.27,49.6,3.06,21094.25,3147.93,Nigeria_Synthesized_FAO_NASA
Abia,2019,Yams,2019.69,25.82,22.82,29.42,86.11,16.27,48.5,30.6,23.4,6.08,41.6,6.99,217640.35,10010.01,Nigeria_Synthesized_FAO_NASA
Adamawa,2019,Yams,960.01,27.76,22.27,33.74,56.41,20.28,52.1,32.0,23.9,6.0,117.8,6.66,217938.23,6006.44,Nigeria_Synthesized_FAO_NASA
Akwa Ibom,2019,Yams,2231.91,26.29,23.81,29.49,86.47,16.27,48.5,31.5,22.9,6.24,74.3,2.11,129677.5,10463.54,Nigeria_Synthesized_FAO_NASA
Anambra,2019,Yams,2330.26,25.85,22.81,29.34,85.38,17.04,46.1,30.8,23.7,6.06,111.9,5.04,159536.8,9384.77,Nigeria_Synthesized_FAO_NASA
Bauchi,2019,Yams,867.4,26.58,20.84,33.37,51.51,20.5,54.1,27.2,24.7,6.27,65.5,7.02,207798.09,5475.74,Nigeria_Synthesized_FAO_NASA
Bayelsa,2019,Yams,3319.11,26.16,23.71,29.38,87.88,15.0,47.7,28.4,27.3,6.17,56.7,6.6,231930.59,10639.39,Nigeria_Synthesized_FAO_NASA
Benue,2019,Yams,1023.91,26.98,22.72,32.08,71.9,18.06,53.8,28.0,22.8,6.06,88.6,2.8,157608.35,6427.59,Nigeria_Synthesized_FAO_NASA
Borno,2019,Yams,545.89,28.54,22.01,35.97,40.71,21.14,53.5,28.4,26.6,6.04,94.1,4.8,197187.59,5188.6,Nigeria_Synthesized_FAO_NASA
Cross River,2019,Yams,2231.91,26.29,23.81,29.49,86.47,15.4,47.2,28.1,24.3,6.3,58.7,3.19,206742.08,9320.31,Nigeria_Synthesized_FAO_NASA
Delta,2019,Yams,2330.26,25.85,22.81,29.34,85.38,16.34,49.3,28.4,22.8,6.16,103.1,6.65,180074.51,9030.41,Nigeria_Synthesized_FAO_NASA
Ebonyi,2019,Yams,1142.89,26.36,22.7,30.77,79.82,17.53,54.7,29.0,27.5,6.05,77.7,4.3,129287.23,7713.48,Nigeria_Synthesized_FAO_NASA
Edo,2019,Yams,2626.04,25.64,22.8,29.18,88.29,15.76,52.5,33.0,25.6,6.18,47.2,8.48,220813.22,9510.11,Nigeria_Synthesized_FAO_NASA
Ekiti,2019,Yams,2325.44,24.63,21.43,28.64,85.23,16.92,49.1,30.3,27.2,5.99,63.4,2.99,205226.79,9504.98,Nigeria_Synthesized_FAO_NASA
Enugu,2019,Yams,1601.35,25.72,22.28,29.72,82.47,17.04,45.8,28.8,25.1,6.14,43.6,8.22,135053.64,10215.41,Nigeria_Synthesized_FAO_NASA
FCT Abuja,2019,Yams,1302.2,26.23,21.5,31.88,67.06,18.58,52.3,30.5,23.7,6.05,79.3,4.73,158939.34,8875.65,Nigeria_Synthesized_FAO_NASA
Gombe,2019,Yams,1233.79,26.8,21.28,33.1,55.76,20.71,49.8,30.9,23.4,6.22,65.4,5.42,216991.43,7711.96,Nigeria_Synthesized_FAO_NASA
Imo,2019,Yams,2559.56,26.01,23.05,29.59,86.4,16.27,48.5,31.2,27.2,6.28,51.9,6.42,212748.9,10289.89,Nigeria_Synthesized_FAO_NASA
Jigawa,2019,Yams,485.81,27.58,20.91,35.54,41.33,20.87,50.2,29.3,22.8,6.13,112.3,2.14,224091.8,5030.23,Nigeria_Synthesized_FAO_NASA
Kaduna,2019,Yams,1623.16,24.48,19.33,30.82,63.85,19.89,48.9,29.6,25.4,6.18,53.5,2.12,230582.01,9343.53,Nigeria_Synthesized_FAO_NASA
Kano,2019,Yams,517.4,27.07,20.35,35.28,43.11,21.48,46.1,28.3,24.4,6.39,61.5,7.73,229444.23,5549.1,Nigeria_Synthesized_FAO_NASA
Katsina,2019,Yams,702.35,26.88,20.7,33.83,42.66,21.26,50.6,31.0,24.3,6.37,53.3,2.32,231659.01,5057.36,Nigeria_Synthesized_FAO_NASA
Kebbi,2019,Yams,975.0,27.47,21.57,34.45,51.71,21.15,52.5,30.1,25.4,5.97,107.3,7.12,222067.75,6149.05,Nigeria_Synthesized_FAO_NASA
Kogi,2019,Yams,1251.26,27.25,22.95,32.23,71.52,17.31,54.6,32.3,25.7,6.12,89.4,5.74,179475.25,8281.49,Nigeria_Synthesized_FAO_NASA
Kwara,2019,Yams,1645.89,25.35,21.41,30.21,78.48,18.09,49.1,30.4,24.6,6.05,100.9,5.45,161941.96,9483.24,Nigeria_Synthesized_FAO_NASA
Lagos,2019,Yams,1952.69,26.78,25.09,28.91,85.85,16.26,53.8,31.5,24.1,6.47,46.1,8.25,168717.38,9384.48,Nigeria_Synthesized_FAO_NASA
Nasarawa,2019,Yams,938.12,27.98,23.38,33.58,62.16,18.38,49.3,29.2,25.2,6.38,107.4,4.61,129233.53,5682.65,Nigeria_Synthesized_FAO_NASA
Niger,2019,Yams,1226.48,26.93,22.01,32.45,68.58,18.47,45.5,30.8,22.8,6.34,83.1,3.29,144520.87,7872.94,Nigeria_Synthesized_FAO_NASA
Ogun,2019,Yams,1932.32,26.05,23.09,29.76,86.83,16.7,49.4,31.8,24.8,5.98,97.9,3.21,148348.11,9921.95,Nigeria_Synthesized_FAO_NASA
Ondo,2019,Yams,2325.44,24.63,21.43,28.64,85.23,16.92,49.5,32.1,26.0,5.91,63.7,7.66,180921.86,9787.08,Nigeria_Synthesized_FAO_NASA
Osun,2019,Yams,2184.61,24.92,21.46,29.14,83.53,16.53,52.3,30.7,26.3,6.34,95.4,7.34,188165.38,8782.21,Nigeria_Synthesized_FAO_NASA
Oyo,2019,Yams,2257.17,25.43,22.21,29.34,86.49,16.7,49.7,31.3,26.9,6.06,67.4,8.05,172465.7,9896.26,Nigeria_Synthesized_FAO_NASA
Plateau,2019,Yams,1166.1,23.54,18.25,30.23,58.25,18.6,51.6,32.9,26.6,6.35,56.6,7.69,147904.5,6884.21,Nigeria_Synthesized_FAO_NASA
Rivers,2019,Yams,3286.85,26.06,23.24,29.71,87.68,15.01,48.3,27.4,24.9,6.06,97.2,8.22,225980.09,9903.34,Nigeria_Synthesized_FAO_NASA
Sokoto,2019,Yams,1088.13,27.34,21.33,34.05,48.97,21.64,49.5,31.6,26.7,6.33,80.6,6.07,225721.12,7220.9,Nigeria_Synthesized_FAO_NASA
Taraba,2019,Yams,982.97,27.29,22.23,33.11,61.02,19.1,53.1,32.7,24.8,6.32,99.0,6.3,156051.67,6542.61,Nigeria_Synthesized_FAO_NASA
Yobe,2019,Yams,776.03,27.41,21.34,34.46,46.98,21.13,49.5,27.4,26.7,6.31,107.9,2.9,225140.11,5438.23,Nigeria_Synthesized_FAO_NASA
Zamfara,2019,Yams,738.05,26.25,20.33,33.26,49.44,21.28,46.5,31.9,26.6,6.33,50.5,6.34,230935.55,4940.74,Nigeria_Synthesized_FAO_NASA
Abia,2020,Yams,2029.78,25.76,22.57,29.63,85.2,16.76,49.1,29.7,22.9,6.44,109.5,8.49,184042.98,10509.77,Nigeria_Synthesized_FAO_NASA
Adamawa,2020,Yams,982.6,27.15,21.49,33.42,57.83,20.76,47.0,31.0,25.7,6.45,106.5,8.1,221686.17,6531.33,Nigeria_Synthesized_FAO_NASA
Akwa Ibom,2020,Yams,2982.8,26.24,23.63,29.59,86.16,16.76,45.6,32.1,25.5,6.13,44.5,6.4,235268.32,10634.42,Nigeria_Synthesized_FAO_NASA
Anambra,2020,Yams,2228.5,25.76,22.46,29.53,84.05,17.58,51.8,32.5,26.6,6.17,71.0,3.56,188926.05,9621.88,Nigeria_Synthesized_FAO_NASA
Bauchi,2020,Yams,2013.76,24.95,19.31,31.5,59.51,20.92,54.7,30.4,23.1,6.11,83.8,5.46,147691.47,9447.28,Nigeria_Synthesized_FAO_NASA
Bayelsa,2020,Yams,3495.17,26.08,23.46,29.46,87.47,15.56,47.8,27.1,22.9,6.25,51.0,2.27,244763.75,9249.85,Nigeria_Synthesized_FAO_NASA
Benue,2020,Yams,1209.6,26.41,22.11,31.55,72.34,18.7,46.1,28.9,24.6,5.99,80.5,2.55,206840.84,7676.16,Nigeria_Synthesized_FAO_NASA
Borno,2020,Yams,545.45,28.06,21.39,35.6,42.48,21.41,47.5,27.6,24.6,6.46,97.9,7.3,194943.59,4968.62,Nigeria_Synthesized_FAO_NASA
Cross River,2020,Yams,2982.8,26.24,23.63,29.59,86.16,15.31,52.6,30.7,24.3,6.0,94.9,8.47,247282.08,10639.37,Nigeria_Synthesized_FAO_NASA
Delta,2020,Yams,2228.5,25.76,22.46,29.53,84.05,16.94,50.0,29.6,24.6,6.2,69.4,6.87,218506.02,9842.17,Nigeria_Synthesized_FAO_NASA
Ebonyi,2020,Yams,1251.59,26.36,22.44,31.15,77.86,18.1,47.3,32.4,24.2,6.08,98.1,3.98,236908.71,8570.47,Nigeria_Synthesized_FAO_NASA
Edo,2020,Yams,2111.49,25.46,22.36,29.3,87.0,16.43,52.2,29.0,25.6,6.3,98.7,7.83,178042.23,9100.31,Nigeria_Synthesized_FAO_NASA
Ekiti,2020,Yams,1688.06,24.44,20.97,28.85,83.66,17.35,48.2,29.6,26.1,5.9,65.3,7.07,154093.53,9384.54,Nigeria_Synthesized_FAO_NASA
Enugu,2020,Yams,1630.95,25.64,21.91,30.0,80.61,17.58,53.1,31.7,25.9,6.16,118.7,5.7,219437.75,10126.3,Nigeria_Synthesized_FAO_NASA
FCT Abuja,2020,Yams,1389.91,25.33,20.59,31.05,70.06,19.24,51.9,32.5,23.4,5.94,110.5,7.95,168701.95,8283.38,Nigeria_Synthesized_FAO_NASA
Gombe,2020,Yams,1610.11,25.46,19.91,31.96,61.65,21.05,51.6,29.0,26.9,5.96,43.0,3.36,178466.21,9450.67,Nigeria_Synthesized_FAO_NASA
Imo,2020,Yams,2537.08,25.96,22.78,29.79,85.46,16.76,45.7,31.5,23.3,6.46,69.4,6.36,147908.81,9614.76,Nigeria_Synthesized_FAO_NASA
Jigawa,2020,Yams,1348.11,26.04,19.53,33.9,50.64,21.0,50.7,30.4,26.3,6.36,93.7,4.92,162634.59,8245.66,Nigeria_Synthesized_FAO_NASA
Kaduna,2020,Yams,3398.52,23.14,18.43,29.08,70.9,20.28,54.9,31.9,22.7,6.09,85.8,6.69,206819.72,9654.04,Nigeria_Synthesized_FAO_NASA
Kano,2020,Yams,1291.71,25.59,19.15,33.6,52.35,21.5,47.8,28.1,22.8,6.25,95.1,4.12,225724.77,8214.52,Nigeria_Synthesized_FAO_NASA
Katsina,2020,Yams,1539.75,25.3,19.52,31.74,53.57,21.05,46.0,31.2,24.3,6.31,106.5,7.54,140884.45,9800.37,Nigeria_Synthesized_FAO_NASA
Kebbi,2020,Yams,1131.67,26.83,21.14,33.82,56.95,20.69,52.3,31.6,26.4,6.03,55.4,5.84,191065.55,7027.55,Nigeria_Synthesized_FAO_NASA
Kogi,2020,Yams,1391.1,26.62,22.18,31.74,72.68,17.84,46.0,31.3,24.0,5.99,51.8,4.05,171745.06,9408.5,Nigeria_Synthesized_FAO_NASA
Kwara,2020,Yams,1204.71,25.26,20.98,30.59,76.31,18.29,45.2,27.6,24.0,6.3,47.9,5.64,176283.46,7633.01,Nigeria_Synthesized_FAO_NASA
Lagos,2020,Yams,1510.91,26.41,24.55,28.78,85.34,16.91,46.7,27.4,25.9,6.18,106.5,2.64,159316.29,9181.98,Nigeria_Synthesized_FAO_NASA
Nasarawa,2020,Yams,1078.68,27.24,22.6,32.97,63.62,19.25,52.7,28.8,24.5,6.08,46.4,8.11,170279.17,6653.39,Nigeria_Synthesized_FAO_NASA
Niger,2020,Yams,1309.13,26.28,21.2,32.07,70.38,18.94,51.6,30.1,22.9,6.29,52.4,4.69,225921.59,8502.82,Nigeria_Synthesized_FAO_NASA
Ogun,2020,Yams,1525.8,25.74,22.52,29.83,85.71,16.87,51.9,31.0,23.2,6.1,43.4,6.68,225273.8,9870.69,Nigeria_Synthesized_FAO_NASA
Ondo,2020,Yams,1688.06,24.44,20.97,28.85,83.66,17.35,45.9,29.9,26.8,6.23,43.7,8.33,165384.22,10173.89,Nigeria_Synthesized_FAO_NASA
Osun,2020,Yams,1523.34,24.79,21.01,29.45,81.59,16.86,54.2,29.7,24.4,6.18,106.8,6.29,150066.59,9862.0,Nigeria_Synthesized_FAO_NASA
Oyo,2020,Yams,1568.36,25.24,21.73,29.6,84.71,16.87,46.5,31.5,25.7,6.01,53.7,7.66,245545.52,9047.12,Nigeria_Synthesized_FAO_NASA
Plateau,2020,Yams,3385.52,22.35,17.41,28.56,63.84,19.39,50.0,31.4,24.9,6.07,69.1,7.58,210518.39,8728.98,Nigeria_Synthesized_FAO_NASA
Rivers,2020,Yams,3361.46,26.04,23.03,29.87,87.03,15.21,54.3,31.8,22.8,6.51,95.6,3.04,159528.28,9929.12,Nigeria_Synthesized_FAO_NASA
Sokoto,2020,Yams,1145.58,26.35,20.64,33.04,56.06,21.49,52.8,28.4,23.8,6.08,87.8,3.12,214895.68,7087.92,Nigeria_Synthesized_FAO_NASA
Taraba,2020,Yams,1075.73,26.37,21.19,32.39,64.01,19.69,52.8,30.0,24.3,6.16,71.1,8.24,213325.8,6511.96,Nigeria_Synthesized_FAO_NASA
Yobe,2020,Yams,792.26,26.9,20.63,34.19,48.36,21.55,48.8,30.3,25.6,6.18,104.8,6.99,158908.47,5753.33,Nigeria_Synthesized_FAO_NASA
Zamfara,2020,Yams,1146.34,25.26,19.6,32.14,55.83,20.88,52.5,31.7,27.3,6.06,61.4,7.78,233619.48,7162.96,Nigeria_Synthesized_FAO_NASA
Abia,2021,Yams,1877.25,25.78,22.8,29.53,86.39,16.48,45.6,30.8,23.2,6.2,52.5,2.83,254516.39,10438.12,Nigeria_Synthesized_FAO_NASA
Adamawa,2021,Yams,945.3,27.6,21.95,33.88,56.24,20.8,48.6,27.6,24.1,5.99,115.3,4.08,218488.07,5695.9,Nigeria_Synthesized_FAO_NASA
Akwa Ibom,2021,Yams,2456.61,26.21,23.74,29.42,87.15,16.48,51.5,31.3,25.7,6.48,56.6,8.43,243975.94,9867.09,Nigeria_Synthesized_FAO_NASA
Anambra,2021,Yams,2208.72,25.78,22.8,29.34,86.04,17.38,51.6,30.9,22.8,6.03,116.9,5.47,213470.45,10532.11,Nigeria_Synthesized_FAO_NASA
Bauchi,2021,Yams,3305.27,25.04,19.49,31.42,60.49,21.27,50.2,27.1,26.2,6.34,53.2,8.22,234513.76,9581.77,Nigeria_Synthesized_FAO_NASA
Bayelsa,2021,Yams,3490.5,26.11,23.68,29.29,88.5,15.38,46.1,30.6,24.4,6.11,106.2,2.06,197514.85,9658.84,Nigeria_Synthesized_FAO_NASA
Benue,2021,Yams,1524.55,26.51,22.31,31.46,73.01,18.37,54.9,30.5,22.8,5.92,110.7,7.47,211339.69,10473.95,Nigeria_Synthesized_FAO_NASA
Borno,2021,Yams,444.23,28.5,21.62,36.32,39.39,21.77,49.9,32.8,27.2,6.5,109.3,7.91,217003.89,5207.33,Nigeria_Synthesized_FAO_NASA
Cross River,2021,Yams,2456.61,26.21,23.74,29.42,87.15,15.69,52.1,32.8,25.4,5.94,87.8,6.46,242899.71,9677.86,Nigeria_Synthesized_FAO_NASA
Delta,2021,Yams,2208.72,25.78,22.8,29.34,86.04,16.78,51.0,29.2,24.4,5.97,115.3,6.88,189777.27,9554.86,Nigeria_Synthesized_FAO_NASA
Ebonyi,2021,Yams,780.95,26.73,22.83,31.71,77.1,17.93,52.4,27.1,24.3,6.27,76.2,7.06,234948.43,5102.75,Nigeria_Synthesized_FAO_NASA
Edo,2021,Yams,2357.05,25.6,22.85,29.07,89.16,16.34,54.8,28.5,26.1,5.98,66.3,4.87,160564.91,9827.76,Nigeria_Synthesized_FAO_NASA
Ekiti,2021,Yams,2803.84,24.66,21.47,28.82,85.48,17.19,46.6,30.4,25.8,5.93,109.7,3.2,196567.68,9178.23,Nigeria_Synthesized_FAO_NASA
Enugu,2021,Yams,1288.82,25.72,22.24,30.06,82.26,17.38,49.7,30.0,23.1,6.39,89.4,2.88,222270.9,7885.81,Nigeria_Synthesized_FAO_NASA
FCT Abuja,2021,Yams,1369.92,25.61,20.82,31.36,68.57,19.4,50.7,27.7,24.4,6.04,81.4,7.48,240395.31,8561.05,Nigeria_Synthesized_FAO_NASA
Gombe,2021,Yams,2221.85,25.9,20.36,32.35,60.63,21.29,54.1,30.5,25.3,6.05,88.6,5.74,194547.13,9937.45,Nigeria_Synthesized_FAO_NASA
Imo,2021,Yams,2610.4,25.97,23.05,29.59,86.97,16.48,53.8,31.5,25.2,6.18,54.8,3.99,262316.47,9895.58,Nigeria_Synthesized_FAO_NASA
Jigawa,2021,Yams,1693.73,25.93,19.29,33.69,51.02,21.81,53.8,27.9,25.0,6.29,81.3,7.78,197028.44,10489.67,Nigeria_Synthesized_FAO_NASA
Kaduna,2021,Yams,6360.7,23.35,18.52,29.42,70.17,20.72,46.3,27.8,25.9,6.12,98.7,4.64,155941.0,9969.78,Nigeria_Synthesized_FAO_NASA
Kano,2021,Yams,1845.71,25.31,18.75,33.21,53.87,22.26,50.5,30.2,22.9,6.14,83.7,5.0,235464.55,10057.29,Nigeria_Synthesized_FAO_NASA
Katsina,2021,Yams,1784.49,25.63,19.61,32.47,49.51,21.82,53.2,29.3,26.1,6.14,58.6,4.23,252082.75,10594.14,Nigeria_Synthesized_FAO_NASA
Kebbi,2021,Yams,925.26,27.38,21.34,34.71,52.95,21.44,49.6,32.7,24.1,6.45,58.3,3.24,182197.77,5669.89,Nigeria_Synthesized_FAO_NASA
Kogi,2021,Yams,2024.23,26.62,22.46,31.48,74.62,17.63,45.4,28.3,24.8,6.1,97.0,5.32,223628.04,10295.29,Nigeria_Synthesized_FAO_NASA
Kwara,2021,Yams,1764.69,25.68,21.46,30.92,74.97,18.45,47.9,31.4,26.4,6.49,79.9,6.0,250615.72,9429.44,Nigeria_Synthesized_FAO_NASA
Lagos,2021,Yams,1713.6,26.77,25.1,28.92,85.31,16.64,49.6,29.6,26.8,5.92,110.6,7.54,224317.21,10038.4,Nigeria_Synthesized_FAO_NASA
Nasarawa,2021,Yams,1517.79,27.2,22.63,32.72,64.83,19.03,48.6,33.0,23.1,6.26,94.5,8.07,201460.91,10051.14,Nigeria_Synthesized_FAO_NASA
Niger,2021,Yams,1567.28,26.65,21.5,32.49,68.64,19.19,46.2,29.2,23.2,6.44,100.0,6.92,220142.73,10734.02,Nigeria_Synthesized_FAO_NASA
Ogun,2021,Yams,1752.89,26.03,23.06,29.86,86.44,17.14,46.5,29.0,23.2,6.34,52.8,6.56,203508.59,10325.89,Nigeria_Synthesized_FAO_NASA
Ondo,2021,Yams,2803.84,24.66,21.47,28.82,85.48,17.19,46.4,28.9,24.1,6.32,49.1,7.39,197703.94,9950.56,Nigeria_Synthesized_FAO_NASA
Osun,2021,Yams,2545.61,25.1,21.46,29.67,82.03,16.81,52.2,31.0,26.2,6.01,52.6,3.54,164509.81,10199.52,Nigeria_Synthesized_FAO_NASA
Oyo,2021,Yams,2405.57,25.45,22.18,29.58,85.99,17.14,52.4,32.6,22.8,5.9,95.9,3.82,238359.27,9687.21,Nigeria_Synthesized_FAO_NASA
Plateau,2021,Yams,6143.64,22.42,17.47,28.63,64.07,19.45,46.0,30.9,24.1,6.28,106.7,3.11,208342.88,8718.15,Nigeria_Synthesized_FAO_NASA
Rivers,2021,Yams,3286.06,26.06,23.27,29.7,88.29,15.22,54.2,28.2,25.5,6.14,101.9,5.94,206383.57,10785.24,Nigeria_Synthesized_FAO_NASA
Sokoto,2021,Yams,1248.4,26.82,20.76,33.8,52.26,22.27,48.8,28.3,25.5,6.28,75.1,5.16,252867.59,8256.5,Nigeria_Synthesized_FAO_NASA
Taraba,2021,Yams,995.65,26.9,21.62,32.99,61.7,19.68,46.1,28.3,27.4,6.34,113.2,3.98,230944.72,7092.36,Nigeria_Synthesized_FAO_NASA
Yobe,2021,Yams,1602.2,26.8,20.56,34.02,49.32,22.04,47.9,30.3,25.6,6.19,106.2,7.41,228673.03,10719.53,Nigeria_Synthesized_FAO_NASA
Zamfara,2021,Yams,1543.33,25.19,19.44,32.19,55.73,21.79,49.9,29.3,26.7,6.19,59.7,5.3,239545.83,10258.67,Nigeria_Synthesized_FAO_NASA
Abia,2022,Yams,1579.69,25.57,22.28,29.59,84.63,16.48,48.4,28.6,27.3,6.37,103.0,6.05,225023.17,9597.39,Nigeria_Synthesized_FAO_NASA
Adamawa,2022,Yams,1250.17,26.34,20.98,32.39,61.0,20.39,51.0,32.8,23.5,6.47,72.1,5.43,233200.82,8809.15,Nigeria_Synthesized_FAO_NASA
Akwa Ibom,2022,Yams,3367.59,26.03,23.38,29.41,86.43,16.48,51.1,33.0,27.4,6.49,67.9,8.44,206675.2,9704.19,Nigeria_Synthesized_FAO_NASA
Anambra,2022,Yams,1520.42,25.52,22.18,29.44,83.61,17.09,47.2,30.0,27.3,6.48,94.7,7.19,244422.79,9836.36,Nigeria_Synthesized_FAO_NASA
Bauchi,2022,Yams,2192.25,23.61,18.14,29.92,65.09,20.54,51.2,27.5,23.1,5.96,97.9,2.92,228659.42,9060.63,Nigeria_Synthesized_FAO_NASA
Bayelsa,2022,Yams,2262.15,25.86,23.18,29.29,87.25,15.34,50.5,31.2,25.9,6.21,77.1,4.59,184500.31,10220.29,Nigeria_Synthesized_FAO_NASA
Benue,2022,Yams,1847.07,25.08,21.17,29.65,77.48,18.09,47.6,31.5,24.3,6.42,66.2,6.56,181336.2,10604.89,Nigeria_Synthesized_FAO_NASA
Borno,2022,Yams,476.63,27.77,21.18,35.35,41.4,21.11,48.4,31.9,27.3,6.18,106.0,6.55,187961.22,5188.13,Nigeria_Synthesized_FAO_NASA
Cross River,2022,Yams,3367.59,26.03,23.38,29.41,86.43,15.25,45.8,31.3,25.2,5.9,60.1,7.99,239491.02,11099.89,Nigeria_Synthesized_FAO_NASA
Delta,2022,Yams,1520.42,25.52,22.18,29.44,83.61,16.56,54.8,31.8,22.6,6.07,42.4,2.61,238006.68,10582.29,Nigeria_Synthesized_FAO_NASA
Ebonyi,2022,Yams,1089.98,26.56,22.33,31.89,73.62,17.56,53.5,32.2,25.6,6.47,80.0,7.78,202249.45,7004.18,Nigeria_Synthesized_FAO_NASA
Edo,2022,Yams,1751.31,25.24,22.22,29.04,87.11,16.2,54.2,29.3,25.0,6.09,93.0,8.47,174842.47,10001.43,Nigeria_Synthesized_FAO_NASA
Ekiti,2022,Yams,2113.63,24.07,20.77,28.17,85.26,17.06,45.0,29.2,23.3,6.36,44.0,5.6,250236.59,8965.55,Nigeria_Synthesized_FAO_NASA
Enugu,2022,Yams,1234.16,25.55,21.69,30.33,78.39,17.09,52.7,28.3,23.6,6.06,86.9,6.29,157459.26,7785.15,Nigeria_Synthesized_FAO_NASA
FCT Abuja,2022,Yams,1760.93,24.61,19.96,30.21,72.48,18.75,49.3,29.0,26.9,6.38,90.1,4.2,170561.24,9112.29,Nigeria_Synthesized_FAO_NASA
Gombe,2022,Yams,2531.68,24.85,19.37,31.35,62.57,20.6,50.9,31.7,26.2,6.24,65.0,6.85,243430.05,10270.53,Nigeria_Synthesized_FAO_NASA
Imo,2022,Yams,1729.51,25.75,22.53,29.66,85.07,16.48,53.0,31.9,24.9,6.01,48.0,6.83,235662.1,9757.93,Nigeria_Synthesized_FAO_NASA
Jigawa,2022,Yams,764.89,25.49,18.93,33.6,50.77,20.59,46.4,32.6,27.4,6.16,87.6,7.05,220083.73,5806.16,Nigeria_Synthesized_FAO_NASA
Kaduna,2022,Yams,4954.11,22.45,17.78,28.41,73.02,19.63,46.1,30.5,26.0,6.44,109.9,8.36,258463.42,9532.56,Nigeria_Synthesized_FAO_NASA
Kano,2022,Yams,781.04,24.6,18.13,32.79,55.71,20.9,49.3,29.5,23.8,6.4,118.9,3.67,241870.75,5325.56,Nigeria_Synthesized_FAO_NASA
Katsina,2022,Yams,1325.45,24.72,18.93,31.41,53.18,20.62,51.2,32.8,23.8,5.93,79.4,2.56,240027.93,7821.66,Nigeria_Synthesized_FAO_NASA
Kebbi,2022,Yams,980.15,26.68,20.86,33.83,54.97,20.66,47.2,27.6,27.3,6.06,75.5,7.84,156527.78,6366.88,Nigeria_Synthesized_FAO_NASA
Kogi,2022,Yams,1437.67,25.42,21.41,29.88,78.17,17.55,52.1,32.0,26.9,6.29,111.2,5.48,216111.83,9603.27,Nigeria_Synthesized_FAO_NASA
Kwara,2022,Yams,1540.4,24.76,20.61,29.83,78.16,18.05,50.4,32.4,22.7,6.14,115.8,3.62,247842.46,9448.52,Nigeria_Synthesized_FAO_NASA
Lagos,2022,Yams,1637.38,26.36,24.55,28.59,85.07,16.58,53.8,30.4,25.7,6.43,102.1,6.1,256782.1,11169.93,Nigeria_Synthesized_FAO_NASA
Nasarawa,2022,Yams,1908.77,25.78,21.49,31.12,70.43,18.69,54.8,27.3,23.2,6.17,70.8,7.09,224302.33,11038.54,Nigeria_Synthesized_FAO_NASA
Niger,2022,Yams,1218.58,25.95,20.84,31.8,71.14,18.49,48.2,29.6,23.9,6.25,44.7,2.97,259469.44,7610.37,Nigeria_Synthesized_FAO_NASA
Ogun,2022,Yams,1698.93,25.61,22.45,29.56,86.01,16.65,47.4,31.8,23.0,6.16,41.8,4.25,163856.54,10594.44,Nigeria_Synthesized_FAO_NASA
Ondo,2022,Yams,2113.63,24.07,20.77,28.17,85.26,17.06,53.9,32.5,23.0,6.5,63.8,2.55,152183.69,10011.0,Nigeria_Synthesized_FAO_NASA
Osun,2022,Yams,2171.52,24.37,20.75,28.76,83.32,16.56,51.3,29.0,26.7,6.33,68.0,6.77,190741.48,9021.97,Nigeria_Synthesized_FAO_NASA
Oyo,2022,Yams,2188.72,25.01,21.57,29.19,85.48,16.65,48.1,29.8,25.0,6.23,64.1,6.34,152546.08,10707.01,Nigeria_Synthesized_FAO_NASA
Plateau,2022,Yams,4912.41,21.6,16.62,27.93,66.17,18.96,46.1,29.9,24.3,6.19,113.7,5.12,211242.03,9120.83,Nigeria_Synthesized_FAO_NASA
Rivers,2022,Yams,2252.03,25.81,22.77,29.66,87.1,15.13,53.2,31.7,25.1,6.04,77.2,5.66,194412.21,9459.73,Nigeria_Synthesized_FAO_NASA
Sokoto,2022,Yams,1156.6,26.01,20.22,32.86,54.85,21.23,51.9,29.9,24.3,6.39,79.6,8.47,219277.23,8264.26,Nigeria_Synthesized_FAO_NASA
Taraba,2022,Yams,1228.08,25.86,20.77,31.75,65.52,19.13,51.8,27.3,23.8,6.11,99.2,5.21,149507.21,8032.0,Nigeria_Synthesized_FAO_NASA
Yobe,2022,Yams,893.85,26.19,20.1,33.36,49.44,21.16,49.1,32.5,25.0,6.33,57.5,6.95,215968.02,5498.28,Nigeria_Synthesized_FAO_NASA
Zamfara,2022,Yams,1059.55,24.33,18.79,31.18,58.41,20.65,45.3,29.7,25.9,5.95,72.8,8.12,250749.25,6880.97,Nigeria_Synthesized_FAO_NASA
Abia,2023,Yams,1475.58,26.0,22.97,29.78,85.98,16.51,45.6,31.3,25.4,6.2,117.7,2.84,265687.77,9672.71,Nigeria_Synthesized_FAO_NASA
Adamawa,2023,Yams,519.27,29.06,23.09,35.71,48.82,20.47,47.6,32.4,24.6,6.39,71.1,7.53,229371.19,5721.94,Nigeria_Synthesized_FAO_NASA
Akwa Ibom,2023,Yams,2436.57,26.42,24.01,29.57,87.24,16.51,51.5,28.1,24.6,6.0,41.8,3.38,161446.05,10695.01,Nigeria_Synthesized_FAO_NASA
Anambra,2023,Yams,1615.95,26.03,22.88,29.77,84.86,17.37,50.0,28.5,25.9,6.33,68.6,7.73,203484.85,10401.77,Nigeria_Synthesized_FAO_NASA
Bauchi,2023,Yams,697.86,26.4,20.3,33.58,51.79,20.63,47.8,27.0,26.8,6.4,49.9,4.43,232062.41,5762.0,Nigeria_Synthesized_FAO_NASA
Bayelsa,2023,Yams,1814.82,26.3,23.77,29.56,87.72,15.29,53.6,27.8,24.6,5.95,71.2,2.1,224540.38,10697.06,Nigeria_Synthesized_FAO_NASA
Benue,2023,Yams,944.03,26.63,22.48,31.5,74.24,18.47,53.5,27.4,23.6,6.05,70.9,7.22,209100.03,6780.4,Nigeria_Synthesized_FAO_NASA
Borno,2023,Yams,343.14,29.63,22.82,37.31,35.78,20.81,45.6,27.5,26.3,6.17,98.1,6.43,169298.75,5187.03,Nigeria_Synthesized_FAO_NASA
Cross River,2023,Yams,2436.57,26.42,24.01,29.57,87.24,15.23,52.6,31.3,24.4,5.94,41.0,3.87,161673.37,9855.59,Nigeria_Synthesized_FAO_NASA
Delta,2023,Yams,1615.95,26.03,22.88,29.77,84.86,16.79,49.2,27.7,23.0,6.45,86.8,8.07,172436.91,9529.52,Nigeria_Synthesized_FAO_NASA
Ebonyi,2023,Yams,798.23,27.26,23.22,32.34,75.35,17.86,47.0,30.7,23.1,5.89,114.5,5.61,227631.01,5550.34,Nigeria_Synthesized_FAO_NASA
Edo,2023,Yams,1676.66,25.77,22.82,29.43,87.56,16.33,48.3,29.4,26.0,6.24,114.0,2.17,185246.65,10959.27,Nigeria_Synthesized_FAO_NASA
Ekiti,2023,Yams,2169.85,24.73,21.45,28.77,85.2,17.29,46.8,30.1,25.0,5.97,56.2,4.65,184814.08,10256.83,Nigeria_Synthesized_FAO_NASA
Enugu,2023,Yams,1108.57,26.27,22.56,30.82,79.47,17.37,46.5,27.0,27.4,6.47,78.7,8.47,183237.59,7295.44,Nigeria_Synthesized_FAO_NASA
FCT Abuja,2023,Yams,1030.73,25.93,21.23,31.83,70.09,19.26,46.2,32.5,25.7,6.41,111.9,4.91,152533.82,7001.09,Nigeria_Synthesized_FAO_NASA
Gombe,2023,Yams,862.01,27.1,21.19,33.91,53.37,20.53,45.7,28.1,24.6,5.96,53.3,4.9,167277.37,5444.19,Nigeria_Synthesized_FAO_NASA
Imo,2023,Yams,1777.67,26.17,23.15,29.88,86.12,16.51,49.3,30.9,27.2,5.96,47.9,7.54,201768.45,10120.72,Nigeria_Synthesized_FAO_NASA
Jigawa,2023,Yams,423.99,28.08,21.04,36.39,38.64,20.91,47.2,32.0,27.1,6.28,48.5,7.82,238650.77,5555.3,Nigeria_Synthesized_FAO_NASA
Kaduna,2023,Yams,2465.41,24.0,18.96,30.15,67.86,20.1,45.4,31.8,23.2,6.03,86.2,3.72,236733.83,10146.52,Nigeria_Synthesized_FAO_NASA
Kano,2023,Yams,404.08,27.34,20.3,35.93,42.1,21.23,46.1,30.9,27.1,5.99,87.8,4.22,219103.3,5823.5,Nigeria_Synthesized_FAO_NASA
Katsina,2023,Yams,982.9,26.58,20.38,33.43,45.93,20.87,48.5,27.2,27.4,6.28,80.1,4.49,179465.0,6583.78,Nigeria_Synthesized_FAO_NASA
Kebbi,2023,Yams,730.22,28.19,22.1,35.52,49.11,21.05,48.6,29.8,23.9,6.0,84.5,7.48,190959.55,5565.54,Nigeria_Synthesized_FAO_NASA
Kogi,2023,Yams,1484.52,26.48,22.44,31.06,77.19,17.79,47.5,32.9,26.6,6.26,114.3,4.89,148074.16,9423.8,Nigeria_Synthesized_FAO_NASA
Kwara,2023,Yams,1579.72,25.6,21.52,30.56,78.01,18.12,47.4,30.8,24.4,6.28,64.4,6.02,180613.38,10993.22,Nigeria_Synthesized_FAO_NASA
Lagos,2023,Yams,1725.77,26.85,25.11,28.99,85.4,16.75,54.1,32.3,27.4,6.33,94.6,5.63,150325.74,10223.15,Nigeria_Synthesized_FAO_NASA
Nasarawa,2023,Yams,792.72,27.73,23.06,33.55,63.92,18.98,47.9,32.3,23.4,6.46,81.8,6.65,167395.27,5274.1,Nigeria_Synthesized_FAO_NASA
Niger,2023,Yams,980.38,27.13,22.06,32.82,68.69,18.85,54.6,28.6,24.0,6.01,50.3,3.52,177246.9,6252.03,Nigeria_Synthesized_FAO_NASA
Ogun,2023,Yams,1751.53,26.09,23.04,29.88,86.48,16.84,50.5,27.7,26.5,6.38,41.7,4.49,200251.12,10596.7,Nigeria_Synthesized_FAO_NASA
Ondo,2023,Yams,2169.85,24.73,21.45,28.77,85.2,17.29,52.4,32.4,23.7,6.17,54.8,4.41,241823.7,9241.31,Nigeria_Synthesized_FAO_NASA
Osun,2023,Yams,2201.65,25.06,21.5,29.39,83.52,16.78,52.1,30.3,26.6,6.06,112.3,8.49,150616.94,10067.33,Nigeria_Synthesized_FAO_NASA
Oyo,2023,Yams,2213.93,25.55,22.23,29.59,86.03,16.84,53.1,30.4,23.5,6.31,97.0,8.41,240068.98,10871.71,Nigeria_Synthesized_FAO_NASA
Plateau,2023,Yams,2848.18,23.43,18.07,30.06,59.1,19.25,51.8,32.9,23.4,6.09,83.4,3.11,177535.23,9573.62,Nigeria_Synthesized_FAO_NASA
Rivers,2023,Yams,1891.07,26.21,23.36,29.86,87.72,14.97,53.7,27.3,24.6,6.36,116.3,8.41,185635.73,9604.15,Nigeria_Synthesized_FAO_NASA
Sokoto,2023,Yams,789.78,27.79,21.68,34.73,47.25,21.37,45.4,31.5,25.7,6.04,80.6,2.84,261364.26,5529.61,Nigeria_Synthesized_FAO_NASA
Taraba,2023,Yams,410.16,28.57,22.82,35.08,53.6,19.38,51.3,28.0,23.5,6.51,100.2,8.25,188217.83,5790.25,Nigeria_Synthesized_FAO_NASA
Yobe,2023,Yams,406.07,28.53,21.87,36.21,40.3,21.27,50.0,30.0,23.4,6.34,68.9,3.21,164349.29,5293.45,Nigeria_Synthesized_FAO_NASA
Zamfara,2023,Yams,540.96,26.93,20.75,34.3,46.38,21.09,52.3,29.9,25.1,5.98,113.2,8.04,213620.37,5569.55,Nigeria_Synthesized_FAO_NASA
Abia,2024,Yams,1371.1,26.26,22.98,30.44,83.64,16.73,50.4,30.8,27.5,6.51,108.6,2.41,153939.21,9371.75,Nigeria_Synthesized_FAO_NASA
Adamawa,2024,Yams,935.61,28.37,22.56,34.94,52.06,20.19,53.0,29.4,24.1,6.18,51.7,4.32,231283.27,6534.53,Nigeria_Synthesized_FAO_NASA
Akwa Ibom,2024,Yams,1887.73,26.7,24.02,30.21,85.14,16.73,46.5,27.8,24.5,6.51,53.9,2.95,156580.35,11099.47,Nigeria_Synthesized_FAO_NASA
Anambra,2024,Yams,1360.79,26.34,22.94,30.45,82.05,17.55,45.3,31.5,25.8,6.37,79.6,8.44,266299.42,9659.81,Nigeria_Synthesized_FAO_NASA
Bauchi,2024,Yams,1109.06,26.3,20.35,33.25,52.28,20.55,49.0,29.7,27.1,6.24,43.6,4.65,182111.85,6835.4,Nigeria_Synthesized_FAO_NASA
Bayelsa,2024,Yams,1913.76,26.75,24.06,30.28,85.78,15.55,51.0,30.8,26.1,6.37,90.8,3.54,277145.3,10374.14,Nigeria_Synthesized_FAO_NASA
Benue,2024,Yams,1021.39,27.15,22.6,32.57,67.47,18.62,52.4,33.0,26.5,6.4,116.1,2.98,246810.91,7318.38,Nigeria_Synthesized_FAO_NASA
Borno,2024,Yams,583.5,28.57,22.0,36.05,40.59,20.7,48.3,32.0,26.3,6.34,119.8,3.69,227111.55,5433.85,Nigeria_Synthesized_FAO_NASA
Cross River,2024,Yams,1887.73,26.7,24.02,30.21,85.14,15.26,48.1,28.0,27.0,6.26,106.0,5.54,223320.9,10894.26,Nigeria_Synthesized_FAO_NASA
Delta,2024,Yams,1360.79,26.34,22.94,30.45,82.05,16.99,48.8,32.8,22.5,6.5,118.4,8.47,195523.19,8652.42,Nigeria_Synthesized_FAO_NASA
Ebonyi,2024,Yams,905.76,27.86,23.42,33.37,68.7,18.04,49.0,27.2,23.6,6.48,41.1,5.55,276926.67,5969.95,Nigeria_Synthesized_FAO_NASA
Edo,2024,Yams,1389.25,26.08,22.92,30.06,85.46,16.41,45.9,32.2,25.5,6.45,95.1,8.31,188874.24,8551.16,Nigeria_Synthesized_FAO_NASA
Ekiti,2024,Yams,1380.98,25.04,21.44,29.48,81.98,17.4,50.8,29.9,26.7,6.29,104.1,7.11,234669.25,8840.85,Nigeria_Synthesized_FAO_NASA
Enugu,2024,Yams,980.36,26.81,22.68,31.9,73.62,17.55,47.0,30.5,25.9,6.51,42.4,2.59,236157.94,6292.52,Nigeria_Synthesized_FAO_NASA
FCT Abuja,2024,Yams,1182.97,26.46,21.44,32.59,64.55,18.82,53.2,32.1,26.2,6.45,65.8,2.57,203427.81,7368.63,Nigeria_Synthesized_FAO_NASA
Gombe,2024,Yams,1511.27,26.9,21.14,33.62,54.02,20.46,52.3,31.2,24.2,6.13,116.6,2.41,262410.6,9508.99,Nigeria_Synthesized_FAO_NASA
Imo,2024,Yams,1626.91,26.48,23.28,30.5,84.2,16.73,45.4,31.5,24.2,6.34,96.6,5.48,191894.64,10885.57,Nigeria_Synthesized_FAO_NASA
Jigawa,2024,Yams,1025.51,26.63,20.09,34.46,47.2,20.69,47.9,31.4,25.4,5.9,112.1,5.55,227172.81,7192.66,Nigeria_Synthesized_FAO_NASA
Kaduna,2024,Yams,1925.09,24.21,19.05,30.7,65.0,19.62,49.4,30.0,24.6,6.17,111.6,7.12,266388.64,10279.91,Nigeria_Synthesized_FAO_NASA
Kano,2024,Yams,1009.62,26.18,19.59,34.33,48.56,20.93,55.0,30.6,26.4,6.37,68.0,4.42,230977.35,6288.11,Nigeria_Synthesized_FAO_NASA
Katsina,2024,Yams,1294.93,25.85,19.99,32.56,50.33,20.6,50.7,31.3,26.4,6.06,51.7,3.9,216637.02,8794.99,Nigeria_Synthesized_FAO_NASA
Kebbi,2024,Yams,2228.6,27.02,21.27,34.01,56.38,20.48,50.7,27.3,25.0,6.12,82.8,4.75,196120.14,10600.5,Nigeria_Synthesized_FAO_NASA
Kogi,2024,Yams,918.5,27.23,22.62,32.55,69.54,17.95,46.8,31.1,27.1,6.22,110.1,2.81,269166.52,5980.71,Nigeria_Synthesized_FAO_NASA
Kwara,2024,Yams,1259.82,25.8,21.29,31.26,74.74,18.15,45.1,29.7,24.3,6.31,115.1,2.56,211053.16,8239.35,Nigeria_Synthesized_FAO_NASA
Lagos,2024,Yams,1382.65,27.05,25.19,29.33,84.49,16.86,49.6,31.6,24.7,5.91,96.8,7.75,209368.5,9116.8,Nigeria_Synthesized_FAO_NASA
Nasarawa,2024,Yams,1082.75,28.0,23.22,33.88,60.44,18.97,46.6,28.3,23.7,6.16,114.3,5.39,227181.93,7148.32,Nigeria_Synthesized_FAO_NASA
Niger,2024,Yams,926.85,27.69,22.24,33.83,63.71,18.72,48.8,30.7,24.7,6.13,85.2,3.57,186234.43,5860.36,Nigeria_Synthesized_FAO_NASA
Ogun,2024,Yams,1383.59,26.28,23.01,30.33,84.74,16.62,47.5,27.5,24.2,6.37,97.3,5.97,154820.87,8573.73,Nigeria_Synthesized_FAO_NASA
Ondo,2024,Yams,1380.98,25.04,21.44,29.48,81.98,17.4,53.9,29.4,24.5,6.14,47.8,8.34,188311.55,9324.74,Nigeria_Synthesized_FAO_NASA
Osun,2024,Yams,1552.21,25.25,21.3,29.96,80.5,16.59,48.2,27.4,23.3,5.92,63.4,7.63,195956.93,9410.09,Nigeria_Synthesized_FAO_NASA
Oyo,2024,Yams,1674.52,25.69,22.07,30.01,84.02,16.62,51.5,33.0,23.7,6.06,117.7,3.16,167725.31,9916.28,Nigeria_Synthesized_FAO_NASA
Plateau,2024,Yams,1740.79,23.31,17.86,30.2,58.55,18.87,54.3,32.9,26.6,6.09,72.3,3.57,182798.24,9438.23,Nigeria_Synthesized_FAO_NASA
Rivers,2024,Yams,1796.83,26.6,23.57,30.6,85.73,15.17,49.2,30.9,23.3,6.16,90.5,4.51,270524.9,11121.37,Nigeria_Synthesized_FAO_NASA
Sokoto,2024,Yams,1403.83,26.96,21.08,33.83,53.46,20.92,53.0,32.3,27.3,6.34,83.9,3.75,151777.27,9305.13,Nigeria_Synthesized_FAO_NASA
Taraba,2024,Yams,1137.38,27.76,22.3,34.06,57.28,19.35,51.8,31.1,26.7,5.9,57.6,6.33,228305.55,8150.92,Nigeria_Synthesized_FAO_NASA
Yobe,2024,Yams,931.33,27.61,21.32,34.81,45.09,21.08,49.1,29.2,26.2,6.35,88.6,3.89,240730.15,6601.55,Nigeria_Synthesized_FAO_NASA
Zamfara,2024,Yams,714.1,26.35,20.36,33.59,49.36,20.63,52.9,28.3,24.2,6.43,44.0,5.33,223382.7,5973.75,Nigeria_Synthesized_FAO_NASA
Global Baseline,2020,Mixed Grain Baseline,1380.0,28.0,23.0,34.0,65.0,18.5,80.0,24.0,20.0,6.5,80.0,4.5,1000.0,12000.0,Global_Kaggle_Baseline
Global Baseline,2020,Mixed Grain Baseline,1335.0,27.0,22.0,33.0,65.0,18.5,78.0,23.0,20.0,6.5,77.0,4.5,1000.0,12000.0,Global_Kaggle_Baseline
Global Baseline,2020,Mixed Grain Baseline,1310.0,26.0,21.0,32.0,65.0,18.5,80.0,24.0,20.0,6.5,80.0,4.5,1000.0,12000.0,Global_Kaggle_Baseline
Global Baseline,2020,Mixed Grain Baseline,1380.0,28.0,23.0,34.0,65.0,18.5,80.0,24.0,20.0,6.5,80.0,4.5,1000.0,12000.0,Global_Kaggle_Baseline
Global Baseline,2020,Mixed Grain Baseline,1335.0,27.0,22.0,33.0,65.0,18.5,78.0,23.0,19.0,6.5,78.0,4.5,1000.0,12000.0,Global_Kaggle_Baseline
Global Baseline,2020,Mixed Grain Baseline,1380.0,28.0,23.0,34.0,65.0,18.5,80.0,24.0,20.0,6.5,80.0,4.5,1000.0,12000.0,Global_Kaggle_Baseline
Global Baseline,2020,Mixed Grain Baseline,1285.0,26.0,21.0,32.0,65.0,18.5,75.0,22.0,19.0,6.5,75.0,4.5,1000.0,12000.0,Global_Kaggle_Baseline
Global Baseline,2020,Mixed Grain Baseline,1376.42,27.922954032753086,22.92,33.92,65.0,18.5,79.82364761858835,23.9878499578473,19.998700640230712,6.5,80.00883794473356,4.5,1000.0,11889.97,Global_Kaggle_Baseline
Global Baseline,2020,Mixed Grain Baseline,1382.3,28.06918080363221,23.07,34.07,65.0,18.5,79.97562647152222,24.015875822404887,20.037751655640903,6.5,79.9692234428006,4.5,1000.0,11910.05,Global_Kaggle_Baseline
Global Baseline,2020,Mixed Grain Baseline,1332.2,26.93338959563916,21.93,32.93,65.0,18.5,77.90588947092608,22.91823343174151,19.248724105249256,6.5,78.10173940093789,4.5,1000.0,12222.13,Global_Kaggle_Baseline
Global Baseline,2020,Mixed Grain Baseline,1331.2,26.91632952224534,21.92,32.92,65.0,18.5,77.82524735880052,22.91711686614269,20.017362641777908,6.5,77.02716937507523,4.5,1000.0,12203.43,Global_Kaggle_Baseline
Global Baseline,2020,Mixed Grain Baseline,1386.42,28.15917810993781,23.16,34.16,65.0,18.5,80.1696830265527,24.11034127151678,20.06072343632725,6.5,79.9717236715814,4.5,1000.0,12181.41,Global_Kaggle_Baseline
Global Baseline,2020,Mixed Grain Baseline,1330.54,26.88856690099702,21.89,32.89,65.0,18.5,77.88898295350498,23.14716802891009,19.050869386995974,6.5,77.88058524674771,4.5,1000.0,12106.53,Global_Kaggle_Baseline
Global Baseline,2020,Mixed Grain Baseline,1306.71,25.909155878221927,20.91,31.91,65.0,18.5,79.9785613921696,24.06274554924038,20.04129658686693,6.5,80.12095989396411,4.5,1000.0,11990.49,Global_Kaggle_Baseline
Global Baseline,2020,Mixed Grain Baseline,1383.15,28.078786736619847,23.08,34.08,65.0,18.5,80.07822936352784,24.02495582100312,20.06558421367733,6.5,80.1697411369782,4.5,1000.0,11943.56,Global_Kaggle_Baseline
Global Baseline,2020,Mixed Grain Baseline,1342.73,27.22097692062296,22.22,33.22,65.0,18.5,77.99951035887916,22.99807353747811,19.949199239335183,6.5,77.09211193777195,4.5,1000.0,11966.86,Global_Kaggle_Baseline
Global Baseline,2020,Mixed Grain Baseline,1383.99,28.120823573792308,23.12,34.12,65.0,18.5,79.95279390203343,24.08048811834132,20.075733171039325,6.5,80.00194037750225,4.5,1000.0,12029.64,Global_Kaggle_Baseline
Global Baseline,2020,Mixed Grain Baseline,1386.32,28.191438563592538,23.19,34.19,65.0,18.5,79.92297394649056,24.049463738440995,20.05715123386484,6.5,79.9836564651905,4.5,1000.0,11855.39,Global_Kaggle_Baseline
Global Baseline,2020,Mixed Grain Baseline,1382.62,28.049561339563837,23.05,34.05,65.0,18.5,80.17792529820404,23.972968398471487,19.97026992610728,6.5,79.98393759217656,4.5,1000.0,12028.41,Global_Kaggle_Baseline
Global Baseline,2020,Mixed Grain Baseline,1378.38,27.935445264154268,22.94,33.94,65.0,18.5,80.12758797442434,23.791896778045267,20.14538868505696,6.5,79.9549273146619,4.5,1000.0,12112.0,Global_Kaggle_Baseline
Global Baseline,2020,Mixed Grain Baseline,1376.09,27.88519837140194,22.89,33.89,65.0,18.5,80.0216008798656,23.98445588982253,20.01596419001636,6.5,80.0349616399594,4.5,1000.0,12064.06,Global_Kaggle_Baseline
Global Baseline,2020,Mixed Grain Baseline,1374.82,27.860857841639184,22.86,33.86,65.0,18.5,79.93845579973897,23.986586304996923,19.919196456077813,6.5,80.02086357823528,4.5,1000.0,12019.84,Global_Kaggle_Baseline
Global Baseline,2020,Mixed Grain Baseline,1385.39,28.14878451841642,23.15,34.15,65.0,18.5,80.0361205337653,24.07535434767075,20.10009667626573,6.5,79.94621099892106,4.5,1000.0,12060.87,Global_Kaggle_Baseline
Global Baseline,2020,Mixed Grain Baseline,1339.43,27.12946513817399,22.13,33.13,65.0,18.5,77.97922430139865,22.82830744080403,19.98407963289835,6.5,77.19670531208688,4.5,1000.0,11935.87,Global_Kaggle_Baseline
Global Baseline,2020,Mixed Grain Baseline,1326.24,26.77548376279516,21.78,32.78,65.0,18.5,77.82055950885542,23.07715028871899,20.05456444599804,6.5,76.93860724717608,4.5,1000.0,12062.47,Global_Kaggle_Baseline
Global Baseline,2020,Mixed Grain Baseline,1341.77,27.18479335544989,22.18,33.18,65.0,18.5,78.05981491149441,23.006123242689547,18.99632127644905,6.5,77.91759902329851,4.5,1000.0,11909.6,Global_Kaggle_Baseline
Global Baseline,2020,Mixed Grain Baseline,1311.46,26.042943001302586,21.04,32.04,65.0,18.5,79.99172565700668,24.02828908795453,19.879493262392742,6.5,79.97481836053826,4.5,1000.0,12101.22,Global_Kaggle_Baseline
Global Baseline,2020,Mixed Grain Baseline,1378.96,27.964995451688605,22.96,33.96,65.0,18.5,80.03711340797351,23.893424233261676,20.13006025081497,6.5,79.83092140837854,4.5,1000.0,12014.36,Global_Kaggle_Baseline
Global Baseline,2020,Mixed Grain Baseline,1334.05,26.943850790281846,21.94,32.94,65.0,18.5,78.20337524480837,23.03535044237281,19.090752885708127,6.5,77.87287177900643,4.5,1000.0,11918.39,Global_Kaggle_Baseline
Global Baseline,2020,Mixed Grain Baseline,1312.08,26.05778249307297,21.06,32.06,65.0,18.5,80.01226091021793,24.048961984752573,20.191036741330475,6.5,79.90194519963049,4.5,1000.0,11994.88,Global_Kaggle_Baseline
Global Baseline,2020,Mixed Grain Baseline,1386.17,28.17413983491653,23.17,34.17,65.0,18.5,80.0154460444802,24.028003662828176,20.009700177831757,6.5,79.95633797991185,4.5,1000.0,11907.86,Global_Kaggle_Baseline
Global Baseline,2020,Mixed Grain Baseline,1380.31,27.9962506754605,23.0,34.0,65.0,18.5,80.08833907295754,23.963518720108542,19.897487528536384,6.5,80.08663322863335,4.5,1000.0,12049.93,Global_Kaggle_Baseline
Global Baseline,2020,Mixed Grain Baseline,1281.73,25.88185160909012,20.88,31.88,65.0,18.5,75.1724865577113,21.824098828868856,18.90227039844426,6.5,75.04507925512735,4.5,1000.0,12109.53,Global_Kaggle_Baseline
Global Baseline,2020,Mixed Grain Baseline,1378.61,27.989742404330315,22.99,33.99,65.0,18.5,79.79394694433998,23.89016055360057,20.13873895663929,6.5,80.04282587235302,4.5,1000.0,11946.38,Global_Kaggle_Baseline
Global Baseline,2020,Mixed Grain Baseline,1335.78,27.02287547453556,22.02,33.02,65.0,18.5,77.99496809636138,23.030978281919197,18.83698579266698,6.5,77.95024663155931,4.5,1000.0,11884.41,Global_Kaggle_Baseline
Global Baseline,2020,Mixed Grain Baseline,1380.72,28.00368470054312,23.0,34.0,65.0,18.5,80.1182413262016,24.11680254341148,20.09313898890536,6.5,80.08823916144006,4.5,1000.0,12075.77,Global_Kaggle_Baseline
Global Baseline,2020,Mixed Grain Baseline,1386.35,28.18222291131894,23.18,34.18,65.0,18.5,79.99401123953021,24.1090331807224,19.97740562706233,6.5,80.0628576627812,4.5,1000.0,11872.63,Global_Kaggle_Baseline
Global Baseline,2020,Mixed Grain Baseline,1307.71,25.94342970237449,20.94,31.94,65.0,18.5,79.93784544028793,23.987103248047035,19.916378264832616,6.5,79.9597158953367,4.5,1000.0,11931.39,Global_Kaggle_Baseline
Global Baseline,2020,Mixed Grain Baseline,1375.77,27.881408368098285,22.88,33.88,65.0,18.5,79.98391669871374,23.90981181613797,20.029711370316654,6.5,79.99909165208244,4.5,1000.0,12101.14,Global_Kaggle_Baseline
Global Baseline,2020,Mixed Grain Baseline,1335.33,27.01498958837982,22.01,33.01,65.0,18.5,77.96181936933719,22.964850041304476,18.91685915689065,6.5,78.03146613809494,4.5,1000.0,11999.8,Global_Kaggle_Baseline
Global Baseline,2020,Mixed Grain Baseline,1379.1,27.955248013233778,22.96,33.96,65.0,18.5,80.13285905655877,24.02539170663251,20.248366767451945,6.5,79.94752079984552,4.5,1000.0,11999.56,Global_Kaggle_Baseline
Global Baseline,2020,Mixed Grain Baseline,1382.2,28.06828035177893,23.07,34.07,65.0,18.5,79.96273240976852,24.165282300629432,20.155082804844486,6.5,80.13613600339718,4.5,1000.0,12060.75,Global_Kaggle_Baseline
Global Baseline,2020,Mixed Grain Baseline,1334.63,26.99310147989014,21.99,32.99,65.0,18.5,77.97377053242768,23.03648972125171,19.00302803949817,6.5,77.96526344020921,4.5,1000.0,11981.07,Global_Kaggle_Baseline
Global Baseline,2020,Mixed Grain Baseline,1339.03,27.118360935071102,22.12,33.12,65.0,18.5,77.97730881961498,23.180734446865905,19.07873465192328,6.5,77.86353831263145,4.5,1000.0,12060.61,Global_Kaggle_Baseline
Global Baseline,2020,Mixed Grain Baseline,1373.73,27.830073663112007,22.83,33.83,65.0,18.5,79.93477276762758,24.108485197364644,20.01075314837758,6.5,79.93624410371986,4.5,1000.0,12022.49,Global_Kaggle_Baseline
Global Baseline,2020,Mixed Grain Baseline,1386.22,28.1536198509628,23.15,34.15,65.0,18.5,80.16938015948558,24.02838290504114,19.92738046444832,6.5,80.01215415727583,4.5,1000.0,11972.94,Global_Kaggle_Baseline
Global Baseline,2020,Mixed Grain Baseline,1386.43,28.21094776855884,23.21,34.21,65.0,18.5,79.80942025593747,24.01059120941561,19.97703877664119,6.5,80.16741620172797,4.5,1000.0,11881.19,Global_Kaggle_Baseline
Global Baseline,2020,Mixed Grain Baseline,1336.3,27.049539449646687,22.05,33.05,65.0,18.5,77.91230174379163,22.97949185299319,18.94701090788562,6.5,77.97565186977344,4.5,1000.0,12156.15,Global_Kaggle_Baseline
Global Baseline,2020,Mixed Grain Baseline,1309.84,25.97376063380904,20.97,31.97,65.0,18.5,80.15246693204507,24.05101050399324,19.95498399013468,6.5,80.1636098442908,4.5,1000.0,12042.0,Global_Kaggle_Baseline
Global Baseline,2020,Mixed Grain Baseline,1378.01,27.955071293207677,22.96,33.96,65.0,18.5,79.91571477956897,23.963952374314413,20.124203382370112,6.5,80.22389341335685,4.5,1000.0,11954.02,Global_Kaggle_Baseline
Global Baseline,2020,Mixed Grain Baseline,1380.56,28.032548693802564,23.03,34.03,65.0,18.5,79.88375954472822,24.045218360224258,19.94151249841805,6.5,80.04451993265398,4.5,1000.0,11978.71,Global_Kaggle_Baseline
Global Baseline,2020,Mixed Grain Baseline,1337.26,27.06509146208579,22.07,33.07,65.0,18.5,77.99692379639247,22.889241246624167,20.10633638482873,6.5,77.08361868869402,4.5,1000.0,12072.27,Global_Kaggle_Baseline
Global Baseline,2020,Mixed Grain Baseline,1378.16,27.958615600973264,22.96,33.96,65.0,18.5,79.92240520877702,23.976865562336545,20.003528487011764,6.5,80.02238679810137,4.5,1000.0,11893.62,Global_Kaggle_Baseline
Global Baseline,2020,Mixed Grain Baseline,1331.96,26.925510750568566,21.93,32.93,65.0,18.5,77.91378199639723,23.140234418307248,19.100333642063223,6.5,77.91253101685919,4.5,1000.0,12005.23,Global_Kaggle_Baseline
Global Baseline,2020,Mixed Grain Baseline,1380.77,28.02263438845284,23.02,34.02,65.0,18.5,79.99467670831322,23.85628953572993,20.054039217926604,6.5,80.07983565297539,4.5,1000.0,11962.12,Global_Kaggle_Baseline
Global Baseline,2020,Mixed Grain Baseline,1380.28,27.993549164371053,22.99,33.99,65.0,18.5,80.10083942730454,24.036531041501323,20.03122673849696,6.5,79.84327190956874,4.5,1000.0,12001.14,Global_Kaggle_Baseline
Global Baseline,2020,Mixed Grain Baseline,1305.52,25.87124015053433,20.87,31.87,65.0,18.5,80.00572872491892,23.9959596737022,19.940286009479404,6.5,80.07473738265452,4.5,1000.0,12082.09,Global_Kaggle_Baseline
Global Baseline,2020,Mixed Grain Baseline,1331.32,26.885631380528835,21.89,32.89,65.0,18.5,78.06364707950334,23.022102885290334,19.10097820807056,6.5,78.15738733546793,4.5,1000.0,11933.36,Global_Kaggle_Baseline
Global Baseline,2020,Mixed Grain Baseline,1375.87,27.88673658033572,22.89,33.89,65.0,18.5,79.96676744264819,24.080619434905863,19.944974085661165,6.5,79.89280957040692,4.5,1000.0,11938.06,Global_Kaggle_Baseline
Global Baseline,2020,Mixed Grain Baseline,1380.49,28.017680089467262,23.02,34.02,65.0,18.5,79.97352416583912,24.205070747677485,20.037479828798546,6.5,80.07347245051115,4.5,1000.0,11969.22,Global_Kaggle_Baseline
Global Baseline,2020,Mixed Grain Baseline,1337.8,27.07643472849023,22.08,33.08,65.0,18.5,78.02516253509957,22.94271270834768,20.07765614891892,6.5,77.23575399667926,4.5,1000.0,12083.64,Global_Kaggle_Baseline
Global Baseline,2020,Mixed Grain Baseline,1382.27,28.044801760719874,23.04,34.04,65.0,18.5,80.14019810679427,23.74143496026416,20.005746415878857,6.5,79.86595794380759,4.5,1000.0,11914.16,Global_Kaggle_Baseline
Global Baseline,2020,Mixed Grain Baseline,1331.58,26.912323475757244,21.91,32.91,65.0,18.5,77.92937736828571,23.02686620248578,19.879749975373187,6.5,76.8407554765554,4.5,1000.0,11832.07,Global_Kaggle_Baseline
Global Baseline,2020,Mixed Grain Baseline,1285.46,26.019324946157248,21.02,32.02,65.0,18.5,74.95682754214073,21.94704139165746,19.044763244311703,6.5,74.99658771996447,4.5,1000.0,11972.66,Global_Kaggle_Baseline
Global Baseline,2020,Mixed Grain Baseline,1385.54,28.166756601556507,23.17,34.17,65.0,18.5,79.94140745794952,24.0755414292337,19.87207296764629,6.5,79.89342989251712,4.5,1000.0,12010.75,Global_Kaggle_Baseline
Global Baseline,2020,Mixed Grain Baseline,1329.88,26.84061042259096,21.84,32.84,65.0,18.5,78.0922738816999,22.823388942408155,20.026483407135043,6.5,76.88665632759867,4.5,1000.0,12039.75,Global_Kaggle_Baseline
Global Baseline,2020,Mixed Grain Baseline,1314.42,26.13459054669787,21.13,32.13,65.0,18.5,79.94264480853009,23.92675151415386,20.10670316223329,6.5,80.08538239408561,4.5,1000.0,11866.5,Global_Kaggle_Baseline
Global Baseline,2020,Mixed Grain Baseline,1312.35,26.051903213187877,21.05,32.05,65.0,18.5,80.10643992041109,24.006004350399348,20.102300271258365,6.5,79.8389336416642,4.5,1000.0,12083.19,Global_Kaggle_Baseline
Global Baseline,2020,Mixed Grain Baseline,1376.59,27.907142689217213,22.91,33.91,65.0,18.5,79.96766234629725,24.11962585411233,20.13855904152381,6.5,79.99630822797296,4.5,1000.0,12086.13,Global_Kaggle_Baseline
Global Baseline,2020,Mixed Grain Baseline,1378.89,27.964039895872784,22.96,33.96,65.0,18.5,80.02952487480536,24.02050961433518,20.179539769709493,6.5,79.96619183219661,4.5,1000.0,12094.54,Global_Kaggle_Baseline
Global Baseline,2020,Mixed Grain Baseline,1332.94,26.934288905438883,21.93,32.93,65.0,18.5,78.04795223872922,23.04562100578156,19.88370313442337,6.5,76.96237920296723,4.5,1000.0,12002.97,Global_Kaggle_Baseline
Global Baseline,2020,Mixed Grain Baseline,1330.63,26.87647454324829,21.88,32.88,65.0,18.5,77.99108992476513,23.020892795795223,18.960252085929213,6.5,77.96464097125725,4.5,1000.0,12010.41,Global_Kaggle_Baseline
Global Baseline,2020,Mixed Grain Baseline,1377.48,27.937352054123643,22.94,33.94,65.0,18.5,79.93531008612287,23.84705105386733,19.9528879375706,6.5,80.06962285830566,4.5,1000.0,12098.09,Global_Kaggle_Baseline
Global Baseline,2020,Mixed Grain Baseline,1335.01,26.99383212794353,21.99,32.99,65.0,18.5,78.04593339545833,23.064840913896354,19.87593177761545,6.5,77.00341430455428,4.5,1000.0,11941.03,Global_Kaggle_Baseline
Global Baseline,2020,Mixed Grain Baseline,1328.2,26.798853325657387,21.8,32.8,65.0,18.5,78.04747242695974,22.9774423770868,19.00836685545005,6.5,77.97626259939875,4.5,1000.0,12215.45,Global_Kaggle_Baseline
Global Baseline,2020,Mixed Grain Baseline,1384.88,28.144586391978237,23.14,34.14,65.0,18.5,79.96461220675481,23.97877851158041,20.08131525512072,6.5,79.82850065740932,4.5,1000.0,11932.18,Global_Kaggle_Baseline
Global Baseline,2020,Mixed Grain Baseline,1335.48,27.001427717556247,22.0,33.0,65.0,18.5,78.08560339915735,22.995896588801266,20.14554269633369,6.5,76.98625686029763,4.5,1000.0,11841.31,Global_Kaggle_Baseline
Global Baseline,2020,Mixed Grain Baseline,1334.63,26.988093815773084,21.99,32.99,65.0,18.5,78.00995128181374,23.0903095453472,18.88805535451338,6.5,77.86418922885647,4.5,1000.0,12047.02,Global_Kaggle_Baseline
Global Baseline,2020,Mixed Grain Baseline,1342.84,27.23138140501881,22.23,33.23,65.0,18.5,77.94766454287188,23.126728441461903,19.96228053776727,6.5,77.17837194396238,4.5,1000.0,11925.67,Global_Kaggle_Baseline
Global Baseline,2020,Mixed Grain Baseline,1380.51,28.03677244958032,23.04,34.04,65.0,18.5,79.84518762876614,23.980014979343533,19.95522399340376,6.5,80.07672982988707,4.5,1000.0,12042.51,Global_Kaggle_Baseline
Global Baseline,2020,Mixed Grain Baseline,1383.23,28.10871699800603,23.11,34.11,65.0,18.5,79.8844741610598,24.043497724562595,20.09481617313149,6.5,79.93668891449134,4.5,1000.0,12056.97,Global_Kaggle_Baseline
Global Baseline,2020,Mixed Grain Baseline,1373.98,27.842499234820863,22.84,33.84,65.0,18.5,79.89882235170414,24.00584575671448,19.9752138403347,6.5,80.02707981430996,4.5,1000.0,12038.19,Global_Kaggle_Baseline
Global Baseline,2020,Mixed Grain Baseline,1379.66,27.990785771465426,22.99,33.99,65.0,18.5,79.99555844692554,24.05500181872593,20.290505049108223,6.5,80.0809925808396,4.5,1000.0,11881.1,Global_Kaggle_Baseline
Global Baseline,2020,Mixed Grain Baseline,1340.37,27.15560633238728,22.16,33.16,65.0,18.5,77.98464232390545,23.123234631358272,19.97617996395509,6.5,76.99429996567369,4.5,1000.0,12082.41,Global_Kaggle_Baseline
Global Baseline,2020,Mixed Grain Baseline,1381.83,28.055010077720343,23.06,34.06,65.0,18.5,79.98053158589748,23.96463744173466,20.051302352665097,6.5,80.10347962028958,4.5,1000.0,11939.77,Global_Kaggle_Baseline
Global Baseline,2020,Mixed Grain Baseline,1381.24,28.0431163100677,23.04,34.04,65.0,18.5,79.94587714344641,23.77655219274502,19.944213058874517,6.5,80.11138321051924,4.5,1000.0,12024.8,Global_Kaggle_Baseline
Global Baseline,2020,Mixed Grain Baseline,1374.53,27.867843930338665,22.87,33.87,65.0,18.5,79.8315433358888,23.966299138684946,19.85877331075519,6.5,80.15817146577048,4.5,1000.0,11912.87,Global_Kaggle_Baseline
Global Baseline,2020,Mixed Grain Baseline,1385.75,28.158536595254493,23.16,34.16,65.0,18.5,80.04101192259809,23.966821370644915,20.04637706813428,6.5,79.83081035370051,4.5,1000.0,11956.15,Global_Kaggle_Baseline
Global Baseline,2020,Mixed Grain Baseline,1338.05,27.09899432823362,22.1,33.1,65.0,18.5,77.91701715732918,23.0370993799053,18.985229791866235,6.5,77.89823980900678,4.5,1000.0,11744.95,Global_Kaggle_Baseline
Global Baseline,2020,Mixed Grain Baseline,1384.84,28.1472555319217,23.15,34.15,65.0,18.5,79.93729626017358,23.90635590776041,19.982436548464385,6.5,80.12077878078088,4.5,1000.0,12114.61,Global_Kaggle_Baseline
Global Baseline,2020,Mixed Grain Baseline,1387.7,28.22338459195853,23.22,34.22,65.0,18.5,79.97583416319851,24.04837954693077,20.15523688584649,6.5,79.93506759983522,4.5,1000.0,12101.39,Global_Kaggle_Baseline
Global Baseline,2020,Mixed Grain Baseline,1374.05,27.860582418843155,22.86,33.86,65.0,18.5,79.7854273842966,24.05667820802045,19.909546908229693,6.5,79.94772915170125,4.5,1000.0,11863.98,Global_Kaggle_Baseline
Global Baseline,2020,Mixed Grain Baseline,1379.04,27.973795032007565,22.97,33.97,65.0,18.5,79.99064286442584,24.03793233988642,19.85563020231986,6.5,80.09851301068143,4.5,1000.0,11988.38,Global_Kaggle_Baseline
Global Baseline,2020,Mixed Grain Baseline,1336.16,27.01063758526951,22.01,33.01,65.0,18.5,78.15656080073806,22.832318012551205,20.01826058372938,6.5,76.87948588532028,4.5,1000.0,11787.47,Global_Kaggle_Baseline
Global Baseline,2020,Mixed Grain Baseline,1287.88,26.061030698279644,21.06,32.06,65.0,18.5,75.14803956249914,21.87739699860573,18.998637353478266,6.5,75.07412063194293,4.5,1000.0,11971.1,Global_Kaggle_Baseline
Global Baseline,2020,Mixed Grain Baseline,1382.35,28.06325062358648,23.06,34.06,65.0,18.5,80.02735083973714,24.07961432632536,19.85554990761034,6.5,79.88858562433542,4.5,1000.0,11929.73,Global_Kaggle_Baseline
Global Baseline,2020,Mixed Grain Baseline,1378.13,27.954068366859424,22.95,33.95,65.0,18.5,79.94762268224522,24.00635661801558,19.97875927520931,6.5,79.93310882659499,4.5,1000.0,12158.04,Global_Kaggle_Baseline
Global Baseline,2020,Mixed Grain Baseline,1284.57,25.98300488556781,20.98,31.98,65.0,18.5,75.03374663918657,22.05089176522692,18.833063958091447,6.5,74.9915352172489,4.5,1000.0,12178.39,Global_Kaggle_Baseline
Global Baseline,2020,Mixed Grain Baseline,1378.81,27.989003710624928,22.99,33.99,65.0,18.5,79.83958255406453,23.960041142632484,19.905815039507925,6.5,80.02525152179409,4.5,1000.0,12117.16,Global_Kaggle_Baseline
Global Baseline,2020,Mixed Grain Baseline,1378.44,27.95087245517777,22.95,33.95,65.0,18.5,80.0313976586031,23.98347047735334,20.128458962506432,6.5,79.92080928226412,4.5,1000.0,12183.71,Global_Kaggle_Baseline
Global Baseline,2020,Mixed Grain Baseline,1380.41,28.007497035053397,23.01,34.01,65.0,18.5,80.03024115886483,24.020110219479573,19.89142413588727,6.5,80.04972098851212,4.5,1000.0,11999.16,Global_Kaggle_Baseline
Global Baseline,2020,Mixed Grain Baseline,1379.66,27.9997828179342,23.0,34.0,65.0,18.5,79.93311462928675,23.94404421111625,20.02674933440363,6.5,80.09794172344449,4.5,1000.0,12159.8,Global_Kaggle_Baseline
Global Baseline,2020,Mixed Grain Baseline,1379.38,27.96933249991735,22.97,33.97,65.0,18.5,80.0911200752795,24.081056624246763,20.025125948132786,6.5,79.98654811641504,4.5,1000.0,12091.14,Global_Kaggle_Baseline
Global Baseline,2020,Mixed Grain Baseline,1382.81,28.077782770179017,23.08,34.08,65.0,18.5,80.0169758436009,24.006244752477063,19.948136164288705,6.5,79.99520323335149,4.5,1000.0,12070.51,Global_Kaggle_Baseline
Global Baseline,2020,Mixed Grain Baseline,1331.47,26.89381906483619,21.89,32.89,65.0,18.5,78.03809641040891,23.26313871357837,19.160481801573816,6.5,78.1579433978361,4.5,1000.0,12107.69,Global_Kaggle_Baseline
Global Baseline,2020,Mixed Grain Baseline,1317.21,26.20330349553901,21.2,32.2,65.0,18.5,80.01909948442601,23.942956084944825,20.15240097978331,6.5,80.03118492211745,4.5,1000.0,11923.67,Global_Kaggle_Baseline
Global Baseline,2020,Mixed Grain Baseline,1285.51,26.013380338767867,21.01,32.01,65.0,18.5,75.00826368733053,21.974450310870694,19.062961385370027,6.5,75.10615157180476,4.5,1000.0,11828.15,Global_Kaggle_Baseline
Global Baseline,2020,Mixed Grain Baseline,1341.68,27.20087369964249,22.2,33.2,65.0,18.5,77.92949736523391,22.88324528731,19.81119207956371,6.5,77.04771329229592,4.5,1000.0,12128.09,Global_Kaggle_Baseline
Global Baseline,2020,Mixed Grain Baseline,1304.94,25.86564510755356,20.87,31.87,65.0,18.5,79.92890471068826,24.15329810122301,20.006789293103537,6.5,79.92283308637202,4.5,1000.0,11880.91,Global_Kaggle_Baseline
Global Baseline,2020,Mixed Grain Baseline,1382.94,28.07418246965172,23.07,34.07,65.0,18.5,80.06923825795056,23.97670893426889,19.99032415043307,6.5,79.84145284798929,4.5,1000.0,11800.58,Global_Kaggle_Baseline
Global Baseline,2020,Mixed Grain Baseline,1334.03,26.954148026098476,21.95,32.95,65.0,18.5,78.12751149883971,23.02373862672865,20.050331185240665,6.5,76.99537937113577,4.5,1000.0,11995.97,Global_Kaggle_Baseline
Global Baseline,2020,Mixed Grain Baseline,1309.94,25.97878246921244,20.98,31.98,65.0,18.5,80.13714631092546,23.955505092982072,20.023568705085477,6.5,79.96066474517917,4.5,1000.0,12077.45,Global_Kaggle_Baseline
Global Baseline,2020,Mixed Grain Baseline,1378.53,27.955626209326454,22.96,33.96,65.0,18.5,80.01642457981583,24.080582689465437,19.89237349596171,6.5,79.86346212026031,4.5,1000.0,12032.99,Global_Kaggle_Baseline
Global Baseline,2020,Mixed Grain Baseline,1311.12,26.01936450632556,21.02,32.02,65.0,18.5,80.08791708428713,23.851362295329206,19.79403977575103,6.5,80.0554376176429,4.5,1000.0,11837.75,Global_Kaggle_Baseline
Global Baseline,2020,Mixed Grain Baseline,1377.08,27.911134929972206,22.91,33.91,65.0,18.5,80.03709618832224,24.00786442799102,20.18749910204641,6.5,79.88805016135736,4.5,1000.0,12123.21,Global_Kaggle_Baseline
Global Baseline,2020,Mixed Grain Baseline,1381.3,28.005964900715284,23.01,34.01,65.0,18.5,80.21870450177731,24.205451861481407,19.927257192831853,6.5,79.90315907070728,4.5,1000.0,11977.19,Global_Kaggle_Baseline
Global Baseline,2020,Mixed Grain Baseline,1376.41,27.90612707220308,22.91,33.91,65.0,18.5,79.93976213976553,23.96530689652336,20.043347107081328,6.5,80.18969068190283,4.5,1000.0,12110.62,Global_Kaggle_Baseline
Global Baseline,2020,Mixed Grain Baseline,1378.06,27.93699178462918,22.94,33.94,65.0,18.5,80.05232289183864,24.157081344172774,20.067521706409373,6.5,79.97706013140115,4.5,1000.0,12098.15,Global_Kaggle_Baseline
Global Baseline,2020,Mixed Grain Baseline,1375.94,27.89578122912664,22.9,33.9,65.0,18.5,79.91683026364987,24.05735204514193,20.021199050386457,6.5,79.81283791879302,4.5,1000.0,12009.22,Global_Kaggle_Baseline
Global Baseline,2020,Mixed Grain Baseline,1388.22,28.23879298281977,23.24,34.24,65.0,18.5,79.97198801887637,24.10602859576045,20.06526690849921,6.5,80.11155558278114,4.5,1000.0,12264.36,Global_Kaggle_Baseline
Global Baseline,2020,Mixed Grain Baseline,1335.34,27.028387574466,22.03,33.03,65.0,18.5,77.86900118601437,23.011277931297244,19.00475817361382,6.5,77.99925889406678,4.5,1000.0,12114.12,Global_Kaggle_Baseline
Global Baseline,2020,Mixed Grain Baseline,1382.91,28.08062264479724,23.08,34.08,65.0,18.5,80.01747782985703,23.906553424912264,20.149861291204772,6.5,80.15022368603161,4.5,1000.0,12055.17,Global_Kaggle_Baseline
Global Baseline,2020,Mixed Grain Baseline,1289.12,26.11338240345254,21.11,32.11,65.0,18.5,75.02980012674288,22.00482224306059,19.069743407381985,6.5,75.02287224532847,4.5,1000.0,11886.46,Global_Kaggle_Baseline
Global Baseline,2020,Mixed Grain Baseline,1328.38,26.83597725195576,21.84,32.84,65.0,18.5,77.82320336884695,22.908013312366258,18.98791011035645,6.5,77.99231927200184,4.5,1000.0,12045.62,Global_Kaggle_Baseline
Global Baseline,2020,Mixed Grain Baseline,1332.92,26.937325908837725,21.94,32.94,65.0,18.5,78.02345992979558,22.85344967877769,18.942417942658302,6.5,78.01980445632461,4.5,1000.0,11888.74,Global_Kaggle_Baseline
Global Baseline,2020,Mixed Grain Baseline,1338.97,27.130861086496143,22.13,33.13,65.0,18.5,77.87814186503283,23.19534843353752,18.973670787706094,6.5,78.04663406321532,4.5,1000.0,11929.37,Global_Kaggle_Baseline
Global Baseline,2020,Mixed Grain Baseline,1376.14,27.872230491751605,22.87,33.87,65.0,18.5,80.12165636258615,24.05384141727352,19.84065406305064,6.5,80.02630482688775,4.5,1000.0,11991.85,Global_Kaggle_Baseline
Global Baseline,2020,Mixed Grain Baseline,1384.19,28.12828075592826,23.13,34.13,65.0,18.5,79.94101169555736,23.99162310203325,19.94844815041387,6.5,79.84096674731605,4.5,1000.0,11929.38,Global_Kaggle_Baseline
Global Baseline,2020,Mixed Grain Baseline,1377.13,27.901585898531263,22.9,33.9,65.0,18.5,80.115649838952,24.12832007983616,19.821420534075735,6.5,79.95180532458768,4.5,1000.0,11943.43,Global_Kaggle_Baseline
Global Baseline,2020,Mixed Grain Baseline,1283.15,25.944747773445656,20.94,31.94,65.0,18.5,75.01715905265844,21.958946250544304,19.02491069167774,6.5,74.99273586996112,4.5,1000.0,11776.51,Global_Kaggle_Baseline
Global Baseline,2020,Mixed Grain Baseline,1378.21,27.954048563783747,22.95,33.95,65.0,18.5,79.96459885146554,23.911847046555813,19.97344971319787,6.5,80.15427658447624,4.5,1000.0,12045.5,Global_Kaggle_Baseline
Global Baseline,2020,Mixed Grain Baseline,1383.81,28.117229742727048,23.12,34.12,65.0,18.5,79.9423359147884,24.072319992956864,19.944926250788413,6.5,80.16070327545269,4.5,1000.0,11945.92,Global_Kaggle_Baseline
Global Baseline,2020,Mixed Grain Baseline,1343.76,27.23981288319237,22.24,33.24,65.0,18.5,78.07355069916903,22.94164868936436,19.846464341755105,6.5,76.91651125964042,4.5,1000.0,12141.14,Global_Kaggle_Baseline
Global Baseline,2020,Mixed Grain Baseline,1330.78,26.88384334935728,21.88,32.88,65.0,18.5,77.96836345837784,23.097518580582975,20.220692565255057,6.5,76.83524933101661,4.5,1000.0,12108.29,Global_Kaggle_Baseline
Global Baseline,2020,Mixed Grain Baseline,1286.89,26.052357060436844,21.05,32.05,65.0,18.5,75.01202430100008,21.874334602504536,18.98229629220225,6.5,74.85689619400662,4.5,1000.0,12054.94,Global_Kaggle_Baseline
Global Baseline,2020,Mixed Grain Baseline,1382.81,28.066709001251777,23.07,34.07,65.0,18.5,80.09552015952119,24.15675713652945,19.865324868346374,6.5,79.9063903511777,4.5,1000.0,11988.94,Global_Kaggle_Baseline
Global Baseline,2020,Mixed Grain Baseline,1380.39,27.99159898363939,22.99,33.99,65.0,18.5,80.13736522459884,24.00945812482564,20.122301864367135,6.5,80.15789239902787,4.5,1000.0,12337.65,Global_Kaggle_Baseline
Global Baseline,2020,Mixed Grain Baseline,1338.75,27.106761423481306,22.11,33.11,65.0,18.5,78.00202497829629,23.17064982137451,20.061424606189057,6.5,76.98723976181232,4.5,1000.0,12085.37,Global_Kaggle_Baseline
Global Baseline,2020,Mixed Grain Baseline,1379.9,27.989800327722943,22.99,33.99,65.0,18.5,80.05054065857395,24.074408954427312,19.985017388516933,6.5,79.99333622492912,4.5,1000.0,11920.94,Global_Kaggle_Baseline
Global Baseline,2020,Mixed Grain Baseline,1373.33,27.83750846589067,22.84,33.84,65.0,18.5,79.80271106768855,24.26074993185349,19.974930254180425,6.5,80.0525027500904,4.5,1000.0,11987.91,Global_Kaggle_Baseline
Global Baseline,2020,Mixed Grain Baseline,1286.69,26.04375618823944,21.04,32.04,65.0,18.5,75.03134330046811,22.02684621649509,18.93582012632741,6.5,75.0181245361045,4.5,1000.0,12010.67,Global_Kaggle_Baseline
Global Baseline,2020,Mixed Grain Baseline,1334.45,26.986239387648148,21.99,32.99,65.0,18.5,77.98669045997858,23.060065984791155,19.27272541633568,6.5,77.98832118917153,4.5,1000.0,12119.96,Global_Kaggle_Baseline
Global Baseline,2020,Mixed Grain Baseline,1377.31,27.913396502694702,22.91,33.91,65.0,18.5,80.0680148480146,23.90035731810297,20.147194031121597,6.5,79.91576096549943,4.5,1000.0,12045.09,Global_Kaggle_Baseline
Global Baseline,2020,Mixed Grain Baseline,1382.15,28.062439403965055,23.06,34.06,65.0,18.5,79.99262891834191,23.95693773874342,19.97795155352056,6.5,80.03196262896537,4.5,1000.0,11913.49,Global_Kaggle_Baseline
Global Baseline,2020,Mixed Grain Baseline,1380.9,28.010787862432743,23.01,34.01,65.0,18.5,80.1042776522417,23.91968857280522,19.898063146643736,6.5,79.91741852762375,4.5,1000.0,12007.49,Global_Kaggle_Baseline
Global Baseline,2020,Mixed Grain Baseline,1385.53,28.14969767205091,23.15,34.15,65.0,18.5,80.0583530865195,24.117122536116508,19.96836602220896,6.5,79.93696330614624,4.5,1000.0,12066.04,Global_Kaggle_Baseline
Global Baseline,2020,Mixed Grain Baseline,1281.16,25.881423305441466,20.88,31.88,65.0,18.5,75.06213722844328,22.08903611489743,18.946035444952216,6.5,75.05422237488463,4.5,1000.0,11949.67,Global_Kaggle_Baseline
Global Baseline,2020,Mixed Grain Baseline,1380.35,28.015299318868465,23.02,34.02,65.0,18.5,79.96224307603953,24.094517950619583,19.939293085538488,6.5,80.08013030678616,4.5,1000.0,12039.85,Global_Kaggle_Baseline
Global Baseline,2020,Mixed Grain Baseline,1378.31,27.94248075686238,22.94,33.94,65.0,18.5,80.06415401043267,24.022917808092064,20.014502070134792,6.5,79.85599612408251,4.5,1000.0,11887.07,Global_Kaggle_Baseline
Global Baseline,2020,Mixed Grain Baseline,1338.5,27.11691397418957,22.12,33.12,65.0,18.5,77.88183781997589,22.994270985660524,20.016442245577355,6.5,76.88359763106847,4.5,1000.0,11933.59,Global_Kaggle_Baseline
Global Baseline,2020,Mixed Grain Baseline,1280.2,25.861208008533996,20.86,31.86,65.0,18.5,75.01194212508197,22.041692331327383,18.9338250864453,6.5,75.01525159629959,4.5,1000.0,12158.6,Global_Kaggle_Baseline
Global Baseline,2020,Mixed Grain Baseline,1380.2,28.00245170834245,23.0,34.0,65.0,18.5,80.02255902433299,23.970734213139853,19.841465839841213,6.5,80.01583327015128,4.5,1000.0,11963.33,Global_Kaggle_Baseline
Global Baseline,2020,Mixed Grain Baseline,1380.5,28.022133665165665,23.02,34.02,65.0,18.5,79.94468042277333,24.11621356593349,19.910162666019747,6.5,79.9798930453282,4.5,1000.0,12084.27,Global_Kaggle_Baseline
Global Baseline,2020,Mixed Grain Baseline,1276.79,25.763320838632467,20.76,31.76,65.0,18.5,75.01443347691823,21.97470581015084,19.098489533178785,6.5,74.95066250585506,4.5,1000.0,12087.92,Global_Kaggle_Baseline
Global Baseline,2020,Mixed Grain Baseline,1383.42,28.07483349054612,23.07,34.07,65.0,18.5,80.15995906311984,23.722843711119346,19.95198773890992,6.5,79.94544124125156,4.5,1000.0,12030.04,Global_Kaggle_Baseline
Global Baseline,2020,Mixed Grain Baseline,1284.53,26.00629162345429,21.01,32.01,65.0,18.5,74.8610833986628,22.14632585307642,18.91567123825958,6.5,75.0040922787556,4.5,1000.0,11900.74,Global_Kaggle_Baseline
Global Baseline,2020,Mixed Grain Baseline,1334.87,26.99694945129261,22.0,33.0,65.0,18.5,77.99450837658625,22.981680475360445,19.962175320968832,6.5,76.99686550888941,4.5,1000.0,11819.4,Global_Kaggle_Baseline
Global Baseline,2020,Mixed Grain Baseline,1336.79,27.04043653601712,22.04,33.04,65.0,18.5,78.0740431574961,22.920616934976085,19.958703477255423,6.5,77.130544925084,4.5,1000.0,11934.79,Global_Kaggle_Baseline
Global Baseline,2020,Mixed Grain Baseline,1310.05,25.99685488210097,21.0,32.0,65.0,18.5,80.03122901922663,23.955746597471904,19.988877758336137,6.5,80.08875441554183,4.5,1000.0,12029.53,Global_Kaggle_Baseline
Global Baseline,2020,Mixed Grain Baseline,1382.69,28.07607766635946,23.08,34.08,65.0,18.5,80.00628807983514,23.930352600413613,19.95534111350306,6.5,80.13007837042551,4.5,1000.0,11862.08,Global_Kaggle_Baseline
Global Baseline,2020,Mixed Grain Baseline,1380.62,28.00068988117038,23.0,34.0,65.0,18.5,80.11958118852016,24.048770504153023,20.106978683859055,6.5,79.90279179022542,4.5,1000.0,12063.32,Global_Kaggle_Baseline
Global Baseline,2020,Mixed Grain Baseline,1381.83,28.064515035825416,23.06,34.06,65.0,18.5,79.91509988932552,23.951896312181,20.05234952637256,6.5,80.05553363380515,4.5,1000.0,11988.92,Global_Kaggle_Baseline
Global Baseline,2020,Mixed Grain Baseline,1380.27,27.992896064622904,22.99,33.99,65.0,18.5,80.1029487008347,24.053667992880293,19.92137064686332,6.5,80.18582257048288,4.5,1000.0,11847.5,Global_Kaggle_Baseline
Global Baseline,2020,Mixed Grain Baseline,1372.85,27.798574361058662,22.8,33.8,65.0,18.5,79.97974008892983,24.1053151196042,19.972861185433523,6.5,79.88769322405889,4.5,1000.0,12094.88,Global_Kaggle_Baseline
Global Baseline,2020,Mixed Grain Baseline,1375.79,27.90540810541266,22.91,33.91,65.0,18.5,79.81996932084459,23.945002105490303,19.971304050434725,6.5,79.99714216981145,4.5,1000.0,12064.39,Global_Kaggle_Baseline
Global Baseline,2020,Mixed Grain Baseline,1375.48,27.860983155766952,22.86,33.86,65.0,18.5,80.06846664803774,23.974714229409777,19.974493028526616,6.5,80.16900265105063,4.5,1000.0,11986.51,Global_Kaggle_Baseline
Global Baseline,2020,Mixed Grain Baseline,1373.04,27.79322140115502,22.79,33.79,65.0,18.5,80.05482639483382,23.95116719758665,20.10527212833612,6.5,80.0648103839557,4.5,1000.0,11817.29,Global_Kaggle_Baseline
Global Baseline,2020,Mixed Grain Baseline,1372.82,27.823183850654708,22.82,33.82,65.0,18.5,79.80166475419391,24.051922105817123,20.039963383805343,6.5,79.92342378128279,4.5,1000.0,11896.18,Global_Kaggle_Baseline
Global Baseline,2020,Mixed Grain Baseline,1380.45,28.01726233476104,23.02,34.02,65.0,18.5,79.96870405036454,23.98805580087016,20.05236863933811,6.5,80.14888988421237,4.5,1000.0,11904.75,Global_Kaggle_Baseline
Global Baseline,2020,Mixed Grain Baseline,1385.76,28.157927577215556,23.16,34.16,65.0,18.5,80.04579203495014,23.995283549701863,19.97343954078216,6.5,79.79558695820879,4.5,1000.0,11976.51,Global_Kaggle_Baseline
Global Baseline,2020,Mixed Grain Baseline,1384.28,28.11487909522582,23.11,34.11,65.0,18.5,80.05258232904515,23.877127137431792,19.970675617061616,6.5,79.86554751973851,4.5,1000.0,12060.45,Global_Kaggle_Baseline
Global Baseline,2020,Mixed Grain Baseline,1385.85,28.17124647435441,23.17,34.17,65.0,18.5,79.9714424991322,24.065828620216102,19.9648055678982,6.5,79.9502133096237,4.5,1000.0,11946.19,Global_Kaggle_Baseline
Global Baseline,2020,Mixed Grain Baseline,1311.19,26.037308174473264,21.04,32.04,65.0,18.5,79.97675486414136,24.09622042598441,19.93252293534418,6.5,79.88898079872351,4.5,1000.0,11994.46,Global_Kaggle_Baseline
Global Baseline,2020,Mixed Grain Baseline,1281.04,25.891485505508264,20.89,31.89,65.0,18.5,74.96843185311765,22.017856872237868,18.95245211535047,6.5,75.12085560050474,4.5,1000.0,11908.47,Global_Kaggle_Baseline
Global Baseline,2020,Mixed Grain Baseline,1282.15,25.90140416906504,20.9,31.9,65.0,18.5,75.120130612425,21.96218592591363,19.019188012174325,6.5,75.14230545438991,4.5,1000.0,11911.92,Global_Kaggle_Baseline
Global Baseline,2020,Mixed Grain Baseline,1305.46,25.86439229086522,20.86,31.86,65.0,18.5,80.04080632308788,24.050194437481043,19.907696093526177,6.5,80.0493885249928,4.5,1000.0,11888.47,Global_Kaggle_Baseline
Global Baseline,2020,Mixed Grain Baseline,1376.78,27.901338168696192,22.9,33.9,65.0,18.5,80.04681621207006,23.84013483096588,20.11910658959153,6.5,80.109534821089,4.5,1000.0,11946.8,Global_Kaggle_Baseline
Global Baseline,2020,Mixed Grain Baseline,1334.78,27.000399157563333,22.0,33.0,65.0,18.5,77.95349096223966,22.88807670923808,20.089855893970338,6.5,77.00755845418502,4.5,1000.0,12213.55,Global_Kaggle_Baseline
Global Baseline,2020,Mixed Grain Baseline,1378.96,27.99925097145332,23.0,34.0,65.0,18.5,79.79734247686451,23.77682059184989,19.910394464703923,6.5,79.96190462189668,4.5,1000.0,11976.22,Global_Kaggle_Baseline
Global Baseline,2020,Mixed Grain Baseline,1380.78,28.023977817793888,23.02,34.02,65.0,18.5,79.98729442799844,23.73175476754348,20.036443499647916,6.5,79.96300929014292,4.5,1000.0,11911.24,Global_Kaggle_Baseline
Global Baseline,2020,Mixed Grain Baseline,1378.46,27.939790439946364,22.94,33.94,65.0,18.5,80.11371768065877,23.896332546460048,20.0983931251256,6.5,80.07639403733937,4.5,1000.0,11855.9,Global_Kaggle_Baseline
Global Baseline,2020,Mixed Grain Baseline,1379.1,27.97214760911816,22.97,33.97,65.0,18.5,80.01579235540234,24.05572337125344,20.07396258764294,6.5,80.15973024729242,4.5,1000.0,11934.32,Global_Kaggle_Baseline
Global Baseline,2020,Mixed Grain Baseline,1372.17,27.788797115097616,22.79,33.79,65.0,18.5,79.91147795668067,23.97101366738007,19.877505199504828,6.5,80.04348956453461,4.5,1000.0,12109.24,Global_Kaggle_Baseline
Global Baseline,2020,Mixed Grain Baseline,1338.04,27.074933444948588,22.07,33.07,65.0,18.5,78.08343776583807,23.035098214190164,19.90901545213076,6.5,77.12696184673113,4.5,1000.0,12021.56,Global_Kaggle_Baseline
Global Baseline,2020,Mixed Grain Baseline,1386.09,28.16626750320276,23.17,34.17,65.0,18.5,80.05342362105144,23.98573619349062,19.83698948205713,6.5,79.83743063232352,4.5,1000.0,12129.22,Global_Kaggle_Baseline
Global Baseline,2020,Mixed Grain Baseline,1381.22,28.02340051077785,23.02,34.02,65.0,18.5,80.07926709237374,23.84461096031539,20.066654870333046,6.5,80.16024237251295,4.5,1000.0,11967.54,Global_Kaggle_Baseline
Global Baseline,2020,Mixed Grain Baseline,1307.59,25.93026383573894,20.93,31.93,65.0,18.5,80.00612691904989,24.162752664014903,19.971930640292754,6.5,79.97079255720121,4.5,1000.0,11919.15,Global_Kaggle_Baseline
Global Baseline,2020,Mixed Grain Baseline,1330.81,26.87269003416706,21.87,32.87,65.0,18.5,78.05309460321782,23.013687247191488,18.99497251770736,6.5,78.06455850448279,4.5,1000.0,12034.47,Global_Kaggle_Baseline
Global Baseline,2020,Mixed Grain Baseline,1284.89,25.977207278673852,20.98,31.98,65.0,18.5,75.13807092231033,22.10720279125085,19.000071236480625,6.5,74.937586400853,4.5,1000.0,11901.63,Global_Kaggle_Baseline
Global Baseline,2020,Mixed Grain Baseline,1332.75,26.92514519889589,21.93,32.93,65.0,18.5,78.07363094793831,22.9582086261314,19.05555139006525,6.5,77.9636087892402,4.5,1000.0,11891.11,Global_Kaggle_Baseline
Global Baseline,2020,Mixed Grain Baseline,1339.82,27.140048621641675,22.14,33.14,65.0,18.5,77.98452068362688,23.046896789239305,19.00675067025974,6.5,77.91548287366548,4.5,1000.0,11965.32,Global_Kaggle_Baseline
Global Baseline,2020,Mixed Grain Baseline,1385.93,28.157192590477244,23.16,34.16,65.0,18.5,80.08604996089908,24.044310258802817,20.130620257474916,6.5,80.025973309006,4.5,1000.0,12024.43,Global_Kaggle_Baseline
Global Baseline,2020,Mixed Grain Baseline,1284.0,25.97455550315189,20.97,31.97,65.0,18.5,74.9789686682631,21.9933696100525,18.857385140705627,6.5,75.04482035766682,4.5,1000.0,11760.59,Global_Kaggle_Baseline
Global Baseline,2020,Mixed Grain Baseline,1286.56,26.05730923110776,21.06,32.06,65.0,18.5,74.90997977995067,21.865143910715005,18.75097616786165,6.5,74.94323868074513,4.5,1000.0,12278.84,Global_Kaggle_Baseline
Global Baseline,2020,Mixed Grain Baseline,1377.52,27.936835999069704,22.94,33.94,65.0,18.5,79.94542391170482,24.04589695956672,19.97432599424833,6.5,79.9772906674537,4.5,1000.0,11921.01,Global_Kaggle_Baseline
Global Baseline,2020,Mixed Grain Baseline,1376.42,27.89751833092258,22.9,33.9,65.0,18.5,80.00197332304697,23.9467939886458,20.095688753728236,6.5,79.89943569113738,4.5,1000.0,12041.63,Global_Kaggle_Baseline
Global Baseline,2020,Mixed Grain Baseline,1286.27,26.049416304852723,21.05,32.05,65.0,18.5,74.90799823032039,21.85736128080877,18.960466630038667,6.5,75.13847259949296,4.5,1000.0,11951.54,Global_Kaggle_Baseline
Global Baseline,2020,Mixed Grain Baseline,1379.35,27.97696883579372,22.98,33.98,65.0,18.5,80.03102104180321,23.958804631311143,20.02594133062267,6.5,80.11472330781035,4.5,1000.0,12047.8,Global_Kaggle_Baseline
Global Baseline,2020,Mixed Grain Baseline,1610.0,36.0,31.0,42.0,65.0,18.5,70.0,20.0,18.0,6.5,60.0,4.5,1000.0,8000.0,Global_Kaggle_Baseline
Global Baseline,2020,Mixed Grain Baseline,1655.0,38.0,33.0,44.0,65.0,18.5,65.0,19.0,17.0,6.5,55.0,4.5,1000.0,8000.0,Global_Kaggle_Baseline
Global Baseline,2020,Mixed Grain Baseline,1625.0,37.0,32.0,43.0,65.0,18.5,66.0,22.0,18.0,6.5,58.0,4.5,1000.0,8000.0,Global_Kaggle_Baseline
Global Baseline,2020,Mixed Grain Baseline,1670.0,38.0,33.0,44.0,65.0,18.5,68.0,22.0,18.0,6.5,60.0,4.5,1000.0,8000.0,Global_Kaggle_Baseline
Global Baseline,2020,Mixed Grain Baseline,1630.0,38.0,33.0,44.0,65.0,18.5,60.0,20.0,16.0,6.5,65.0,4.5,1000.0,8000.0,Global_Kaggle_Baseline
Global Baseline,2020,Mixed Grain Baseline,1620.0,36.0,31.0,42.0,65.0,18.5,72.0,25.0,18.0,6.5,70.0,4.5,1000.0,8000.0,Global_Kaggle_Baseline
Global Baseline,2020,Mixed Grain Baseline,1715.0,39.0,34.0,45.0,65.0,18.5,70.0,20.0,17.0,6.5,60.0,4.5,1000.0,8000.0,Global_Kaggle_Baseline
Global Baseline,2020,Mixed Grain Baseline,1630.0,38.0,33.0,44.0,65.0,18.5,60.0,20.0,16.0,6.5,65.0,4.5,1000.0,8000.0,Global_Kaggle_Baseline
Global Baseline,2020,Mixed Grain Baseline,1630.41,38.02254754138394,33.02,44.02,65.0,18.5,59.923596753434296,20.02081957121484,16.05925730996799,6.5,65.05731726692721,4.5,1000.0,7873.82,Global_Kaggle_Baseline
Global Baseline,2020,Mixed Grain Baseline,1653.84,37.96085163661696,32.96,43.96,65.0,18.5,65.04214199618394,19.00558316425038,16.838875900441106,6.5,54.97882170642097,4.5,1000.0,7978.09,Global_Kaggle_Baseline
Global Baseline,2020,Mixed Grain Baseline,1628.89,37.96922210501023,32.97,43.97,65.0,18.5,59.994405315416046,19.92886157063321,15.971715778821492,6.5,65.09164091608349,4.5,1000.0,8138.74,Global_Kaggle_Baseline
Global Baseline,2020,Mixed Grain Baseline,1655.4,38.00229041883328,33.0,44.0,65.0,18.5,65.06298484578164,19.007267915079503,16.938194379529428,6.5,55.03523919438127,4.5,1000.0,7825.69,Global_Kaggle_Baseline
Global Baseline,2020,Mixed Grain Baseline,1615.58,36.14413907514987,31.14,42.14,65.0,18.5,70.10727096925174,19.92951884048636,18.02690643695844,6.5,59.955724436663374,4.5,1000.0,7982.28,Global_Kaggle_Baseline
Global Baseline,2020,Mixed Grain Baseline,1715.05,39.00811683807992,34.01,45.01,65.0,18.5,69.95298210693443,19.988271857519425,16.97159006116601,6.5,60.0922125636825,4.5,1000.0,8055.5,Global_Kaggle_Baseline
Global Baseline,2020,Mixed Grain Baseline,1630.31,38.00118322804343,33.0,44.0,65.0,18.5,60.054699816741454,20.0930547501418,16.07442903228981,6.5,65.01785958276797,4.5,1000.0,7880.88,Global_Kaggle_Baseline
Global Baseline,2020,Mixed Grain Baseline,1651.02,37.87716885663418,32.88,43.88,65.0,18.5,65.06411671609632,18.95754914389892,16.862741815455696,6.5,54.98261743766415,4.5,1000.0,8109.49,Global_Kaggle_Baseline
Global Baseline,2020,Mixed Grain Baseline,1715.18,39.014843374698174,34.01,45.01,65.0,18.5,69.93278136101459,19.85467635963405,16.973689772639357,6.5,60.00731755272454,4.5,1000.0,7980.08,Global_Kaggle_Baseline
Global Baseline,2020,Mixed Grain Baseline,1630.06,38.00081124033746,33.0,44.0,65.0,18.5,60.006735555024,19.868138636866185,15.93831676062155,6.5,65.07764589772985,4.5,1000.0,8164.14,Global_Kaggle_Baseline
Global Baseline,2020,Mixed Grain Baseline,1611.31,36.04615567723894,31.05,42.05,65.0,18.5,69.93903615022228,19.8836153899348,17.922978872777747,6.5,59.97911450555684,4.5,1000.0,8143.13,Global_Kaggle_Baseline
Global Baseline,2020,Mixed Grain Baseline,1629.07,38.001053292302345,33.0,44.0,65.0,18.5,59.80682291422157,20.005530990669463,15.954972282614504,6.5,65.03415032605999,4.5,1000.0,8138.13,Global_Kaggle_Baseline
Global Baseline,2020,Mixed Grain Baseline,1629.13,37.95077136950754,32.95,43.95,65.0,18.5,60.17055469791973,20.016059248025027,16.113002878848683,6.5,65.1056551390861,4.5,1000.0,7985.4,Global_Kaggle_Baseline
Global Baseline,2020,Mixed Grain Baseline,1670.92,38.03230132983632,33.03,44.03,65.0,18.5,67.95801024401364,21.801718180450177,17.896654169774468,6.5,60.00517117781938,4.5,1000.0,8034.23,Global_Kaggle_Baseline
Global Baseline,2020,Mixed Grain Baseline,1625.71,36.15552010618344,31.16,42.16,65.0,18.5,72.05381230565038,24.978136862689603,17.94744758652741,6.5,70.0571012848157,4.5,1000.0,8021.89,Global_Kaggle_Baseline
Global Baseline,2020,Mixed Grain Baseline,1628.67,37.9803217389897,32.98,43.98,65.0,18.5,59.872694346557786,20.095766232429234,15.95384206893528,6.5,65.05049275426467,4.5,1000.0,7782.09,Global_Kaggle_Baseline
Global Baseline,2020,Mixed Grain Baseline,1714.54,39.00402903013893,34.0,45.0,65.0,18.5,69.88049799127849,19.950864865280696,17.031003477927694,6.5,59.99217395297586,4.5,1000.0,8106.17,Global_Kaggle_Baseline
Global Baseline,2020,Mixed Grain Baseline,1655.75,38.029321287817176,33.03,44.03,65.0,18.5,64.94486008485315,18.707667542301294,17.101498518381508,6.5,54.81240792624117,4.5,1000.0,7973.25,Global_Kaggle_Baseline
Global Baseline,2020,Mixed Grain Baseline,1650.51,37.88390958495066,32.88,43.88,65.0,18.5,64.91533468919755,19.10756549235853,17.013867094125246,6.5,54.892559675701456,4.5,1000.0,8081.99,Global_Kaggle_Baseline
Global Baseline,2020,Mixed Grain Baseline,1659.1,38.11665251632192,33.12,44.12,65.0,18.5,65.00300969470493,18.881891155660888,17.02327704874054,6.5,55.23028381825201,4.5,1000.0,7991.4,Global_Kaggle_Baseline
Global Baseline,2020,Mixed Grain Baseline,1712.69,38.95966031346285,33.96,44.96,65.0,18.5,69.8209764934668,20.00621556010296,16.977632958131863,6.5,59.97804831084831,4.5,1000.0,8183.64,Global_Kaggle_Baseline
Global Baseline,2020,Mixed Grain Baseline,1626.5,37.02092662897186,32.02,43.02,65.0,18.5,66.15280948225835,22.09147126586696,17.830046923701595,6.5,57.89439398270756,4.5,1000.0,8015.94,Global_Kaggle_Baseline
Global Baseline,2020,Mixed Grain Baseline,1716.28,39.0579031447032,34.06,45.06,65.0,18.5,69.85102814061845,20.03751311591548,17.036309126217347,6.5,60.06411450277192,4.5,1000.0,8257.06,Global_Kaggle_Baseline
Global Baseline,2020,Mixed Grain Baseline,1630.53,38.00073244525485,33.0,44.0,65.0,18.5,60.10027815463906,19.874437731177984,16.13014134593187,6.5,64.94193749547453,4.5,1000.0,7971.22,Global_Kaggle_Baseline
Global Baseline,2020,Mixed Grain Baseline,1620.44,35.99969203002354,31.0,42.0,65.0,18.5,72.09007897082957,24.889707572988303,18.155210231033585,6.5,70.09067094986352,4.5,1000.0,7951.15,Global_Kaggle_Baseline
Global Baseline,2020,Mixed Grain Baseline,1657.83,38.062200237505486,33.06,44.06,65.0,18.5,65.1315878588139,18.94604628114556,17.031805656682575,6.5,55.149652229550895,4.5,1000.0,8023.24,Global_Kaggle_Baseline
Global Baseline,2020,Mixed Grain Baseline,1613.83,36.09926817810572,31.1,42.1,65.0,18.5,70.07148806137286,20.047139786885836,17.9377496976762,6.5,59.947903954078114,4.5,1000.0,8108.25,Global_Kaggle_Baseline
Global Baseline,2020,Mixed Grain Baseline,1714.27,38.96240004471293,33.96,44.96,65.0,18.5,70.11712802551548,20.097610203161285,16.921389735048056,6.5,60.10049823691772,4.5,1000.0,7981.32,Global_Kaggle_Baseline
Global Baseline,2020,Mixed Grain Baseline,1608.85,35.979757720804656,30.98,41.98,65.0,18.5,69.91124984704298,20.051153770455013,17.92283147589778,6.5,60.069914187931296,4.5,1000.0,8036.54,Global_Kaggle_Baseline
Global Baseline,2020,Mixed Grain Baseline,1625.93,37.04533537292764,32.05,43.05,65.0,18.5,65.86822559594599,22.1970888309611,18.07466641672943,6.5,58.116322517744514,4.5,1000.0,8163.91,Global_Kaggle_Baseline
Global Baseline,2020,Mixed Grain Baseline,1673.28,38.08872572480049,33.09,44.09,65.0,18.5,68.03407453313137,22.08802156291922,18.19796109602593,6.5,60.02823514804323,4.5,1000.0,8062.15,Global_Kaggle_Baseline
Global Baseline,2020,Mixed Grain Baseline,1634.66,38.1428591810414,33.14,44.14,65.0,18.5,59.93218091288647,19.783729153412768,16.015137844638108,6.5,65.02169880041255,4.5,1000.0,8107.34,Global_Kaggle_Baseline
Global Baseline,2020,Mixed Grain Baseline,1714.14,38.97981833035889,33.98,44.98,65.0,18.5,69.96882195174862,20.025552242717293,16.99740476755981,6.5,60.031746663406494,4.5,1000.0,7948.6,Global_Kaggle_Baseline
Global Baseline,2020,Mixed Grain Baseline,1624.18,36.988984106807365,31.99,42.99,65.0,18.5,65.91406404951748,21.925716574219848,17.79527840029364,6.5,58.06462344476032,4.5,1000.0,7951.33,Global_Kaggle_Baseline
Global Baseline,2020,Mixed Grain Baseline,1636.07,38.18288013863919,33.18,44.18,65.0,18.5,59.93301475067687,20.056339045706064,15.834499616006308,6.5,65.0142244627346,4.5,1000.0,8131.45,Global_Kaggle_Baseline
Global Baseline,2020,Mixed Grain Baseline,1718.16,39.09441005901608,34.09,45.09,65.0,18.5,69.97094202861062,20.167581557788843,16.958965177015024,6.5,59.91300468192776,4.5,1000.0,8111.71,Global_Kaggle_Baseline
Global Baseline,2020,Mixed Grain Baseline,1671.51,38.06602020118048,33.07,44.07,65.0,18.5,67.8398923408665,21.98938019872905,17.935496250914028,6.5,59.931513482039776,4.5,1000.0,8105.85,Global_Kaggle_Baseline
Global Baseline,2020,Mixed Grain Baseline,1670.3,38.00853985835117,33.01,44.01,65.0,18.5,68.00008567028925,21.89529528401592,18.105650636300343,6.5,59.996716017785445,4.5,1000.0,7925.57,Global_Kaggle_Baseline
Global Baseline,2020,Mixed Grain Baseline,1633.22,38.095594782223806,33.1,44.1,65.0,18.5,59.97477904321393,19.94418336003329,16.015049978547744,6.5,64.98619617237236,4.5,1000.0,7935.98,Global_Kaggle_Baseline
Global Baseline,2020,Mixed Grain Baseline,1625.21,37.00060959358776,32.0,43.0,65.0,18.5,66.03816699213054,21.99487148832647,18.042816136791046,6.5,58.08748795367355,4.5,1000.0,7808.2,Global_Kaggle_Baseline
Global Baseline,2020,Mixed Grain Baseline,1658.49,38.10737740138985,33.11,44.11,65.0,18.5,64.94671557375791,18.988292071722064,17.22038440589873,6.5,54.98453976549279,4.5,1000.0,8146.64,Global_Kaggle_Baseline
Global Baseline,2020,Mixed Grain Baseline,1615.21,35.86845249014305,30.87,41.87,65.0,18.5,71.96202504665116,25.042026695596228,18.1371778793494,6.5,69.97330395690655,4.5,1000.0,8022.11,Global_Kaggle_Baseline
Global Baseline,2020,Mixed Grain Baseline,1716.2,39.032393241169714,34.03,45.03,65.0,18.5,70.0137878981947,20.07308148090537,17.103069843613994,6.5,59.91155188299936,4.5,1000.0,7957.38,Global_Kaggle_Baseline
Global Baseline,2020,Mixed Grain Baseline,1606.08,35.90354229304602,30.9,41.9,65.0,18.5,69.89034401518097,19.885344277112218,18.038323243894727,6.5,59.96040106849264,4.5,1000.0,7888.71,Global_Kaggle_Baseline
Global Baseline,2020,Mixed Grain Baseline,1669.51,37.99902815358009,33.0,44.0,65.0,18.5,67.90825355206272,21.8799739067745,17.911653220680805,6.5,60.006263591346965,4.5,1000.0,7927.29,Global_Kaggle_Baseline
Global Baseline,2020,Mixed Grain Baseline,1634.92,38.12978385821745,33.13,44.13,65.0,18.5,60.075148047202894,19.99177895578288,16.04945415607729,6.5,65.10891913584389,4.5,1000.0,8101.57,Global_Kaggle_Baseline
Global Baseline,2020,Mixed Grain Baseline,1629.38,37.99185576359562,32.99,43.99,65.0,18.5,59.93377613623069,19.943839270592346,15.844786961759086,6.5,64.83559180129647,4.5,1000.0,8245.69,Global_Kaggle_Baseline
Global Baseline,2020,Mixed Grain Baseline,1626.4,37.0385023037462,32.04,43.04,65.0,18.5,66.00953635144454,22.14502564040122,18.092865775305285,6.5,58.11050907918937,4.5,1000.0,7882.23,Global_Kaggle_Baseline
Global Baseline,2020,Mixed Grain Baseline,1620.38,36.012114833505386,31.01,42.01,65.0,18.5,71.99172786644507,24.88629276300823,17.995668844893782,6.5,69.99691013763109,4.5,1000.0,8110.34,Global_Kaggle_Baseline
Global Baseline,2020,Mixed Grain Baseline,1613.82,36.09961789887324,31.1,42.1,65.0,18.5,70.06740812988424,19.78904783570316,18.15850320719288,6.5,60.02274985045938,4.5,1000.0,7858.04,Global_Kaggle_Baseline
Global Baseline,2020,Mixed Grain Baseline,1647.21,37.7920801635838,32.79,43.79,65.0,18.5,64.89818247772457,19.04480746390006,16.907607548564407,6.5,54.92970875495328,4.5,1000.0,8109.95,Global_Kaggle_Baseline
Global Baseline,2020,Mixed Grain Baseline,1614.21,35.83988515757221,30.84,41.84,65.0,18.5,71.96371520216303,25.05521618636022,18.068747738344904,6.5,69.95255648186915,4.5,1000.0,8041.28,Global_Kaggle_Baseline
Global Baseline,2020,Mixed Grain Baseline,1622.47,36.07145905709716,31.07,42.07,65.0,18.5,71.993455151369,25.16217841378157,17.978538406911053,6.5,70.00296512682232,4.5,1000.0,7934.0,Global_Kaggle_Baseline
Global Baseline,2020,Mixed Grain Baseline,1621.97,36.92057148296893,31.92,42.92,65.0,18.5,65.95085004981117,22.11695564262436,17.983105101810185,6.5,58.13779086660366,4.5,1000.0,7780.37,Global_Kaggle_Baseline
Global Baseline,2020,Mixed Grain Baseline,1631.96,37.21046024961051,32.21,43.21,65.0,18.5,65.91964656702335,21.86860932572088,18.012406523288238,6.5,58.12799373124921,4.5,1000.0,8186.52,Global_Kaggle_Baseline
Global Baseline,2020,Mixed Grain Baseline,1655.42,38.018931083912136,33.02,44.02,65.0,18.5,64.95231195980836,18.900513019148363,16.927743478710255,6.5,55.06062391505302,4.5,1000.0,8060.31,Global_Kaggle_Baseline
Global Baseline,2020,Mixed Grain Baseline,1628.91,37.96823465678961,32.97,43.97,65.0,18.5,60.00393369016979,20.089008529859527,15.902496695633326,6.5,65.0823821643667,4.5,1000.0,7831.18,Global_Kaggle_Baseline
Global Baseline,2020,Mixed Grain Baseline,1632.01,38.04896928207877,33.05,44.05,65.0,18.5,60.05850415171804,19.980936957850748,15.937292479539174,6.5,65.20175471260792,4.5,1000.0,7916.1,Global_Kaggle_Baseline
Global Baseline,2020,Mixed Grain Baseline,1621.22,36.8741871817982,31.87,42.87,65.0,18.5,66.12370475520237,22.05729397203837,17.90353056060267,6.5,58.06062814115654,4.5,1000.0,8142.88,Global_Kaggle_Baseline
Global Baseline,2020,Mixed Grain Baseline,1657.18,38.078823894863554,33.08,44.08,65.0,18.5,64.88422230474681,18.94641472793693,17.092546584198878,6.5,55.11096137329219,4.5,1000.0,7887.98,Global_Kaggle_Baseline
Global Baseline,2020,Mixed Grain Baseline,1632.97,38.0734017166582,33.07,44.07,65.0,18.5,60.08073736241124,19.85355836964393,16.024060441573475,6.5,64.98073600386152,4.5,1000.0,7901.57,Global_Kaggle_Baseline
Global Baseline,2020,Mixed Grain Baseline,1717.94,39.09493259620255,34.09,45.09,65.0,18.5,69.92271987818094,20.141879148968155,16.937644939292557,6.5,59.91469203807856,4.5,1000.0,8099.85,Global_Kaggle_Baseline
Global Baseline,2020,Mixed Grain Baseline,1607.33,35.911230351781946,30.91,41.91,65.0,18.5,70.0882003810495,19.97289869494342,18.042611353261584,6.5,59.93755357627138,4.5,1000.0,8040.18,Global_Kaggle_Baseline
Global Baseline,2020,Mixed Grain Baseline,1624.37,36.980096408995074,31.98,42.98,65.0,18.5,66.01401870762247,21.851462070562544,18.062961523285423,6.5,58.029402441946665,4.5,1000.0,7927.73,Global_Kaggle_Baseline
Global Baseline,2020,Mixed Grain Baseline,1630.79,38.01555790282722,33.02,44.02,65.0,18.5,60.04829886636856,20.048409598463127,15.846644299222126,6.5,65.01609402774648,4.5,1000.0,7817.83,Global_Kaggle_Baseline
Global Baseline,2020,Mixed Grain Baseline,1708.95,38.828809752771726,33.83,44.83,65.0,18.5,69.98808205133652,20.059504026673444,16.95866502384694,6.5,59.95317791768444,4.5,1000.0,7865.04,Global_Kaggle_Baseline
Global Baseline,2020,Mixed Grain Baseline,1629.5,38.0085489065156,33.01,44.01,65.0,18.5,59.84079357690595,19.87109248326153,16.009900458078537,6.5,65.18159970392306,4.5,1000.0,8210.82,Global_Kaggle_Baseline
Global Baseline,2020,Mixed Grain Baseline,1604.56,35.84456193453787,30.84,41.84,65.0,18.5,70.00033892008098,20.12061676841778,18.1476067442651,6.5,59.90036535413624,4.5,1000.0,8061.82,Global_Kaggle_Baseline
Global Baseline,2020,Mixed Grain Baseline,1633.52,38.125599275452906,33.13,44.13,65.0,18.5,59.82557187857493,20.071831428481264,16.05936594943358,6.5,65.03881621551169,4.5,1000.0,7863.2,Global_Kaggle_Baseline
Global Baseline,2020,Mixed Grain Baseline,1635.32,38.159127467156246,33.16,44.16,65.0,18.5,59.951092553592495,20.03649147573461,15.966740338895663,6.5,65.0484354476119,4.5,1000.0,7990.49,Global_Kaggle_Baseline
Global Baseline,2020,Mixed Grain Baseline,1608.71,35.9454603816916,30.95,41.95,65.0,18.5,70.12475583485902,20.06364657023099,17.98247975691638,6.5,60.06637735401152,4.5,1000.0,8080.88,Global_Kaggle_Baseline
Global Baseline,2020,Mixed Grain Baseline,1626.8,37.91800754972515,32.92,43.92,65.0,18.5,59.9334338608437,20.08408799874909,15.96759379434801,6.5,65.05337760801062,4.5,1000.0,7964.63,Global_Kaggle_Baseline
Global Baseline,2020,Mixed Grain Baseline,1615.85,35.88560097213696,30.89,41.89,65.0,18.5,71.97086671393957,25.0315501905706,18.095564605690736,6.5,69.94621272525887,4.5,1000.0,8097.79,Global_Kaggle_Baseline
Global Baseline,2020,Mixed Grain Baseline,1629.82,38.01450777099219,33.01,44.01,65.0,18.5,59.86332044156817,19.982713025207797,15.899597438044731,6.5,65.16105381461858,4.5,1000.0,8047.43,Global_Kaggle_Baseline
Global Baseline,2020,Mixed Grain Baseline,1615.27,36.174108211531305,31.17,42.17,65.0,18.5,69.83469921483879,20.05725918702577,18.01601574751261,6.5,60.14099816657796,4.5,1000.0,7874.7,Global_Kaggle_Baseline
Global Baseline,2020,Mixed Grain Baseline,1611.59,36.05308172593956,31.05,42.05,65.0,18.5,69.94560321366254,19.954310839588675,17.960971561528254,6.5,60.0529169983232,4.5,1000.0,8010.01,Global_Kaggle_Baseline
Global Baseline,2020,Mixed Grain Baseline,1627.71,37.95530896707466,32.96,43.96,65.0,18.5,59.85397289788245,19.963114027896115,15.939248200995385,6.5,64.89150393514802,4.5,1000.0,8036.27,Global_Kaggle_Baseline
Global Baseline,2020,Mixed Grain Baseline,1674.5,38.12326003865109,33.12,44.12,65.0,18.5,68.03659754709564,21.896887152890468,17.995408783492632,6.5,60.19894389558361,4.5,1000.0,7979.35,Global_Kaggle_Baseline
Global Baseline,2020,Mixed Grain Baseline,1613.35,36.08781732069447,31.09,42.09,65.0,18.5,70.05581583660745,19.91816013125657,18.07824819008949,6.5,60.04742656315833,4.5,1000.0,8141.68,Global_Kaggle_Baseline
Global Baseline,2020,Mixed Grain Baseline,1623.8,36.97092482907269,31.97,42.97,65.0,18.5,65.9636971015816,22.017162058037112,18.028151748796382,6.5,57.97460970769619,4.5,1000.0,8087.18,Global_Kaggle_Baseline
Global Baseline,2020,Mixed Grain Baseline,1617.63,35.93897468059255,30.94,41.94,65.0,18.5,71.95292953914736,25.063450224190078,18.05873165908856,6.5,70.04155208196629,4.5,1000.0,8092.52,Global_Kaggle_Baseline
Global Baseline,2020,Mixed Grain Baseline,1635.24,38.153469574305056,33.15,44.15,65.0,18.5,59.97315055927251,19.966169282585263,15.968541099831656,6.5,64.99989334216718,4.5,1000.0,8037.19,Global_Kaggle_Baseline
Global Baseline,2020,Mixed Grain Baseline,1680.2,38.287072543527096,33.29,44.29,65.0,18.5,68.03099718486202,21.89235103289517,18.01210294946953,6.5,60.07000167940942,4.5,1000.0,7944.19,Global_Kaggle_Baseline
Global Baseline,2020,Mixed Grain Baseline,1708.51,38.828158666279535,33.83,44.83,65.0,18.5,69.90478303155166,19.88678981061171,16.98621462962042,6.5,60.03082450692147,4.5,1000.0,8166.44,Global_Kaggle_Baseline
Global Baseline,2020,Mixed Grain Baseline,1633.07,38.07759183516998,33.08,44.08,65.0,18.5,60.07181875990868,20.08424054298473,15.944497713197803,6.5,65.17821738542902,4.5,1000.0,7973.12,Global_Kaggle_Baseline
Global Baseline,2020,Mixed Grain Baseline,1608.49,35.93771037597712,30.94,41.94,65.0,18.5,70.13370274057411,20.0192136653934,17.981227423214847,6.5,60.11132369139202,4.5,1000.0,8138.87,Global_Kaggle_Baseline
Global Baseline,2020,Mixed Grain Baseline,1717.01,39.06568799925224,34.07,45.07,65.0,18.5,69.9430069193662,19.91782284578372,17.075746265803602,6.5,60.02781562396478,4.5,1000.0,7947.0,Global_Kaggle_Baseline
Global Baseline,2020,Mixed Grain Baseline,1623.62,36.0818055851968,31.08,42.08,65.0,18.5,72.15194897229195,24.88371922447971,17.892527276695002,6.5,70.14002491459043,4.5,1000.0,7789.63,Global_Kaggle_Baseline
Global Baseline,2020,Mixed Grain Baseline,1632.48,38.07374325246644,33.07,44.07,65.0,18.5,59.9803555388506,20.009757098885007,15.87808140374176,6.5,64.9886752265314,4.5,1000.0,7942.53,Global_Kaggle_Baseline
Global Baseline,2020,Mixed Grain Baseline,1670.34,38.025908663031146,33.03,44.03,65.0,18.5,67.88737141449448,22.072948716515228,17.901562283874295,6.5,60.02231931242306,4.5,1000.0,7782.02,Global_Kaggle_Baseline
Global Baseline,2020,Mixed Grain Baseline,1630.29,38.00256883990525,33.0,44.0,65.0,18.5,60.03949085179531,20.09283170923553,15.975966244552964,6.5,65.11666269697979,4.5,1000.0,8049.08,Global_Kaggle_Baseline
Global Baseline,2020,Mixed Grain Baseline,1630.04,37.9964231833188,33.0,44.0,65.0,18.5,60.03377415573835,19.94323486321783,15.966589031750027,6.5,64.93085461019912,4.5,1000.0,8034.33,Global_Kaggle_Baseline
Global Baseline,2020,Mixed Grain Baseline,1636.8,38.17519548561924,33.18,44.18,65.0,18.5,60.13321210603453,20.086446850419744,15.980974004513016,6.5,64.96744433737472,4.5,1000.0,7859.07,Global_Kaggle_Baseline
Global Baseline,2020,Mixed Grain Baseline,1615.82,35.892023766999664,30.89,41.89,65.0,18.5,71.91998834885239,24.86576948764669,18.045340365127423,6.5,70.06191892412566,4.5,1000.0,7922.67,Global_Kaggle_Baseline
Global Baseline,2020,Mixed Grain Baseline,1610.22,35.998784482890336,31.0,42.0,65.0,18.5,70.05330348287627,19.89271039552438,17.98312363445313,6.5,59.8491784906614,4.5,1000.0,8114.28,Global_Kaggle_Baseline
Global Baseline,2020,Mixed Grain Baseline,1653.33,37.93884523458253,32.94,43.94,65.0,18.5,65.09429286292871,18.89472843068029,17.095034833995776,6.5,54.782077910554655,4.5,1000.0,8172.92,Global_Kaggle_Baseline
Global Baseline,2020,Mixed Grain Baseline,1713.78,38.98007995262204,33.98,44.98,65.0,18.5,69.8949913639868,19.96565249979428,16.923836247109158,6.5,60.09580034993986,4.5,1000.0,7929.12,Global_Kaggle_Baseline
Global Baseline,2020,Mixed Grain Baseline,1632.26,38.08036062667208,33.08,44.08,65.0,18.5,59.88897552877701,20.03582912054701,16.15995430893718,6.5,64.96789298738715,4.5,1000.0,8101.84,Global_Kaggle_Baseline
Global Baseline,2020,Mixed Grain Baseline,1621.7,36.905804766818285,31.91,42.91,65.0,18.5,65.9991818373703,21.954173246604547,17.947571464714354,6.5,57.9699144757163,4.5,1000.0,8068.6,Global_Kaggle_Baseline
Global Baseline,2020,Mixed Grain Baseline,1655.55,38.02204477024868,33.02,44.02,65.0,18.5,64.95579049906429,18.925536439711458,17.034194272797375,6.5,55.09450475040628,4.5,1000.0,7921.64,Global_Kaggle_Baseline
Global Baseline,2020,Mixed Grain Baseline,1628.59,37.96635805606536,32.97,43.97,65.0,18.5,59.95373759216245,20.01165627150545,15.906109519889732,6.5,65.0907246987286,4.5,1000.0,8029.74,Global_Kaggle_Baseline
Global Baseline,2020,Mixed Grain Baseline,1639.77,38.27610755792136,33.28,44.28,65.0,18.5,60.020427645500405,19.88582567012456,15.922637402184314,6.5,64.98646997402709,4.5,1000.0,7929.1,Global_Kaggle_Baseline
Global Baseline,2020,Mixed Grain Baseline,1667.29,37.90748964369567,32.91,43.91,65.0,18.5,68.10610228530196,21.98744471123664,17.90183127891798,6.5,59.94995185952474,4.5,1000.0,8042.53,Global_Kaggle_Baseline
Global Baseline,2020,Mixed Grain Baseline,1622.15,36.91264307467843,31.91,42.91,65.0,18.5,66.0413564971269,22.126408453654907,18.14960069378983,6.5,57.97127936487656,4.5,1000.0,7875.59,Global_Kaggle_Baseline
Global Baseline,2020,Mixed Grain Baseline,1627.31,37.05283862969308,32.05,43.05,65.0,18.5,66.0925075169192,22.009405953974085,18.032503390233988,6.5,57.96255782264276,4.5,1000.0,8192.9,Global_Kaggle_Baseline
Global Baseline,2020,Mixed Grain Baseline,1618.25,35.95269951396952,30.95,41.95,65.0,18.5,71.98015412195313,24.94074271345872,18.06080495464986,6.5,69.9739768223704,4.5,1000.0,8110.26,Global_Kaggle_Baseline
Global Baseline,2020,Mixed Grain Baseline,1668.61,37.9687131716545,32.97,43.97,65.0,18.5,67.94032003231999,22.07114244883541,17.981907513286554,6.5,59.97070342389362,4.5,1000.0,8046.39,Global_Kaggle_Baseline
Global Baseline,2020,Mixed Grain Baseline,1628.93,37.96839542250542,32.97,43.97,65.0,18.5,60.00636635597351,19.89832514382203,15.77302776350482,6.5,65.2494173593181,4.5,1000.0,7867.72,Global_Kaggle_Baseline
Global Baseline,2020,Mixed Grain Baseline,1720.56,39.14535644158666,34.15,45.15,65.0,18.5,70.0941862908083,20.116744225365665,17.097784768577046,6.5,59.97637524349997,4.5,1000.0,7927.8,Global_Kaggle_Baseline
Global Baseline,2020,Mixed Grain Baseline,1623.46,36.09929299195558,31.1,42.1,65.0,18.5,71.9976458737709,25.055697543797987,18.032216867373734,6.5,69.97619488497187,4.5,1000.0,7953.42,Global_Kaggle_Baseline
Global Baseline,2020,Mixed Grain Baseline,1712.84,38.94146964360308,33.94,44.94,65.0,18.5,69.97833714677334,19.962284914443345,16.985179562269415,6.5,59.7948743554481,4.5,1000.0,7973.14,Global_Kaggle_Baseline
Global Baseline,2020,Mixed Grain Baseline,1618.01,35.938265528351494,30.94,41.94,65.0,18.5,72.0345744338523,24.91599985212273,18.185465694849132,6.5,69.97155635125289,4.5,1000.0,8040.25,Global_Kaggle_Baseline
Global Baseline,2020,Mixed Grain Baseline,1627.97,37.9484433392513,32.95,43.95,65.0,18.5,59.955769300388205,19.97518449022393,16.085800053370196,6.5,64.92513417985192,4.5,1000.0,8099.35,Global_Kaggle_Baseline
Global Baseline,2020,Mixed Grain Baseline,1620.84,36.02217466154209,31.02,42.02,65.0,18.5,72.01348617881929,24.936521941600216,18.022700630149423,6.5,70.23288702087348,4.5,1000.0,7950.27,Global_Kaggle_Baseline
Global Baseline,2020,Mixed Grain Baseline,1624.89,37.87603110616404,32.88,43.88,65.0,18.5,59.84563208672617,20.10631715984056,15.975830819471364,6.5,64.99836545794169,4.5,1000.0,8076.2,Global_Kaggle_Baseline
Global Baseline,2020,Mixed Grain Baseline,1667.82,37.92909729578425,32.93,43.93,65.0,18.5,68.06097686504857,22.01710819362381,17.912725892748725,6.5,60.060720521744045,4.5,1000.0,8052.14,Global_Kaggle_Baseline
Global Baseline,2020,Mixed Grain Baseline,1633.47,38.10599284834001,33.11,44.11,65.0,18.5,59.95124797792778,20.10345562933749,16.155024760442508,6.5,65.13447924122308,4.5,1000.0,8089.05,Global_Kaggle_Baseline
Global Baseline,2020,Mixed Grain Baseline,1601.76,35.75260001435004,30.75,41.75,65.0,18.5,70.08425904712104,20.018923632947807,17.96685509265709,6.5,59.84765667953986,4.5,1000.0,7941.05,Global_Kaggle_Baseline
Global Baseline,2020,Mixed Grain Baseline,1614.55,36.109573551530765,31.11,42.11,65.0,18.5,70.14351036532626,20.02249515615768,17.87105661639334,6.5,60.13061093296016,4.5,1000.0,8005.67,Global_Kaggle_Baseline
Global Baseline,2020,Mixed Grain Baseline,1648.02,37.77909439954677,32.78,43.78,65.0,18.5,65.15012145666815,18.94565803698038,16.959691016253885,6.5,55.08160328211577,4.5,1000.0,8065.43,Global_Kaggle_Baseline
Global Baseline,2020,Mixed Grain Baseline,1652.32,37.92455167626994,32.92,43.92,65.0,18.5,64.99187519090788,19.03476305777905,16.933624969967546,6.5,55.013125927456045,4.5,1000.0,8075.16,Global_Kaggle_Baseline
Global Baseline,2020,Mixed Grain Baseline,1610.02,35.995328952319355,31.0,42.0,65.0,18.5,70.03747022230418,20.072570565262826,18.001859921197102,6.5,60.011279088545535,4.5,1000.0,7831.08,Global_Kaggle_Baseline
Global Baseline,2020,Mixed Grain Baseline,1625.48,37.01186293678149,32.01,43.01,65.0,18.5,66.01262132817202,22.04394808508053,17.988393298653282,6.5,57.99762621361205,4.5,1000.0,7979.54,Global_Kaggle_Baseline
Global Baseline,2020,Mixed Grain Baseline,1631.38,37.196356153487706,32.2,43.2,65.0,18.5,65.90191251949912,22.002252405909086,18.065672843101108,6.5,57.9287991480673,4.5,1000.0,8049.34,Global_Kaggle_Baseline
Global Baseline,2020,Mixed Grain Baseline,1624.85,37.00026313330992,32.0,43.0,65.0,18.5,65.96741959133657,22.27903342434628,17.8684387270124,6.5,57.957589626551645,4.5,1000.0,7899.78,Global_Kaggle_Baseline
Global Baseline,2020,Mixed Grain Baseline,1668.96,37.99535450356976,33.0,44.0,65.0,18.5,67.82452884591328,22.015663426498296,17.861951323682092,6.5,60.21500369648802,4.5,1000.0,7964.09,Global_Kaggle_Baseline
Global Baseline,2020,Mixed Grain Baseline,1630.37,38.0199297129108,33.02,44.02,65.0,18.5,59.93447371528496,20.00253717826569,15.991440201134568,6.5,64.94613870310002,4.5,1000.0,8144.0,Global_Kaggle_Baseline
Global Baseline,2020,Mixed Grain Baseline,1663.14,37.77293290754399,32.77,43.77,65.0,18.5,68.21720833774329,22.038238978268637,17.985355184419607,6.5,60.02506799738284,4.5,1000.0,7892.82,Global_Kaggle_Baseline
Global Baseline,2020,Mixed Grain Baseline,1631.76,38.04864466167834,33.05,44.05,65.0,18.5,60.01117281740455,19.996749342612443,16.003275311547753,6.5,64.92413163661604,4.5,1000.0,7830.36,Global_Kaggle_Baseline
Global Baseline,2020,Mixed Grain Baseline,1619.74,35.99509509947494,31.0,42.0,65.0,18.5,71.98331466862335,24.87333919136061,18.020859792376477,6.5,69.80022554811171,4.5,1000.0,7995.75,Global_Kaggle_Baseline
Global Baseline,2020,Mixed Grain Baseline,1714.94,38.98931828557416,33.99,44.99,65.0,18.5,70.06257105810865,19.911787408916343,17.064778813199393,6.5,59.95877623378841,4.5,1000.0,7911.66,Global_Kaggle_Baseline
Global Baseline,2020,Mixed Grain Baseline,1670.61,38.01821993820955,33.02,44.02,65.0,18.5,67.99427419775783,21.87991522062071,18.09636002432836,6.5,60.05206488695526,4.5,1000.0,8025.76,Global_Kaggle_Baseline
Global Baseline,2020,Mixed Grain Baseline,1669.86,38.01301097374507,33.01,44.01,65.0,18.5,67.88064388302612,21.967775510686398,18.00973784069463,6.5,60.04262637804736,4.5,1000.0,8109.16,Global_Kaggle_Baseline
Global Baseline,2020,Mixed Grain Baseline,1669.58,37.99256551196108,32.99,43.99,65.0,18.5,67.96799582199607,21.983132442373577,17.929865805885843,6.5,60.07596882357875,4.5,1000.0,7911.77,Global_Kaggle_Baseline
Global Baseline,2020,Mixed Grain Baseline,1715.11,39.024797622797536,34.02,45.02,65.0,18.5,69.84796298185445,19.99135000989542,16.95037409769393,6.5,60.01295013935585,4.5,1000.0,7903.19,Global_Kaggle_Baseline
Global Baseline,2020,Mixed Grain Baseline,1710.68,38.86731848766724,33.87,44.87,65.0,18.5,70.06470642290974,20.01773956634264,17.105547917392666,6.5,59.89527409644195,4.5,1000.0,7974.04,Global_Kaggle_Baseline
Global Baseline,2020,Mixed Grain Baseline,1625.15,37.03307262618863,32.03,43.03,65.0,18.5,65.79774754210813,22.10093116661152,18.01487176007946,6.5,58.12584571738304,4.5,1000.0,8069.85,Global_Kaggle_Baseline
Global Baseline,2020,Mixed Grain Baseline,1717.06,39.042783645798174,34.04,45.04,65.0,18.5,70.11280838219511,19.990147633718337,16.91426972732171,6.5,59.919163049539335,4.5,1000.0,7906.88,Global_Kaggle_Baseline
Global Baseline,2020,Mixed Grain Baseline,1619.18,35.9734161103269,30.97,41.97,65.0,18.5,72.02295170256406,24.97418199009789,18.073007918929253,6.5,69.97963823094013,4.5,1000.0,7966.5,Global_Kaggle_Baseline
Global Baseline,2020,Mixed Grain Baseline,1603.88,35.84097732352222,30.84,41.84,65.0,18.5,69.88878865725641,19.919111769090023,18.13596604892072,6.5,59.98267452664008,4.5,1000.0,8153.8,Global_Kaggle_Baseline
Global Baseline,2020,Mixed Grain Baseline,1655.11,38.00351347507987,33.0,44.0,65.0,18.5,64.99774148408231,19.044019915553093,17.053248487788803,6.5,55.06639326011396,4.5,1000.0,8084.53,Global_Kaggle_Baseline
Global Baseline,2020,Mixed Grain Baseline,1675.35,38.13075109969303,33.13,44.13,65.0,18.5,68.15439604647406,22.34563002602125,18.141209583042865,6.5,60.09424043843289,4.5,1000.0,7967.7,Global_Kaggle_Baseline
Global Baseline,2020,Mixed Grain Baseline,1668.46,37.9460652297131,32.95,43.95,65.0,18.5,68.07023432209141,22.00073399591059,18.2290943629601,6.5,60.19170129747696,4.5,1000.0,8022.51,Global_Kaggle_Baseline
Global Baseline,2020,Mixed Grain Baseline,1665.48,37.87657177328165,32.88,43.88,65.0,18.5,67.95939799691246,21.85604637330434,17.941134813178042,6.5,60.07775228489592,4.5,1000.0,7991.96,Global_Kaggle_Baseline
Global Baseline,2020,Mixed Grain Baseline,1667.63,37.935988424718815,32.94,43.94,65.0,18.5,67.9750754960067,21.93765037402211,17.976849011743347,6.5,59.88801909858738,4.5,1000.0,7877.79,Global_Kaggle_Baseline
Global Baseline,2020,Mixed Grain Baseline,1632.05,38.05279795719736,33.05,44.05,65.0,18.5,60.04117958718545,20.05858676224837,15.886293864283443,6.5,64.97718305704643,4.5,1000.0,8008.48,Global_Kaggle_Baseline
Global Baseline,2020,Mixed Grain Baseline,1716.31,39.03173534379085,34.03,45.03,65.0,18.5,70.04076522701023,19.818141092187844,17.045831120655784,6.5,59.99634431987116,4.5,1000.0,8067.04,Global_Kaggle_Baseline
Global Baseline,2020,Mixed Grain Baseline,1670.95,38.02077813850477,33.02,44.02,65.0,18.5,68.045168149396,22.120552427742545,18.218880440680085,6.5,59.99595453485716,4.5,1000.0,8038.33,Global_Kaggle_Baseline
Global Baseline,2020,Mixed Grain Baseline,1717.35,39.05494084277148,34.05,45.05,65.0,18.5,70.08446423646504,20.05761403946073,16.905602235335184,6.5,59.95007505034713,4.5,1000.0,8019.88,Global_Kaggle_Baseline
Global Baseline,2020,Mixed Grain Baseline,1669.12,37.970677360068414,32.97,43.97,65.0,18.5,68.02856223783587,22.113002837201748,18.055498008798185,6.5,59.89778311850398,4.5,1000.0,8014.02,Global_Kaggle_Baseline
Global Baseline,2020,Mixed Grain Baseline,1608.25,35.9400387787892,30.94,41.94,65.0,18.5,70.06971253917433,19.95195842324673,18.05636566576881,6.5,60.14103064625015,4.5,1000.0,7922.44,Global_Kaggle_Baseline
Global Baseline,2020,Mixed Grain Baseline,1627.4,37.05454946556433,32.05,43.05,65.0,18.5,66.09750267613036,21.83005936949211,17.96627302921239,6.5,57.8355115687038,4.5,1000.0,7911.76,Global_Kaggle_Baseline
Global Baseline,2020,Mixed Grain Baseline,1626.65,36.19419587812317,31.19,42.19,65.0,18.5,71.97153290286944,25.115234854763155,17.974344829648334,6.5,70.07805619735899,4.5,1000.0,7811.8,Global_Kaggle_Baseline
Global Baseline,2020,Mixed Grain Baseline,1715.49,39.00807622342585,34.01,45.01,65.0,18.5,70.04202204724533,19.956844207683076,16.908674406275058,6.5,59.9611928130497,4.5,1000.0,7945.95,Global_Kaggle_Baseline
Global Baseline,2020,Mixed Grain Baseline,1630.68,38.009245117737294,33.01,44.01,65.0,18.5,60.07050384857388,20.05860442521304,15.904741253230082,6.5,64.9040228312344,4.5,1000.0,7986.9,Global_Kaggle_Baseline
Global Baseline,2020,Mixed Grain Baseline,1612.79,35.78731363083168,30.79,41.79,65.0,18.5,72.04731475849367,24.931148504847403,18.027528203865813,6.5,69.87583026042059,4.5,1000.0,8040.08,Global_Kaggle_Baseline
Global Baseline,2020,Mixed Grain Baseline,1630.59,37.1615075092849,32.16,43.16,65.0,18.5,65.98715126203444,22.03432298803249,18.038928624009507,6.5,58.05794847976132,4.5,1000.0,7814.73,Global_Kaggle_Baseline
Global Baseline,2020,Mixed Grain Baseline,1622.26,36.04642177057476,31.05,42.05,65.0,18.5,72.12657072703209,24.88995534528673,17.952263888655626,6.5,70.0466768652249,4.5,1000.0,7939.54,Global_Kaggle_Baseline
Global Baseline,2020,Mixed Grain Baseline,1723.69,39.25282467707521,34.25,45.25,65.0,18.5,69.96763022297795,19.898725983021304,16.8937855446707,6.5,60.032711477399616,4.5,1000.0,8054.05,Global_Kaggle_Baseline
Global Baseline,2020,Mixed Grain Baseline,1657.89,38.08078006440184,33.08,44.08,65.0,18.5,65.01201389250261,19.05692081093136,17.076034880868466,6.5,54.91906785628464,4.5,1000.0,7999.13,Global_Kaggle_Baseline
Global Baseline,2020,Mixed Grain Baseline,1617.68,35.92743568397545,30.93,41.93,65.0,18.5,72.04478088722739,24.9917015080951,18.13778985368378,6.5,69.95746127124177,4.5,1000.0,7912.23,Global_Kaggle_Baseline
Global Baseline,2020,Mixed Grain Baseline,1606.73,35.9007256713765,30.9,41.9,65.0,18.5,70.04158709764461,19.98948690843179,17.93747988320207,6.5,60.1918666436929,4.5,1000.0,7829.71,Global_Kaggle_Baseline
Global Baseline,2020,Mixed Grain Baseline,1628.52,37.94942812597221,32.95,43.95,65.0,18.5,60.05785304855508,19.987855991056257,16.045428334732048,6.5,65.22069311458661,4.5,1000.0,8067.93,Global_Kaggle_Baseline
Global Baseline,2020,Mixed Grain Baseline,1625.74,37.897222409501055,32.9,43.9,65.0,18.5,59.867023265931365,20.172746018390168,15.954914854881826,6.5,64.87532593983158,4.5,1000.0,8007.0,Global_Kaggle_Baseline
Global Baseline,2020,Mixed Grain Baseline,1625.99,36.16025093474575,31.16,42.16,65.0,18.5,72.07619764597818,25.120013073068453,17.98189013264334,6.5,70.0329032115996,4.5,1000.0,7874.78,Global_Kaggle_Baseline
Global Baseline,2020,Mixed Grain Baseline,1714.81,39.014323864505656,34.01,45.01,65.0,18.5,69.86263878710942,19.927850100278643,16.936601099962935,6.5,60.045972765475184,4.5,1000.0,8105.23,Global_Kaggle_Baseline
Global Baseline,2020,Mixed Grain Baseline,1615.46,35.875337840743065,30.88,41.88,65.0,18.5,71.96441514216804,25.001617761336803,17.939571645053707,6.5,69.88321661997524,4.5,1000.0,8063.22,Global_Kaggle_Baseline
Global Baseline,2020,Mixed Grain Baseline,1630.61,38.03641399809921,33.04,44.04,65.0,18.5,59.86635664433061,20.13255591906067,16.06958055259955,6.5,65.10285450047557,4.5,1000.0,7944.73,Global_Kaggle_Baseline
Global Baseline,2020,Mixed Grain Baseline,1671.68,38.032233345627496,33.03,44.03,65.0,18.5,68.11009354009771,21.99467606667757,17.9660529924178,6.5,60.06106121182571,4.5,1000.0,8023.68,Global_Kaggle_Baseline
Global Baseline,2020,Mixed Grain Baseline,1674.56,38.10381223034556,33.1,44.1,65.0,18.5,68.1856796936461,22.091332377115,17.97355777261211,6.5,59.98151145077981,4.5,1000.0,8028.18,Global_Kaggle_Baseline
Global Baseline,2020,Mixed Grain Baseline,1604.74,35.84271654599906,30.84,41.84,65.0,18.5,70.04972938234731,19.81608740582657,18.02290345781435,6.5,59.93813809403818,4.5,1000.0,8131.81,Global_Kaggle_Baseline
Global Baseline,2020,Mixed Grain Baseline,1614.48,35.866369697703504,30.87,41.87,65.0,18.5,71.83198064580618,25.025195266459725,18.205936286651845,6.5,69.96207299542078,4.5,1000.0,7885.08,Global_Kaggle_Baseline
Global Baseline,2020,Mixed Grain Baseline,1624.98,37.00108084253719,32.0,43.0,65.0,18.5,65.98821522351187,21.937840225473742,18.003934009167786,6.5,58.1232000241742,4.5,1000.0,7967.88,Global_Kaggle_Baseline
Global Baseline,2020,Mixed Grain Baseline,1676.81,38.17913924341577,33.18,44.18,65.0,18.5,68.10883938604694,22.063011735629807,18.11971629986799,6.5,60.18464456847431,4.5,1000.0,7994.97,Global_Kaggle_Baseline
Global Baseline,2020,Mixed Grain Baseline,1712.33,38.90262299676984,33.9,44.9,65.0,18.5,70.14743593057582,20.016377415224817,17.048516942782378,6.5,60.00971752317712,4.5,1000.0,8181.52,Global_Kaggle_Baseline
Global Baseline,2020,Mixed Grain Baseline,1625.62,37.881658442645936,32.88,43.88,65.0,18.5,59.95163987430129,19.84963531031917,16.081125841725942,6.5,64.94521642604946,4.5,1000.0,8033.46,Global_Kaggle_Baseline
Global Baseline,2020,Mixed Grain Baseline,1618.71,36.23886286964336,31.24,42.24,65.0,18.5,70.06977325974562,20.035908144251835,18.157797172574917,6.5,60.14067545942491,4.5,1000.0,8002.75,Global_Kaggle_Baseline
Global Baseline,2020,Mixed Grain Baseline,1628.48,37.94811588312212,32.95,43.95,65.0,18.5,60.05854963083871,19.948673017989957,16.05754155984911,6.5,64.8360353763777,4.5,1000.0,8014.12,Global_Kaggle_Baseline
Global Baseline,2020,Mixed Grain Baseline,1665.53,37.87252208452032,32.87,43.87,65.0,18.5,67.99792201582208,22.036584486949337,18.021386051929333,6.5,60.10043458679853,4.5,1000.0,7786.58,Global_Kaggle_Baseline
Global Baseline,2020,Mixed Grain Baseline,1707.72,38.79535222164543,33.8,44.8,65.0,18.5,69.97672658708886,20.04739482613709,16.999579492484035,6.5,60.02905558055165,4.5,1000.0,8086.23,Global_Kaggle_Baseline
Global Baseline,2020,Mixed Grain Baseline,1677.08,38.20957936057916,33.21,44.21,65.0,18.5,67.94813742003915,21.970293750332363,18.2489894491992,6.5,59.968834974053046,4.5,1000.0,7873.26,Global_Kaggle_Baseline
Global Baseline,2020,Mixed Grain Baseline,1671.68,38.04171108828061,33.04,44.04,65.0,18.5,68.04344684324236,21.857554217925017,18.09477871693626,6.5,60.02819467073877,4.5,1000.0,7853.92,Global_Kaggle_Baseline
Global Baseline,2020,Mixed Grain Baseline,1637.83,38.20140662795583,33.2,44.2,65.0,18.5,60.1563912733793,19.88984193475288,15.895834970005962,6.5,64.93803438979208,4.5,1000.0,7759.01,Global_Kaggle_Baseline
Global Baseline,2020,Mixed Grain Baseline,1621.43,36.063899021534304,31.06,42.06,65.0,18.5,71.83867156750576,24.909673774313728,18.120153720424494,6.5,70.06432912658562,4.5,1000.0,8014.39,Global_Kaggle_Baseline
Global Baseline,2020,Mixed Grain Baseline,1628.4,37.06807616603839,32.07,43.07,65.0,18.5,66.20277756724028,22.00823618623284,17.982779825003607,6.5,58.184535018601785,4.5,1000.0,8033.66,Global_Kaggle_Baseline
Global Baseline,2020,Mixed Grain Baseline,1614.47,35.85847483256874,30.86,41.86,65.0,18.5,71.88399114403585,25.074056035566347,18.003308909967963,6.5,70.08022229258854,4.5,1000.0,8042.3,Global_Kaggle_Baseline
Global Baseline,2020,Mixed Grain Baseline,1619.53,35.99409036637806,30.99,41.99,65.0,18.5,71.9480035185771,25.088947221442783,18.10496432098648,6.5,70.0375405760756,4.5,1000.0,7962.74,Global_Kaggle_Baseline
Global Baseline,2020,Mixed Grain Baseline,1627.29,36.20372581197023,31.2,42.2,65.0,18.5,72.03184996956377,24.91971180549166,18.045238246338236,6.5,69.96495156021614,4.5,1000.0,7948.15,Global_Kaggle_Baseline
Global Baseline,2020,Mixed Grain Baseline,1633.1,38.08834689686402,33.09,44.09,65.0,18.5,60.000640797956166,20.09931535145135,15.839109257512558,6.5,64.89688414821042,4.5,1000.0,7877.52,Global_Kaggle_Baseline
Global Baseline,2020,Mixed Grain Baseline,1612.68,36.08274345329889,31.08,42.08,65.0,18.5,69.95631625130346,19.931818949502546,18.046328234986028,6.5,59.90564281014102,4.5,1000.0,8019.13,Global_Kaggle_Baseline
Global Baseline,2020,Mixed Grain Baseline,1624.71,36.98376500124936,31.98,42.98,65.0,18.5,66.05505009369972,22.02323385011719,18.034758817375764,6.5,57.911899657774825,4.5,1000.0,8232.29,Global_Kaggle_Baseline
Global Baseline,2020,Mixed Grain Baseline,1714.17,38.97666061562777,33.98,44.98,65.0,18.5,69.99689889555916,20.129374707934414,17.069497641589656,6.5,60.02786687640061,4.5,1000.0,7956.88,Global_Kaggle_Baseline
Global Baseline,2020,Mixed Grain Baseline,1405.0,29.0,24.0,35.0,65.0,18.5,78.0,22.0,19.0,6.5,75.0,4.5,1000.0,11000.0,Global_Kaggle_Baseline
Global Baseline,2020,Mixed Grain Baseline,1340.0,27.0,22.0,33.0,65.0,18.5,79.0,22.0,19.0,6.5,80.0,4.5,1000.0,11000.0,Global_Kaggle_Baseline
Global Baseline,2020,Mixed Grain Baseline,1365.0,28.0,23.0,34.0,65.0,18.5,77.0,21.0,20.0,6.5,71.0,4.5,1000.0,11000.0,Global_Kaggle_Baseline
Global Baseline,2020,Mixed Grain Baseline,1410.0,29.0,24.0,35.0,65.0,18.5,79.0,23.0,20.0,6.5,79.0,4.5,1000.0,11000.0,Global_Kaggle_Baseline
Global Baseline,2020,Mixed Grain Baseline,1190.0,24.0,19.0,30.0,65.0,18.5,70.0,22.0,18.0,6.5,70.0,4.5,1000.0,11000.0,Global_Kaggle_Baseline
Global Baseline,2020,Mixed Grain Baseline,1360.0,28.0,23.0,34.0,65.0,18.5,76.0,23.0,20.0,6.5,77.0,4.5,1000.0,11000.0,Global_Kaggle_Baseline
Global Baseline,2020,Mixed Grain Baseline,1285.0,26.0,21.0,32.0,65.0,18.5,75.0,24.0,19.0,6.5,76.0,4.5,1000.0,11000.0,Global_Kaggle_Baseline
Global Baseline,2020,Mixed Grain Baseline,1285.0,26.0,21.0,32.0,65.0,18.5,75.0,21.0,20.0,6.5,80.0,4.5,1000.0,11000.0,Global_Kaggle_Baseline
Global Baseline,2020,Mixed Grain Baseline,1285.0,26.0,21.0,32.0,65.0,18.5,75.0,24.0,19.0,6.5,76.0,4.5,1000.0,11000.0,Global_Kaggle_Baseline
Global Baseline,2020,Mixed Grain Baseline,1365.0,28.0,23.0,34.0,65.0,18.5,77.0,23.0,21.0,6.5,78.0,4.5,1000.0,11000.0,Global_Kaggle_Baseline
Global Baseline,2020,Mixed Grain Baseline,1355.0,28.0,23.0,34.0,65.0,18.5,75.0,23.0,22.0,6.5,78.0,4.5,1000.0,11000.0,Global_Kaggle_Baseline
Global Baseline,2020,Mixed Grain Baseline,1300.0,26.0,21.0,32.0,65.0,18.5,78.0,23.0,19.0,6.5,80.0,4.5,1000.0,11000.0,Global_Kaggle_Baseline
Global Baseline,2020,Mixed Grain Baseline,1235.0,24.0,19.0,30.0,65.0,18.5,79.0,22.0,19.0,6.5,79.0,4.5,1000.0,11000.0,Global_Kaggle_Baseline
Global Baseline,2020,Mixed Grain Baseline,1335.0,27.0,22.0,33.0,65.0,18.5,78.0,21.0,20.0,6.5,77.0,4.5,1000.0,11000.0,Global_Kaggle_Baseline
Global Baseline,2020,Mixed Grain Baseline,1355.0,28.0,23.0,34.0,65.0,18.5,75.0,24.0,19.0,6.5,73.0,4.5,1000.0,11000.0,Global_Kaggle_Baseline
Global Baseline,2020,Mixed Grain Baseline,1250.0,25.0,20.0,31.0,65.0,18.5,75.0,22.0,19.0,6.5,77.0,4.5,1000.0,11000.0,Global_Kaggle_Baseline
Global Baseline,2020,Mixed Grain Baseline,1340.0,27.0,22.0,33.0,65.0,18.5,79.0,21.0,20.0,6.5,75.0,4.5,1000.0,11000.0,Global_Kaggle_Baseline
Global Baseline,2020,Mixed Grain Baseline,1325.0,27.0,22.0,33.0,65.0,18.5,76.0,21.0,19.0,6.5,75.0,4.5,1000.0,11000.0,Global_Kaggle_Baseline
Global Baseline,2020,Mixed Grain Baseline,1320.0,27.0,22.0,33.0,65.0,18.5,75.0,23.0,20.0,6.5,75.0,4.5,1000.0,11000.0,Global_Kaggle_Baseline
Global Baseline,2020,Mixed Grain Baseline,1365.0,28.0,23.0,34.0,65.0,18.5,77.0,23.0,19.0,6.5,75.0,4.5,1000.0,11000.0,Global_Kaggle_Baseline
Global Baseline,2020,Mixed Grain Baseline,1355.0,28.0,23.0,34.0,65.0,18.5,75.0,23.0,20.0,6.5,75.0,4.5,1000.0,11000.0,Global_Kaggle_Baseline
Global Baseline,2020,Mixed Grain Baseline,1361.91,27.91013676126372,22.91,33.91,65.0,18.5,77.01011418489612,22.9486643340141,20.959077470410755,6.5,77.90421513570146,4.5,1000.0,10865.27,Global_Kaggle_Baseline
Global Baseline,2020,Mixed Grain Baseline,1355.1,27.877645507975995,22.88,33.88,65.0,18.5,75.87594117374026,23.056572190105555,20.040224238185655,6.5,76.90699676931911,4.5,1000.0,10788.96,Global_Kaggle_Baseline
Global Baseline,2020,Mixed Grain Baseline,1287.68,26.068223957464152,21.07,32.07,65.0,18.5,75.05808628171941,24.035088699494757,19.02936183118873,6.5,76.02121689308562,4.5,1000.0,10904.9,Global_Kaggle_Baseline
Global Baseline,2020,Mixed Grain Baseline,1415.1,29.130724558519816,24.13,35.13,65.0,18.5,79.10398266507546,22.937265055249014,20.1601732495573,6.5,78.9279293899627,4.5,1000.0,10998.26,Global_Kaggle_Baseline
Global Baseline,2020,Mixed Grain Baseline,1364.7,27.979619713309948,22.98,33.98,65.0,18.5,77.08171962274054,23.1276622987674,19.04463238631498,6.5,74.93876714865412,4.5,1000.0,10956.34,Global_Kaggle_Baseline
Global Baseline,2020,Mixed Grain Baseline,1333.85,26.966178710167977,21.97,32.97,65.0,18.5,78.00613765024751,21.08393030397056,19.905788215970787,6.5,76.91208681388702,4.5,1000.0,11127.55,Global_Kaggle_Baseline
Global Baseline,2020,Mixed Grain Baseline,1324.31,26.954743283962664,21.95,32.95,65.0,18.5,76.17805860259443,21.0251924774862,19.0287500690999,6.5,74.95610480290513,4.5,1000.0,10820.34,Global_Kaggle_Baseline
Global Baseline,2020,Mixed Grain Baseline,1189.14,23.962661903806037,18.96,29.96,65.0,18.5,70.09008268209097,21.876536346016778,18.024865150301025,6.5,70.0645015370017,4.5,1000.0,11015.54,Global_Kaggle_Baseline
Global Baseline,2020,Mixed Grain Baseline,1355.34,28.0264852149559,23.03,34.03,65.0,18.5,74.88296744339918,24.04708004235836,18.971080305106373,6.5,72.91788505987189,4.5,1000.0,11066.88,Global_Kaggle_Baseline
Global Baseline,2020,Mixed Grain Baseline,1363.9,27.97364612663189,22.97,33.97,65.0,18.5,76.96484902261199,23.05855493885377,19.05089052822552,6.5,75.02052417196165,4.5,1000.0,10959.6,Global_Kaggle_Baseline
Global Baseline,2020,Mixed Grain Baseline,1191.07,24.00888991032478,19.01,30.01,65.0,18.5,70.15263588419283,22.05808004218954,17.932277815382406,6.5,69.86223153835611,4.5,1000.0,10994.04,Global_Kaggle_Baseline
Global Baseline,2020,Mixed Grain Baseline,1364.44,27.999794836797182,23.0,34.0,65.0,18.5,76.88938746477521,21.023556397043187,19.85488583968257,6.5,70.81352817875516,4.5,1000.0,10962.05,Global_Kaggle_Baseline
Global Baseline,2020,Mixed Grain Baseline,1353.04,27.950944185110284,22.95,33.95,65.0,18.5,74.95219196309068,23.06564664373788,20.008724131250435,6.5,75.10065913684635,4.5,1000.0,11091.41,Global_Kaggle_Baseline
Global Baseline,2020,Mixed Grain Baseline,1357.49,27.79339199007325,22.79,33.79,65.0,18.5,76.94432008958373,22.996699215795307,21.1071897683434,6.5,77.9392477778909,4.5,1000.0,11164.71,Global_Kaggle_Baseline
Global Baseline,2020,Mixed Grain Baseline,1360.85,28.171018427132367,23.17,34.17,65.0,18.5,74.97237638731137,23.11977026295774,20.088753003013174,6.5,74.90978671170132,4.5,1000.0,10879.82,Global_Kaggle_Baseline
Global Baseline,2020,Mixed Grain Baseline,1367.55,28.06967105721612,23.07,34.07,65.0,18.5,77.02184663323582,23.01747730144103,20.878747093547545,6.5,77.89315558852498,4.5,1000.0,10979.33,Global_Kaggle_Baseline
Global Baseline,2020,Mixed Grain Baseline,1363.95,27.947307167632992,22.95,33.95,65.0,18.5,77.15879641966572,20.805483776536956,20.01801292063796,6.5,71.04065386469084,4.5,1000.0,11064.27,Global_Kaggle_Baseline
Global Baseline,2020,Mixed Grain Baseline,1357.3,28.034436692458502,23.03,34.03,65.0,18.5,75.21795158611451,23.964081132917823,18.92780232944179,6.5,72.87999072694582,4.5,1000.0,11136.66,Global_Kaggle_Baseline
Global Baseline,2020,Mixed Grain Baseline,1366.52,28.04434200857772,23.04,34.04,65.0,18.5,76.99335672441084,22.98608008461582,19.06633638141826,6.5,74.96888060859789,4.5,1000.0,11088.9,Global_Kaggle_Baseline
Global Baseline,2020,Mixed Grain Baseline,1349.9,27.850871755384304,22.85,33.85,65.0,18.5,75.02479124242718,23.24113108998326,19.950934622295687,6.5,75.02037254913925,4.5,1000.0,11212.78,Global_Kaggle_Baseline
Global Baseline,2020,Mixed Grain Baseline,1237.58,24.08295779949417,19.08,30.08,65.0,18.5,78.93496955346,22.129782420306856,18.876299079559296,6.5,78.96001848562237,4.5,1000.0,10950.44,Global_Kaggle_Baseline
Global Baseline,2020,Mixed Grain Baseline,1186.04,23.884573520211497,18.88,29.88,65.0,18.5,70.01678870516844,22.03323465522965,17.853260629958665,6.5,70.12003548492652,4.5,1000.0,10985.04,Global_Kaggle_Baseline
Global Baseline,2020,Mixed Grain Baseline,1338.07,27.10037528676709,22.1,33.1,65.0,18.5,77.91183300810985,20.899653554342294,19.975752288465166,6.5,77.10603775923121,4.5,1000.0,11051.42,Global_Kaggle_Baseline
Global Baseline,2020,Mixed Grain Baseline,1190.29,24.0001977146669,19.0,30.0,65.0,18.5,70.05567866898343,22.06160666804032,17.968910550704482,6.5,69.94841811900834,4.5,1000.0,11324.77,Global_Kaggle_Baseline
Global Baseline,2020,Mixed Grain Baseline,1351.43,27.893504694401894,22.89,33.89,65.0,18.5,75.03230662792699,22.993894276140537,20.08252917605572,6.5,74.79782271313238,4.5,1000.0,10947.11,Global_Kaggle_Baseline
Global Baseline,2020,Mixed Grain Baseline,1412.88,29.07707516186553,24.08,35.08,65.0,18.5,79.03722853596973,22.903723932938533,19.894793530773757,6.5,78.99167728734882,4.5,1000.0,11064.31,Global_Kaggle_Baseline
Global Baseline,2020,Mixed Grain Baseline,1346.53,27.165935338526825,22.17,33.17,65.0,18.5,79.14481283891008,21.13963250175264,20.2307573063769,6.5,75.11423488480801,4.5,1000.0,11041.04,Global_Kaggle_Baseline
Global Baseline,2020,Mixed Grain Baseline,1367.59,28.09118469956673,23.09,34.09,65.0,18.5,76.88029479775132,22.966036626117425,19.00218357559762,6.5,74.96725754513223,4.5,1000.0,11161.12,Global_Kaggle_Baseline
Global Baseline,2020,Mixed Grain Baseline,1370.81,28.160135073947053,23.16,34.16,65.0,18.5,77.0411528358643,20.987489992959624,19.94256406822621,6.5,71.00151449111031,4.5,1000.0,10989.41,Global_Kaggle_Baseline
Global Baseline,2020,Mixed Grain Baseline,1364.87,28.00395908410693,23.0,34.0,65.0,18.5,76.94723765517162,22.96101357538977,21.070192448872827,6.5,78.14172452940804,4.5,1000.0,10912.19,Global_Kaggle_Baseline
Global Baseline,2020,Mixed Grain Baseline,1285.31,25.99082755637447,20.99,31.99,65.0,18.5,75.12687903471094,23.93484039800483,19.10092970049257,6.5,76.01419190218108,4.5,1000.0,10929.28,Global_Kaggle_Baseline
Global Baseline,2020,Mixed Grain Baseline,1298.08,25.95532355442769,20.96,31.96,65.0,18.5,77.9284053576738,23.14054938297306,19.070071282544,6.5,80.10615759530731,4.5,1000.0,10959.1,Global_Kaggle_Baseline
Global Baseline,2020,Mixed Grain Baseline,1355.15,28.01103430635901,23.01,34.01,65.0,18.5,74.95283867107071,23.02630390281322,20.18101497908095,6.5,74.95336034618339,4.5,1000.0,11080.89,Global_Kaggle_Baseline
Global Baseline,2020,Mixed Grain Baseline,1287.94,26.0821072405041,21.08,32.08,65.0,18.5,75.01392811471186,23.974096489128264,18.957599072615157,6.5,76.14017127065709,4.5,1000.0,11067.45,Global_Kaggle_Baseline
Global Baseline,2020,Mixed Grain Baseline,1347.07,27.808318268872657,22.81,33.81,65.0,18.5,74.75525861193657,22.98295891442148,22.02375828100101,6.5,77.98591770006443,4.5,1000.0,10864.09,Global_Kaggle_Baseline
Global Baseline,2020,Mixed Grain Baseline,1352.62,27.953002029759524,22.95,33.95,65.0,18.5,74.85257797977624,23.001357767848816,21.64735585253637,6.5,78.0296758234035,4.5,1000.0,11010.6,Global_Kaggle_Baseline
Global Baseline,2020,Mixed Grain Baseline,1357.26,27.93908389877391,22.94,33.94,65.0,18.5,75.87802897129933,23.06258190361942,19.94070515928282,6.5,77.16411605526054,4.5,1000.0,11012.7,Global_Kaggle_Baseline
Global Baseline,2020,Mixed Grain Baseline,1194.2,24.0934660210108,19.09,30.09,65.0,18.5,70.18510828340156,21.921306417876902,18.01612400353017,6.5,70.10380851783766,4.5,1000.0,10887.48,Global_Kaggle_Baseline
Global Baseline,2020,Mixed Grain Baseline,1323.6,27.105860474417295,22.11,33.11,65.0,18.5,74.97997469772459,23.03178465952391,20.070744836133333,6.5,75.09323375045504,4.5,1000.0,11017.97,Global_Kaggle_Baseline
Global Baseline,2020,Mixed Grain Baseline,1288.47,26.11202685694517,21.11,32.11,65.0,18.5,74.90950980009143,24.138072384810823,19.026764881114588,6.5,75.77048970719186,4.5,1000.0,11167.86,Global_Kaggle_Baseline
Global Baseline,2020,Mixed Grain Baseline,1365.35,28.010324822796186,23.01,34.01,65.0,18.5,76.99695766703485,23.03778763523305,20.932161636716657,6.5,78.00169040515054,4.5,1000.0,10992.06,Global_Kaggle_Baseline
Global Baseline,2020,Mixed Grain Baseline,1286.7,26.037633613886367,21.04,32.04,65.0,18.5,75.07698552662055,24.157538353894807,18.9301863006028,6.5,75.91424674101583,4.5,1000.0,10907.85,Global_Kaggle_Baseline
Global Baseline,2020,Mixed Grain Baseline,1232.0,23.89927430734124,18.9,29.9,65.0,18.5,79.10441984227865,22.026378021333727,19.066890375463576,6.5,79.0133288390994,4.5,1000.0,11097.36,Global_Kaggle_Baseline
Global Baseline,2020,Mixed Grain Baseline,1235.9,24.0350215838804,19.04,30.04,65.0,18.5,78.93442890895712,21.925095255007324,18.888034401569,6.5,79.00257215595235,4.5,1000.0,11031.49,Global_Kaggle_Baseline
Global Baseline,2020,Mixed Grain Baseline,1397.58,28.803952815343784,23.8,34.8,65.0,18.5,77.887913722052,21.98055645659274,18.94036791173985,6.5,74.92765551894234,4.5,1000.0,10987.92,Global_Kaggle_Baseline
Global Baseline,2020,Mixed Grain Baseline,1322.41,26.92121579033191,21.92,32.92,65.0,18.5,76.03414657551846,21.129064231426995,19.00209836515597,6.5,75.06157035531041,4.5,1000.0,11004.16,Global_Kaggle_Baseline
Global Baseline,2020,Mixed Grain Baseline,1282.88,25.94528159694873,20.95,31.95,65.0,18.5,74.9597036525926,24.18360348472198,18.949602973015864,6.5,76.00344327267285,4.5,1000.0,11022.55,Global_Kaggle_Baseline
Global Baseline,2020,Mixed Grain Baseline,1366.47,28.060105885840443,23.06,34.06,65.0,18.5,76.87339234928923,22.90896009686816,21.06382589768147,6.5,77.99114926007447,4.5,1000.0,10740.97,Global_Kaggle_Baseline
Global Baseline,2020,Mixed Grain Baseline,1367.69,28.06663322849317,23.07,34.07,65.0,18.5,77.07102264221109,20.96941869259602,20.142056786070643,6.5,70.98140321112211,4.5,1000.0,10817.71,Global_Kaggle_Baseline
Global Baseline,2020,Mixed Grain Baseline,1283.06,25.954157370861,20.95,31.95,65.0,18.5,74.93355086953703,24.15269187197126,19.01491370253675,6.5,75.86341061317123,4.5,1000.0,11182.28,Global_Kaggle_Baseline
Global Baseline,2020,Mixed Grain Baseline,1248.24,24.95998050679204,19.96,30.96,65.0,18.5,74.92819560906491,21.9824823958619,18.99647681999896,6.5,77.03735638155726,4.5,1000.0,10917.25,Global_Kaggle_Baseline
Global Baseline,2020,Mixed Grain Baseline,1227.1,23.7713100984753,18.77,29.77,65.0,18.5,79.02084702087481,21.936385370502155,19.149511300496783,6.5,78.87075661318333,4.5,1000.0,11136.46,Global_Kaggle_Baseline
Global Baseline,2020,Mixed Grain Baseline,1231.02,23.89594440397313,18.9,29.9,65.0,18.5,78.93310875765492,21.98755571114825,18.940896730869337,6.5,78.76482036782926,4.5,1000.0,10930.67,Global_Kaggle_Baseline
Global Baseline,2020,Mixed Grain Baseline,1281.69,25.910326697022835,20.91,31.91,65.0,18.5,74.96589855376686,23.983751683933843,18.979021342370388,6.5,76.05361994106056,4.5,1000.0,10955.77,Global_Kaggle_Baseline
Global Baseline,2020,Mixed Grain Baseline,1282.51,25.95296506124484,20.95,31.95,65.0,18.5,74.83137604608089,20.831321832172087,20.069841737418717,6.5,79.87162531358022,4.5,1000.0,10981.74,Global_Kaggle_Baseline
Global Baseline,2020,Mixed Grain Baseline,1326.46,26.76737698483468,21.77,32.77,65.0,18.5,77.92013053996858,21.0170686500152,20.019480067340268,6.5,76.87572877687116,4.5,1000.0,11143.48,Global_Kaggle_Baseline
Global Baseline,2020,Mixed Grain Baseline,1323.03,27.085792931852737,22.09,33.09,65.0,18.5,75.00610136418415,23.053908556199808,19.996790613358847,6.5,75.0012925853592,4.5,1000.0,10919.17,Global_Kaggle_Baseline
Global Baseline,2020,Mixed Grain Baseline,1350.47,27.871077277107386,22.87,33.87,65.0,18.5,74.99681629453212,23.0014585247861,19.886126188116062,6.5,75.01116273463089,4.5,1000.0,10890.51,Global_Kaggle_Baseline
Global Baseline,2020,Mixed Grain Baseline,1365.07,28.009482670438995,23.01,34.01,65.0,18.5,76.94861720740123,23.04028437915457,21.04687208505421,6.5,77.78976876160547,4.5,1000.0,10974.56,Global_Kaggle_Baseline
Global Baseline,2020,Mixed Grain Baseline,1334.74,26.983777059479365,21.98,32.98,65.0,18.5,78.06108211125449,21.044596762172677,20.223765180925653,6.5,76.78656603082398,4.5,1000.0,10920.15,Global_Kaggle_Baseline
Global Baseline,2020,Mixed Grain Baseline,1323.18,27.095281143849142,22.1,33.1,65.0,18.5,74.96928349702434,22.957941192120828,20.120435190291747,6.5,75.03177615962451,4.5,1000.0,11072.08,Global_Kaggle_Baseline
Global Baseline,2020,Mixed Grain Baseline,1339.05,26.975854366315392,21.98,32.98,65.0,18.5,78.9786125138426,20.946915464802988,19.79995883800364,6.5,74.76039992296192,4.5,1000.0,10819.57,Global_Kaggle_Baseline
Global Baseline,2020,Mixed Grain Baseline,1357.18,28.07226011301419,23.07,34.07,65.0,18.5,74.92964590373988,24.073455273944944,18.930325556103934,6.5,72.99880144271566,4.5,1000.0,11132.28,Global_Kaggle_Baseline
Global Baseline,2020,Mixed Grain Baseline,1362.37,28.042167944232084,23.04,34.04,65.0,18.5,76.17964936575197,22.963819997654248,20.146047345494136,6.5,76.98477884599532,4.5,1000.0,11149.6,Global_Kaggle_Baseline
Global Baseline,2020,Mixed Grain Baseline,1253.51,25.111267637241177,20.11,31.11,65.0,18.5,74.92230224345089,22.01337646758032,19.051133413755277,6.5,76.97412880870976,4.5,1000.0,10863.51,Global_Kaggle_Baseline
Global Baseline,2020,Mixed Grain Baseline,1288.67,26.101055126219496,21.1,32.1,65.0,18.5,75.02741179405918,24.134405853572897,18.932876022035,6.5,75.92280692489673,4.5,1000.0,11103.31,Global_Kaggle_Baseline
Global Baseline,2020,Mixed Grain Baseline,1344.48,27.70657146204009,22.71,33.71,65.0,18.5,74.94913878527656,23.959580757797976,18.96584544069992,6.5,72.98402619398482,4.5,1000.0,10966.17,Global_Kaggle_Baseline
Global Baseline,2020,Mixed Grain Baseline,1357.79,28.08574856535394,23.09,34.09,65.0,18.5,74.95732419967193,23.055519584133137,21.907374195441363,6.5,78.17860876552558,4.5,1000.0,10876.47,Global_Kaggle_Baseline
Global Baseline,2020,Mixed Grain Baseline,1338.01,26.929109155364294,21.93,32.93,65.0,18.5,79.09866331165163,22.21710906143448,18.93340512193433,6.5,80.12535339705843,4.5,1000.0,10960.89,Global_Kaggle_Baseline
Global Baseline,2020,Mixed Grain Baseline,1191.72,24.04415503531325,19.04,30.04,65.0,18.5,70.03406295099487,22.160580348767937,17.91379952506222,6.5,70.06903928001539,4.5,1000.0,11032.18,Global_Kaggle_Baseline
Global Baseline,2020,Mixed Grain Baseline,1353.1,27.961023304221992,22.96,33.96,65.0,18.5,74.89257856195017,23.052349806588712,19.983344025828124,6.5,74.947348851634,4.5,1000.0,11110.53,Global_Kaggle_Baseline
Global Baseline,2020,Mixed Grain Baseline,1397.71,28.774656090625182,23.77,34.77,65.0,18.5,78.11969893526035,22.144770841071526,18.971346194241875,6.5,74.86614001821512,4.5,1000.0,11203.36,Global_Kaggle_Baseline
Global Baseline,2020,Mixed Grain Baseline,1371.14,28.1651366595348,23.17,34.17,65.0,18.5,77.07278438659513,23.014811407267963,21.039110056160663,6.5,78.04985814761646,4.5,1000.0,11063.23,Global_Kaggle_Baseline
Global Baseline,2020,Mixed Grain Baseline,1360.76,27.907522172254776,22.91,33.91,65.0,18.5,76.79892851428527,22.995321383645454,21.003496910591817,6.5,77.99031282406085,4.5,1000.0,10905.22,Global_Kaggle_Baseline
Global Baseline,2020,Mixed Grain Baseline,1320.81,26.880744864393236,21.88,32.88,65.0,18.5,75.99711807781193,21.07771058461489,18.99003445176532,6.5,75.03552338090651,4.5,1000.0,11118.84,Global_Kaggle_Baseline
Global Baseline,2020,Mixed Grain Baseline,1335.61,26.86886483592761,21.87,32.87,65.0,18.5,79.04046275600271,20.86833208195253,19.93696831331492,6.5,75.01939741643749,4.5,1000.0,10982.54,Global_Kaggle_Baseline
Global Baseline,2020,Mixed Grain Baseline,1352.31,27.91327991103732,22.91,33.91,65.0,18.5,75.06911835530693,23.061181598733448,19.954764371920945,6.5,74.92663920566557,4.5,1000.0,10923.47,Global_Kaggle_Baseline
Global Baseline,2020,Mixed Grain Baseline,1402.66,28.930398831932223,23.93,34.93,65.0,18.5,78.01865597347927,22.02730165233308,18.958376174692216,6.5,74.98181186104925,4.5,1000.0,11053.07,Global_Kaggle_Baseline
Global Baseline,2020,Mixed Grain Baseline,1368.77,28.100867674681343,23.1,34.1,65.0,18.5,77.04798920471616,23.07682644332342,19.03407302155169,6.5,74.72537098653726,4.5,1000.0,10926.29,Global_Kaggle_Baseline
Global Baseline,2020,Mixed Grain Baseline,1355.19,27.99874690489402,23.0,34.0,65.0,18.5,75.046684945244,23.98664547230202,18.97845538350306,6.5,72.97065822205599,4.5,1000.0,11114.32,Global_Kaggle_Baseline
Global Baseline,2020,Mixed Grain Baseline,1240.36,24.144186630478323,19.14,30.14,65.0,18.5,79.0635063662646,22.03799520283664,18.98914559817256,6.5,79.01030706397601,4.5,1000.0,11016.11,Global_Kaggle_Baseline
Global Baseline,2020,Mixed Grain Baseline,1189.05,23.959540289039985,18.96,29.96,65.0,18.5,70.09337068499782,22.00786935668949,18.10502801405369,6.5,70.1492696531359,4.5,1000.0,11063.27,Global_Kaggle_Baseline
Global Baseline,2020,Mixed Grain Baseline,1314.83,26.850564249354388,21.85,32.85,65.0,18.5,75.01206300556207,22.86965909237609,20.082019366721248,6.5,74.99083836148195,4.5,1000.0,10864.58,Global_Kaggle_Baseline
Global Baseline,2020,Mixed Grain Baseline,1350.19,27.27849923515649,22.28,33.28,65.0,18.5,79.08778826827273,22.020547515222937,19.045693759061027,6.5,80.19144492058547,4.5,1000.0,10903.58,Global_Kaggle_Baseline
Global Baseline,2020,Mixed Grain Baseline,1349.45,27.82202648972972,22.82,33.82,65.0,18.5,75.13641063621009,23.062766411953387,21.885397504520597,6.5,77.94086920675181,4.5,1000.0,11109.62,Global_Kaggle_Baseline
Global Baseline,2020,Mixed Grain Baseline,1325.55,27.00996091338429,22.01,33.01,65.0,18.5,76.03973000199962,20.99910606403306,19.046700470051213,6.5,74.84212238873363,4.5,1000.0,11114.76,Global_Kaggle_Baseline
Global Baseline,2020,Mixed Grain Baseline,1284.78,25.988127726173868,20.99,31.99,65.0,18.5,75.03902766633223,23.925556577583613,18.900437995370837,6.5,76.03353536028989,4.5,1000.0,10841.62,Global_Kaggle_Baseline
Global Baseline,2020,Mixed Grain Baseline,1323.07,27.118894569187862,22.12,33.12,65.0,18.5,74.78076346346576,22.965337177143613,19.97308240820177,6.5,74.99386163200802,4.5,1000.0,10938.06,Global_Kaggle_Baseline
Global Baseline,2020,Mixed Grain Baseline,1192.7,24.072983653881654,19.07,30.07,65.0,18.5,70.02895071739135,22.061954352536294,17.973379806349943,6.5,69.97672490936998,4.5,1000.0,11016.83,Global_Kaggle_Baseline
Global Baseline,2020,Mixed Grain Baseline,1337.12,26.92657364087441,21.93,32.93,65.0,18.5,78.93752311200943,22.09813936261985,19.130834255265025,6.5,80.04806973492433,4.5,1000.0,11062.64,Global_Kaggle_Baseline
Global Baseline,2020,Mixed Grain Baseline,1340.82,27.02367091431202,22.02,33.02,65.0,18.5,78.99920531489643,22.10780127159608,19.068551237370816,6.5,79.80371225268898,4.5,1000.0,11081.51,Global_Kaggle_Baseline
Global Baseline,2020,Mixed Grain Baseline,1233.07,23.912870334226227,18.91,29.91,65.0,18.5,79.22476373413572,21.93500665487977,19.132516519150183,6.5,78.96969775602157,4.5,1000.0,11174.81,Global_Kaggle_Baseline
Global Baseline,2020,Mixed Grain Baseline,1367.32,28.068731613767422,23.07,34.07,65.0,18.5,76.98268001113156,22.98750585264096,18.94632540576658,6.5,75.00525291806858,4.5,1000.0,10802.4,Global_Kaggle_Baseline
Global Baseline,2020,Mixed Grain Baseline,1332.53,26.9069757442763,21.91,32.91,65.0,18.5,78.15623449434024,21.119217499958012,19.8941781199566,6.5,77.16264819998736,4.5,1000.0,10825.6,Global_Kaggle_Baseline
Global Baseline,2020,Mixed Grain Baseline,1244.17,24.252776078633016,19.25,30.25,65.0,18.5,79.06505134342551,22.017790999098075,18.811130613089126,6.5,78.98178561138995,4.5,1000.0,10909.89,Global_Kaggle_Baseline
Global Baseline,2020,Mixed Grain Baseline,1361.86,27.910398576651826,22.91,33.91,65.0,18.5,76.99907540005809,21.030841278171025,20.06134944917569,6.5,71.09409358227263,4.5,1000.0,11116.15,Global_Kaggle_Baseline
Global Baseline,2020,Mixed Grain Baseline,1305.27,26.13716573527763,21.14,32.14,65.0,18.5,78.09304726788861,22.95923135862745,18.966914169638013,6.5,80.01941986650313,4.5,1000.0,11179.91,Global_Kaggle_Baseline
Global Baseline,2020,Mixed Grain Baseline,1293.17,26.21034233630206,21.21,32.21,65.0,18.5,75.16190450545156,24.009343178981705,18.89342503772672,6.5,76.0184981530474,4.5,1000.0,10861.21,Global_Kaggle_Baseline
Global Baseline,2020,Mixed Grain Baseline,1285.9,26.04837879432292,21.05,32.05,65.0,18.5,74.84222060000626,24.021803783844657,18.95488766127872,6.5,75.9461605804621,4.5,1000.0,10957.61,Global_Kaggle_Baseline
Global Baseline,2020,Mixed Grain Baseline,1361.65,27.909857412727703,22.91,33.91,65.0,18.5,76.96096194648374,20.951343255176837,20.123248084372825,6.5,71.00368658811885,4.5,1000.0,10800.5,Global_Kaggle_Baseline
Global Baseline,2020,Mixed Grain Baseline,1339.1,27.1242913650298,22.12,33.12,65.0,18.5,77.95053352982862,21.138217566123465,20.08724502083904,6.5,77.05441273683017,4.5,1000.0,11118.92,Global_Kaggle_Baseline
Global Baseline,2020,Mixed Grain Baseline,1414.88,29.139032250570946,24.14,35.14,65.0,18.5,79.00300984828736,23.075199870991693,19.95258304209436,6.5,78.75440612404171,4.5,1000.0,11104.1,Global_Kaggle_Baseline
Global Baseline,2020,Mixed Grain Baseline,1192.48,24.078942489065025,19.08,30.08,65.0,18.5,69.94312706067136,22.05513550093106,17.835396913495845,6.5,70.03598687527152,4.5,1000.0,10932.71,Global_Kaggle_Baseline
Global Baseline,2020,Mixed Grain Baseline,1187.46,23.92944653575957,18.93,29.93,65.0,18.5,69.98582765096084,22.00036179751733,18.038319480504217,6.5,69.88725126036493,4.5,1000.0,10799.23,Global_Kaggle_Baseline
Global Baseline,2020,Mixed Grain Baseline,1323.11,27.098306459495205,22.1,33.1,65.0,18.5,74.93376008654806,22.829284061208487,19.842524291930157,6.5,75.0597459889325,4.5,1000.0,11288.01,Global_Kaggle_Baseline
Global Baseline,2020,Mixed Grain Baseline,1406.08,28.886558933828955,23.89,34.89,65.0,18.5,79.00919404933886,23.054457982757658,19.910691596485027,6.5,79.03245522136073,4.5,1000.0,10810.01,Global_Kaggle_Baseline
Global Baseline,2020,Mixed Grain Baseline,1186.94,23.918757907925997,18.92,29.92,65.0,18.5,69.95750117924099,22.03449751952565,17.865962990369177,6.5,70.00180227126044,4.5,1000.0,10940.8,Global_Kaggle_Baseline
Global Baseline,2020,Mixed Grain Baseline,1289.25,26.07457885488723,21.07,32.07,65.0,18.5,75.3281175654939,23.78052902069049,19.025596563708337,6.5,75.94385962224412,4.5,1000.0,11026.76,Global_Kaggle_Baseline
Global Baseline,2020,Mixed Grain Baseline,1349.64,27.85396151284944,22.85,33.85,65.0,18.5,74.95103106036389,23.91524508054044,19.035035531351795,6.5,72.87260626076497,4.5,1000.0,11162.81,Global_Kaggle_Baseline
Global Baseline,2020,Mixed Grain Baseline,1361.2,27.894043510463952,22.89,33.89,65.0,18.5,76.98167811023072,23.04783839382614,19.03154599451716,6.5,74.92504185075916,4.5,1000.0,11090.64,Global_Kaggle_Baseline
Global Baseline,2020,Mixed Grain Baseline,1357.73,27.800341262050814,22.8,33.8,65.0,18.5,76.94362876556072,23.03588255701755,21.10627716029819,6.5,78.12836732897303,4.5,1000.0,11053.84,Global_Kaggle_Baseline
Global Baseline,2020,Mixed Grain Baseline,1353.88,27.94259105342024,22.94,33.94,65.0,18.5,75.17789089862524,22.97668558114481,21.977536264385904,6.5,78.125435513397,4.5,1000.0,10896.83,Global_Kaggle_Baseline
Global Baseline,2020,Mixed Grain Baseline,1303.62,26.10075053941767,21.1,32.1,65.0,18.5,78.01821767187454,22.944921897251344,18.97110771913981,6.5,79.77141265391147,4.5,1000.0,10917.99,Global_Kaggle_Baseline
Global Baseline,2020,Mixed Grain Baseline,1353.24,27.95903673277369,22.96,33.96,65.0,18.5,74.93456544310827,22.944128436543277,19.94505887748723,6.5,74.95286080437012,4.5,1000.0,11055.6,Global_Kaggle_Baseline
Global Baseline,2020,Mixed Grain Baseline,1338.68,26.969111623051848,21.97,32.97,65.0,18.5,78.95254247140079,22.06006266358883,19.1015469036094,6.5,79.94979905345387,4.5,1000.0,10778.46,Global_Kaggle_Baseline
Global Baseline,2020,Mixed Grain Baseline,1280.97,25.87032467720593,20.87,31.87,65.0,18.5,75.101242777841,24.001048392690777,19.02453217901018,6.5,76.07026212737628,4.5,1000.0,10993.77,Global_Kaggle_Baseline
Global Baseline,2020,Mixed Grain Baseline,1404.84,28.84154867316288,23.84,34.84,65.0,18.5,79.07682327518549,22.99559878750509,19.956624409881357,6.5,78.94894189543955,4.5,1000.0,10957.71,Global_Kaggle_Baseline
Global Baseline,2020,Mixed Grain Baseline,1360.46,28.158895303304124,23.16,34.16,65.0,18.5,74.98043211734971,23.00293298905744,22.00667761223077,6.5,77.95832141464292,4.5,1000.0,10979.81,Global_Kaggle_Baseline
Global Baseline,2020,Mixed Grain Baseline,1411.03,29.055939853123142,24.06,35.06,65.0,18.5,78.81485152574008,22.961256716857427,19.850959756149628,6.5,78.92130505021495,4.5,1000.0,11069.8,Global_Kaggle_Baseline
Global Baseline,2020,Mixed Grain Baseline,1343.22,27.088801214936257,22.09,33.09,65.0,18.5,79.02262045672278,20.99793037596203,20.059352940647603,6.5,75.13165548815512,4.5,1000.0,11148.43,Global_Kaggle_Baseline
Global Baseline,2020,Mixed Grain Baseline,1363.4,27.938904829959878,22.94,33.94,65.0,18.5,77.10751965446336,21.042461896400084,20.105312800217536,6.5,70.87594932096826,4.5,1000.0,10931.89,Global_Kaggle_Baseline
Global Baseline,2020,Mixed Grain Baseline,1342.93,27.083505014357208,22.08,33.08,65.0,18.5,79.00200399101024,21.97007163017444,18.91542156949106,6.5,79.89126369769872,4.5,1000.0,11059.39,Global_Kaggle_Baseline
Global Baseline,2020,Mixed Grain Baseline,1284.02,25.96557219646113,20.97,31.97,65.0,18.5,75.04482427419505,23.915988611102133,19.016950074252435,6.5,75.87641460707687,4.5,1000.0,11163.28,Global_Kaggle_Baseline
Global Baseline,2020,Mixed Grain Baseline,1357.76,28.080205341903703,23.08,34.08,65.0,18.5,74.99084082623874,23.04019902409777,22.06466576211174,6.5,78.06824216242276,4.5,1000.0,11233.11,Global_Kaggle_Baseline
Global Baseline,2020,Mixed Grain Baseline,1287.68,26.064822670470114,21.06,32.06,65.0,18.5,75.08182709467613,24.01802891870401,19.10804066451376,6.5,75.99123664900925,4.5,1000.0,10875.25,Global_Kaggle_Baseline
Global Baseline,2020,Mixed Grain Baseline,1284.94,25.98815388917833,20.99,31.99,65.0,18.5,75.07162350795286,20.91471023955027,19.983005384825432,6.5,80.13208877229425,4.5,1000.0,11079.97,Global_Kaggle_Baseline
Global Baseline,2020,Mixed Grain Baseline,1303.26,26.087518326209995,21.09,32.09,65.0,18.5,78.0400428404923,23.021821044167385,19.03563661458458,6.5,79.90345560629693,4.5,1000.0,10840.24,Global_Kaggle_Baseline
Global Baseline,2020,Mixed Grain Baseline,1328.52,27.06845784539079,22.07,33.07,65.0,18.5,76.22412411723411,21.05201685078743,18.910665798458638,6.5,75.18887656556102,4.5,1000.0,10946.83,Global_Kaggle_Baseline
Global Baseline,2020,Mixed Grain Baseline,1282.99,25.95260868202125,20.95,31.95,65.0,18.5,74.92894507758439,21.16699275051731,19.998508426921997,6.5,79.98906558473274,4.5,1000.0,10857.85,Global_Kaggle_Baseline
Global Baseline,2020,Mixed Grain Baseline,1188.67,23.959719616889288,18.96,29.96,65.0,18.5,70.01601861079047,22.158223921636026,17.67530960615001,6.5,69.89830702640079,4.5,1000.0,10944.71,Global_Kaggle_Baseline
Global Baseline,2020,Mixed Grain Baseline,1284.8,25.991221748851387,20.99,31.99,65.0,18.5,75.0216587044843,24.13595743336981,18.97912533871635,6.5,76.01152409687154,4.5,1000.0,10937.42,Global_Kaggle_Baseline
Global Baseline,2020,Mixed Grain Baseline,1405.16,29.02521659395163,24.03,35.03,65.0,18.5,77.85630747771313,22.175749172698254,18.97801309919155,6.5,74.91298935778461,4.5,1000.0,10824.89,Global_Kaggle_Baseline
Global Baseline,2020,Mixed Grain Baseline,1368.83,28.118701146452192,23.12,34.12,65.0,18.5,76.93558304125436,22.97920887671751,20.914270839189108,6.5,77.93472426000528,4.5,1000.0,11201.73,Global_Kaggle_Baseline
Global Baseline,2020,Mixed Grain Baseline,1364.46,27.96941564128297,22.97,33.97,65.0,18.5,77.10683710007383,22.973065516209573,18.791846293642845,6.5,74.93681675786361,4.5,1000.0,11001.94,Global_Kaggle_Baseline
Global Baseline,2020,Mixed Grain Baseline,1186.72,23.93612811380045,18.94,29.94,65.0,18.5,69.79072019577582,22.043021905382727,17.921793753519342,6.5,69.98271916369487,4.5,1000.0,10970.32,Global_Kaggle_Baseline
Global Baseline,2020,Mixed Grain Baseline,1404.84,28.997586162848968,24.0,35.0,65.0,18.5,77.98427788467608,22.03744027744784,19.03601369405554,6.5,75.12934421763106,4.5,1000.0,10944.51,Global_Kaggle_Baseline
Global Baseline,2020,Mixed Grain Baseline,1369.59,28.136832802346152,23.14,34.14,65.0,18.5,76.96111777893977,21.017640587296697,19.849072230934294,6.5,71.02091681540035,4.5,1000.0,10873.04,Global_Kaggle_Baseline
Global Baseline,2020,Mixed Grain Baseline,1354.46,27.980247792154533,22.98,33.98,65.0,18.5,75.0307218814476,23.204163606296245,20.1138515530448,6.5,74.93669526421954,4.5,1000.0,10980.32,Global_Kaggle_Baseline
Global Baseline,2020,Mixed Grain Baseline,1287.67,26.073058236975506,21.07,32.07,65.0,18.5,75.02247126974002,24.04303914984811,18.98957217352813,6.5,76.06480497052394,4.5,1000.0,11046.94,Global_Kaggle_Baseline
Global Baseline,2020,Mixed Grain Baseline,1336.83,26.890549833750736,21.89,32.89,65.0,18.5,79.13164963171933,21.9960343580216,19.123809106181994,6.5,79.90740886668699,4.5,1000.0,11017.87,Global_Kaggle_Baseline
Global Baseline,2020,Mixed Grain Baseline,1368.45,28.13149488181108,23.13,34.13,65.0,18.5,76.7702931174532,20.90239505947901,19.91289216727356,6.5,70.86062651125498,4.5,1000.0,10975.12,Global_Kaggle_Baseline
Global Baseline,2020,Mixed Grain Baseline,1284.08,25.990068233396823,20.99,31.99,65.0,18.5,74.88609723921628,20.956697302211957,19.75879982909585,6.5,80.1152513505217,4.5,1000.0,11204.47,Global_Kaggle_Baseline
Global Baseline,2020,Mixed Grain Baseline,1410.18,29.006581047326325,24.01,35.01,65.0,18.5,78.9896418205713,23.037865510787952,19.883104344107945,6.5,78.97979344172313,4.5,1000.0,11063.02,Global_Kaggle_Baseline
Global Baseline,2020,Mixed Grain Baseline,1318.8,26.971628089120344,21.97,32.97,65.0,18.5,74.95818593527376,22.920698090006656,19.916810898866512,6.5,74.88735108806041,4.5,1000.0,10974.05,Global_Kaggle_Baseline
Global Baseline,2020,Mixed Grain Baseline,1286.02,26.04603190472075,21.05,32.05,65.0,18.5,74.88082154327294,23.93038427459659,18.982251562162936,6.5,75.9898176818947,4.5,1000.0,11015.6,Global_Kaggle_Baseline
Global Baseline,2020,Mixed Grain Baseline,1281.72,25.92792897428759,20.93,31.93,65.0,18.5,74.84828116546394,20.848282772541644,20.061382190095383,6.5,79.84728765784931,4.5,1000.0,11032.38,Global_Kaggle_Baseline
Global Baseline,2020,Mixed Grain Baseline,1283.72,25.9465833140914,20.95,31.95,65.0,18.5,75.11730522742839,24.01183747814826,18.970931832062988,6.5,75.92353372980118,4.5,1000.0,11039.76,Global_Kaggle_Baseline
Global Baseline,2020,Mixed Grain Baseline,1285.33,26.004972935387062,21.0,32.0,65.0,18.5,75.0304832045393,23.89184747754574,19.187005776623344,6.5,75.8966923996792,4.5,1000.0,11070.06,Global_Kaggle_Baseline
Global Baseline,2020,Mixed Grain Baseline,1361.16,27.89248718593059,22.89,33.89,65.0,18.5,76.98366585797662,22.97088394090445,20.990600688439617,6.5,77.927910202328,4.5,1000.0,10993.44,Global_Kaggle_Baseline
Global Baseline,2020,Mixed Grain Baseline,1409.35,28.99047513474421,23.99,34.99,65.0,18.5,78.93757718666042,22.98875224294698,19.794241338319985,6.5,79.11914013165561,4.5,1000.0,11014.76,Global_Kaggle_Baseline
Global Baseline,2020,Mixed Grain Baseline,1325.3,27.13384576366041,22.13,33.13,65.0,18.5,75.12360074344524,22.989979256836936,19.94285302703072,6.5,74.96968228643786,4.5,1000.0,11160.36,Global_Kaggle_Baseline
Global Baseline,2020,Mixed Grain Baseline,1290.37,26.156135711160108,21.16,32.16,65.0,18.5,74.98202464724812,24.04141811916251,19.05974995737074,6.5,75.85212175924585,4.5,1000.0,10943.64,Global_Kaggle_Baseline
Global Baseline,2020,Mixed Grain Baseline,1366.09,28.03293820122156,23.03,34.03,65.0,18.5,76.98649546725936,22.758596546942243,20.85054155591544,6.5,78.10471606408103,4.5,1000.0,11147.57,Global_Kaggle_Baseline
Global Baseline,2020,Mixed Grain Baseline,1248.08,24.94565220388581,19.95,30.95,65.0,18.5,74.99714364904248,22.03536399999896,19.09929613205389,6.5,76.98720973114371,4.5,1000.0,11134.25,Global_Kaggle_Baseline
Global Baseline,2020,Mixed Grain Baseline,1299.28,25.96906433374928,20.97,31.97,65.0,18.5,78.07310926091333,23.059784263932663,19.143833227417865,6.5,79.96529587501705,4.5,1000.0,11037.77,Global_Kaggle_Baseline
Global Baseline,2020,Mixed Grain Baseline,1321.99,27.04392249468782,22.04,33.04,65.0,18.5,75.08959017278475,22.873764494896157,20.10293077388879,6.5,74.95300158451819,4.5,1000.0,11074.92,Global_Kaggle_Baseline
Global Baseline,2020,Mixed Grain Baseline,1237.41,24.069867733463717,19.07,30.07,65.0,18.5,78.992575462077,22.00293803599349,19.079044741661143,6.5,78.9390673112045,4.5,1000.0,10982.61,Global_Kaggle_Baseline
Global Baseline,2020,Mixed Grain Baseline,1365.63,28.028571880073308,23.03,34.03,65.0,18.5,76.92519869922857,22.94458488999638,18.940195893736732,6.5,74.81818311406761,4.5,1000.0,10963.7,Global_Kaggle_Baseline
Global Baseline,2020,Mixed Grain Baseline,1356.0,28.0152757700548,23.02,34.02,65.0,18.5,75.09379532476676,23.18105397372829,21.933543984896403,6.5,77.8365082192572,4.5,1000.0,10912.91,Global_Kaggle_Baseline
Global Baseline,2020,Mixed Grain Baseline,1341.58,27.01697176366346,22.02,33.02,65.0,18.5,79.19635959660432,20.97307545703486,19.896676399019587,6.5,74.91727784927994,4.5,1000.0,11009.67,Global_Kaggle_Baseline
Global Baseline,2020,Mixed Grain Baseline,1321.07,26.886022776644904,21.89,32.89,65.0,18.5,76.01179338954303,21.09588282591813,19.111891870593947,6.5,75.07156089618294,4.5,1000.0,11112.02,Global_Kaggle_Baseline
Global Baseline,2020,Mixed Grain Baseline,1356.09,28.04206670486121,23.04,34.04,65.0,18.5,74.92407119774457,22.87536095614269,21.932569302490364,6.5,77.99386261603851,4.5,1000.0,11012.35,Global_Kaggle_Baseline
Global Baseline,2020,Mixed Grain Baseline,1244.77,24.86784783251825,19.87,30.87,65.0,18.5,74.87909000034283,22.12865199979418,19.060592120156212,6.5,77.10778924013323,4.5,1000.0,10959.52,Global_Kaggle_Baseline
Global Baseline,2020,Mixed Grain Baseline,1250.54,25.03730424908163,20.04,31.04,65.0,18.5,74.84607501311696,22.06142847304561,18.817637452141376,6.5,76.94878664551636,4.5,1000.0,11118.78,Global_Kaggle_Baseline
Global Baseline,2020,Mixed Grain Baseline,1282.67,25.93718044724982,20.94,31.94,65.0,18.5,74.97355069362291,23.86586219696765,18.938121684599064,6.5,76.04513294904022,4.5,1000.0,11000.39,Global_Kaggle_Baseline
Global Baseline,2020,Mixed Grain Baseline,1298.61,25.95142339632953,20.95,31.95,65.0,18.5,78.06271094719055,23.05804340850958,18.93717113267468,6.5,79.93959324639884,4.5,1000.0,10931.17,Global_Kaggle_Baseline
Global Baseline,2020,Mixed Grain Baseline,1198.24,24.22805511805259,19.23,30.23,65.0,18.5,70.05170962859962,22.065269511185534,17.946508887618442,6.5,69.96623021871356,4.5,1000.0,11039.38,Global_Kaggle_Baseline
Global Baseline,2020,Mixed Grain Baseline,1289.55,26.12249451801606,21.12,32.12,65.0,18.5,75.05328089929974,24.023311914979907,19.038844099267763,6.5,76.0872216933682,4.5,1000.0,11066.95,Global_Kaggle_Baseline
Global Baseline,2020,Mixed Grain Baseline,1342.61,27.07381684644877,22.07,33.07,65.0,18.5,79.00541335825979,21.1626112918682,20.11164142793637,6.5,75.1105454867047,4.5,1000.0,11046.22,Global_Kaggle_Baseline
Global Baseline,2020,Mixed Grain Baseline,1189.85,24.010292381104414,19.01,30.01,65.0,18.5,69.89800728044028,22.30063797277895,18.02372336695191,6.5,70.04306843991974,4.5,1000.0,10794.3,Global_Kaggle_Baseline
Global Baseline,2020,Mixed Grain Baseline,1360.84,27.88120380125719,22.88,33.88,65.0,18.5,77.00015369897395,20.815612642238808,20.0118707488416,6.5,71.0016860044418,4.5,1000.0,11079.22,Global_Kaggle_Baseline
Global Baseline,2020,Mixed Grain Baseline,1303.52,26.112717619529025,21.11,32.11,65.0,18.5,77.91444452377145,23.042434351807252,19.138409515333738,6.5,80.1331878701248,4.5,1000.0,10941.92,Global_Kaggle_Baseline
Global Baseline,2020,Mixed Grain Baseline,1284.29,25.970058822541795,20.97,31.97,65.0,18.5,75.06724821576377,23.909067114328423,18.968715594674293,6.5,76.02372919115871,4.5,1000.0,11036.12,Global_Kaggle_Baseline
Global Baseline,2020,Mixed Grain Baseline,1253.87,25.088459091831936,20.09,31.09,65.0,18.5,75.1551464141346,21.8447795947882,19.100054690150092,6.5,77.0314084904812,4.5,1000.0,10983.11,Global_Kaggle_Baseline
Global Baseline,2020,Mixed Grain Baseline,1283.05,25.963231767094875,20.96,31.96,65.0,18.5,74.86770012992255,23.928114709015286,18.800398796121183,6.5,76.00005248208386,4.5,1000.0,11038.04,Global_Kaggle_Baseline
Global Baseline,2020,Mixed Grain Baseline,1350.64,27.87875152813021,22.88,33.88,65.0,18.5,74.97666052502363,22.85918712596768,20.01049536974501,6.5,74.87069663914131,4.5,1000.0,10927.65,Global_Kaggle_Baseline
Global Baseline,2020,Mixed Grain Baseline,1238.11,24.098680954958965,19.1,30.1,65.0,18.5,78.93071159360717,22.043925914132995,19.121894716523062,6.5,78.86871584688134,4.5,1000.0,11205.31,Global_Kaggle_Baseline
Global Baseline,2020,Mixed Grain Baseline,1406.36,29.028687578420783,24.03,35.03,65.0,18.5,78.07044677002649,22.00331714944483,19.205559282194965,6.5,75.0296178664422,4.5,1000.0,11007.27,Global_Kaggle_Baseline
Global Baseline,2020,Mixed Grain Baseline,1575.0,35.0,30.0,41.0,65.0,18.5,70.0,19.0,18.0,6.5,65.0,4.5,1000.0,9000.0,Global_Kaggle_Baseline
Global Baseline,2020,Mixed Grain Baseline,1620.0,37.0,32.0,43.0,65.0,18.5,65.0,18.0,19.0,6.5,50.0,4.5,1000.0,9000.0,Global_Kaggle_Baseline
Global Baseline,2020,Mixed Grain Baseline,1620.0,37.0,32.0,43.0,65.0,18.5,65.0,18.0,19.0,6.5,50.0,4.5,1000.0,9000.0,Global_Kaggle_Baseline
Global Baseline,2020,Mixed Grain Baseline,1620.0,37.0,32.0,43.0,65.0,18.5,65.0,18.0,19.0,6.5,50.0,4.5,1000.0,9000.0,Global_Kaggle_Baseline
Global Baseline,2020,Mixed Grain Baseline,1635.0,37.0,32.0,43.0,65.0,18.5,68.0,22.0,18.0,6.5,62.0,4.5,1000.0,9000.0,Global_Kaggle_Baseline
Global Baseline,2020,Mixed Grain Baseline,1365.0,28.0,23.0,34.0,65.0,18.5,77.0,22.0,20.0,6.5,76.0,4.5,1000.0,9000.0,Global_Kaggle_Baseline
Global Baseline,2020,Mixed Grain Baseline,1400.0,29.0,24.0,35.0,65.0,18.5,77.0,21.0,18.0,6.5,78.0,4.5,1000.0,9000.0,Global_Kaggle_Baseline
Global Baseline,2020,Mixed Grain Baseline,1370.0,28.0,23.0,34.0,65.0,18.5,78.0,23.0,20.0,6.5,77.0,4.5,1000.0,9000.0,Global_Kaggle_Baseline
Global Baseline,2020,Mixed Grain Baseline,1359.83,27.84719169295201,22.85,33.85,65.0,18.5,77.03565918033127,21.92700574378072,19.86478455124212,6.5,75.85631378852672,4.5,1000.0,8947.18,Global_Kaggle_Baseline
Global Baseline,2020,Mixed Grain Baseline,1577.86,35.09179428148456,30.09,41.09,65.0,18.5,69.92987536725626,19.009479436005115,17.946317106705457,6.5,64.98686127395257,4.5,1000.0,9034.44,Global_Kaggle_Baseline
Global Baseline,2020,Mixed Grain Baseline,1569.17,34.82668632980035,29.83,40.83,65.0,18.5,70.0467905704309,18.89580402636764,18.192816487427677,6.5,65.01974446274102,4.5,1000.0,9040.18,Global_Kaggle_Baseline
Global Baseline,2020,Mixed Grain Baseline,1618.01,36.9264891943692,31.93,42.93,65.0,18.5,65.11578817014447,17.8411519723115,18.94174493527509,6.5,50.07056413145283,4.5,1000.0,8915.77,Global_Kaggle_Baseline
Global Baseline,2020,Mixed Grain Baseline,1363.33,27.94109905440504,22.94,33.94,65.0,18.5,77.07889858832132,21.824298849270644,19.86697491755613,6.5,76.02185037074992,4.5,1000.0,8951.89,Global_Kaggle_Baseline
Global Baseline,2020,Mixed Grain Baseline,1570.57,34.87353730856967,29.87,40.87,65.0,18.5,69.99837194759697,19.117775685107336,18.203634381683717,6.5,65.03612600603307,4.5,1000.0,9224.53,Global_Kaggle_Baseline
Global Baseline,2020,Mixed Grain Baseline,1398.37,28.96127425760738,23.96,34.96,65.0,18.5,76.94605034666166,21.079756735894264,17.952404929941622,6.5,77.94379593829026,4.5,1000.0,8989.21,Global_Kaggle_Baseline
Global Baseline,2020,Mixed Grain Baseline,1581.77,35.166655954729514,30.17,41.17,65.0,18.5,70.18765969535166,19.120204588517527,18.152152510248865,6.5,64.80992125632946,4.5,1000.0,9018.56,Global_Kaggle_Baseline
Global Baseline,2020,Mixed Grain Baseline,1624.21,37.12151758869644,32.12,43.12,65.0,18.5,64.99057354601761,18.0117558228659,19.100390884301618,6.5,49.90310994404607,4.5,1000.0,8973.4,Global_Kaggle_Baseline
Global Baseline,2020,Mixed Grain Baseline,1366.58,27.912884742552805,22.91,33.91,65.0,18.5,77.92503792505435,23.039373670267327,20.183691512273175,6.5,76.91245691866082,4.5,1000.0,9000.72,Global_Kaggle_Baseline
Global Baseline,2020,Mixed Grain Baseline,1621.32,37.03645783042604,32.04,43.04,65.0,18.5,65.0090850581212,18.034198694075037,19.13366523134948,6.5,49.88265500308443,4.5,1000.0,8974.58,Global_Kaggle_Baseline
Global Baseline,2020,Mixed Grain Baseline,1402.25,29.039198938630587,24.04,35.04,65.0,18.5,77.17521494363949,21.1903113800825,18.094351723974157,6.5,78.1149894111196,4.5,1000.0,8984.85,Global_Kaggle_Baseline
Global Baseline,2020,Mixed Grain Baseline,1633.78,36.96144325692248,31.96,42.96,65.0,18.5,68.02607938047693,21.926082114357182,18.06229409652961,6.5,62.19827693279892,4.5,1000.0,8925.42,Global_Kaggle_Baseline
Global Baseline,2020,Mixed Grain Baseline,1624.07,37.11773984836362,32.12,43.12,65.0,18.5,64.98899146540404,18.006029180930476,18.85858558075334,6.5,50.191875530578514,4.5,1000.0,8923.22,Global_Kaggle_Baseline
Global Baseline,2020,Mixed Grain Baseline,1634.25,36.99040070693966,31.99,42.99,65.0,18.5,67.91659277301063,22.08556583027623,18.22387407193291,6.5,62.07659232211692,4.5,1000.0,9099.55,Global_Kaggle_Baseline
Global Baseline,2020,Mixed Grain Baseline,1620.18,37.02620060738461,32.03,43.03,65.0,18.5,64.85334613129812,18.007373058296142,18.849129702808103,6.5,49.94394466891206,4.5,1000.0,9249.62,Global_Kaggle_Baseline
Global Baseline,2020,Mixed Grain Baseline,1620.27,37.02756079905625,32.03,43.03,65.0,18.5,64.86143193051608,18.09346532358544,18.851859712770946,6.5,50.01635815286421,4.5,1000.0,8876.57,Global_Kaggle_Baseline
Global Baseline,2020,Mixed Grain Baseline,1402.83,29.08504686575163,24.09,35.09,65.0,18.5,76.97094806536705,21.065542042899324,17.897081121140694,6.5,78.01615886520383,4.5,1000.0,8977.18,Global_Kaggle_Baseline
Global Baseline,2020,Mixed Grain Baseline,1625.53,37.19515778062582,32.2,43.2,65.0,18.5,64.73912416280908,17.883734356899982,18.898496548804548,6.5,50.11737688291859,4.5,1000.0,9080.38,Global_Kaggle_Baseline
Global Baseline,2020,Mixed Grain Baseline,1578.69,35.10738433448124,30.11,41.11,65.0,18.5,69.98682923326498,19.033647509344934,17.934190732994097,6.5,65.06340068783605,4.5,1000.0,9004.72,Global_Kaggle_Baseline
Global Baseline,2020,Mixed Grain Baseline,1616.57,36.90551675770784,31.91,42.91,65.0,18.5,64.9745628311193,18.00111941983555,18.979988421335094,6.5,49.9612178169294,4.5,1000.0,8918.63,Global_Kaggle_Baseline
Global Baseline,2020,Mixed Grain Baseline,1573.76,34.94900806339669,29.95,40.95,65.0,18.5,70.10985282715201,19.086108503435952,17.80374435006222,6.5,65.11657761312277,4.5,1000.0,8987.8,Global_Kaggle_Baseline
Global Baseline,2020,Mixed Grain Baseline,1614.45,36.85088109206645,31.85,42.85,65.0,18.5,64.932841354558,17.995382638800574,19.0590114496353,6.5,49.96734612701592,4.5,1000.0,9109.32,Global_Kaggle_Baseline
Global Baseline,2020,Mixed Grain Baseline,1360.18,27.8654665826091,22.87,33.87,65.0,18.5,76.97734083441021,22.08655215492077,20.02965212740588,6.5,76.13576400747634,4.5,1000.0,8924.29,Global_Kaggle_Baseline
Global Baseline,2020,Mixed Grain Baseline,1619.16,36.97591469327599,31.98,42.98,65.0,18.5,65.00101416866765,18.081100488618308,19.026434376708192,6.5,50.1040551464317,4.5,1000.0,9152.66,Global_Kaggle_Baseline
Global Baseline,2020,Mixed Grain Baseline,1619.48,36.99124762579291,31.99,42.99,65.0,18.5,64.9580426380192,17.876609602343994,18.70387378598557,6.5,49.97468209559795,4.5,1000.0,9165.93,Global_Kaggle_Baseline
Global Baseline,2020,Mixed Grain Baseline,1399.25,28.973689347698517,23.97,34.97,65.0,18.5,77.03344554513211,20.9458695443508,17.88559466790324,6.5,78.05561169285384,4.5,1000.0,8957.01,Global_Kaggle_Baseline
Global Baseline,2020,Mixed Grain Baseline,1394.77,28.86255927960227,23.86,34.86,65.0,18.5,76.91519359749417,21.015813951903382,18.08809560095594,6.5,77.9350336648474,4.5,1000.0,9072.12,Global_Kaggle_Baseline
Global Baseline,2020,Mixed Grain Baseline,1398.86,28.975297544637836,23.98,34.98,65.0,18.5,76.94453177510637,21.01799373856439,18.103711947357382,6.5,78.069484085663,4.5,1000.0,9090.89,Global_Kaggle_Baseline
Global Baseline,2020,Mixed Grain Baseline,1365.96,27.99343875916108,22.99,33.99,65.0,18.5,77.23829633586561,22.008329006273733,19.977607389088067,6.5,75.76002947212173,4.5,1000.0,8985.42,Global_Kaggle_Baseline
Global Baseline,2020,Mixed Grain Baseline,1402.88,29.09100246361028,24.09,35.09,65.0,18.5,76.93830520464516,21.07589566480866,18.01594978250688,6.5,77.89706138575163,4.5,1000.0,9125.2,Global_Kaggle_Baseline
Global Baseline,2020,Mixed Grain Baseline,1365.09,28.0267580297477,23.03,34.03,65.0,18.5,76.83086192253789,21.774649382669253,20.06947927875921,6.5,76.1029669154594,4.5,1000.0,9228.92,Global_Kaggle_Baseline
Global Baseline,2020,Mixed Grain Baseline,1574.24,34.970745062887495,29.97,40.97,65.0,18.5,70.05247906109132,18.882563001616894,17.98036255480405,6.5,64.94567180126536,4.5,1000.0,8958.54,Global_Kaggle_Baseline
Global Baseline,2020,Mixed Grain Baseline,1622.04,37.06594147972009,32.07,43.07,65.0,18.5,64.94549290964648,18.049433528780025,18.9217956862558,6.5,49.95945606296952,4.5,1000.0,9020.93,Global_Kaggle_Baseline
Global Baseline,2020,Mixed Grain Baseline,1359.62,27.85630603807852,22.86,33.86,65.0,18.5,76.92907343742603,21.9330752457712,19.95286813350468,6.5,76.12835232006523,4.5,1000.0,8983.45,Global_Kaggle_Baseline
Global Baseline,2020,Mixed Grain Baseline,1398.42,28.96955110208174,23.97,34.97,65.0,18.5,76.8977699712375,20.85740376311851,17.946019259138556,6.5,77.81937496308697,4.5,1000.0,9095.89,Global_Kaggle_Baseline
Global Baseline,2020,Mixed Grain Baseline,1621.02,37.04280439158095,32.04,43.04,65.0,18.5,64.90495875550738,17.882214340472597,18.875135845300708,6.5,49.89252273815956,4.5,1000.0,8943.6,Global_Kaggle_Baseline
Global Baseline,2020,Mixed Grain Baseline,1622.16,37.05162772251189,32.05,43.05,65.0,18.5,65.07097683638649,18.1137049727855,18.97805686462108,6.5,50.03487169000308,4.5,1000.0,8832.72,Global_Kaggle_Baseline
Global Baseline,2020,Mixed Grain Baseline,1371.01,28.020919158575225,23.02,34.02,65.0,18.5,78.05532534079701,22.83663854403613,19.95525256479461,6.5,77.11583633458713,4.5,1000.0,9012.61,Global_Kaggle_Baseline
Global Baseline,2020,Mixed Grain Baseline,1364.13,28.007497667990336,23.01,34.01,65.0,18.5,76.77427207849917,22.10570868001604,20.001687892156266,6.5,75.9844520590879,4.5,1000.0,8973.47,Global_Kaggle_Baseline
Global Baseline,2020,Mixed Grain Baseline,1614.83,36.8636489503008,31.86,42.86,65.0,18.5,64.92000287692305,17.897605130894988,19.098069850684787,6.5,49.80922281132917,4.5,1000.0,9080.21,Global_Kaggle_Baseline
Global Baseline,2020,Mixed Grain Baseline,1622.07,37.04844307898825,32.05,43.05,65.0,18.5,65.075116739581,17.960191223797608,19.028997546997825,6.5,49.94736962737459,4.5,1000.0,8939.5,Global_Kaggle_Baseline
Global Baseline,2020,Mixed Grain Baseline,1622.08,37.09868799706608,32.1,43.1,65.0,18.5,64.72504249020903,18.181133283458497,18.967549389355742,6.5,50.020383730580775,4.5,1000.0,9007.93,Global_Kaggle_Baseline
Global Baseline,2020,Mixed Grain Baseline,1621.41,37.04578570155319,32.05,43.05,65.0,18.5,64.96179293931735,18.02845507158287,18.964991334804136,6.5,49.9036139713874,4.5,1000.0,8959.56,Global_Kaggle_Baseline
Global Baseline,2020,Mixed Grain Baseline,1367.47,27.93022317358322,22.93,33.93,65.0,18.5,77.98229853062925,23.05001244936152,20.199118402934506,6.5,77.00179319652536,4.5,1000.0,9199.88,Global_Kaggle_Baseline
Global Baseline,2020,Mixed Grain Baseline,1629.88,36.8423691268826,31.84,42.84,65.0,18.5,68.07895800278793,22.02381623529965,17.938002353212514,6.5,62.05555450966669,4.5,1000.0,9027.36,Global_Kaggle_Baseline
Global Baseline,2020,Mixed Grain Baseline,1363.87,27.978245400702253,22.98,33.98,65.0,18.5,76.92557826104868,21.90318792472225,20.11178977214082,6.5,75.92413696954432,4.5,1000.0,8799.73,Global_Kaggle_Baseline
Global Baseline,2020,Mixed Grain Baseline,1406.22,29.179050417185568,24.18,35.18,65.0,18.5,76.99096036424262,20.812647808014365,18.010210387006527,6.5,78.07165304865752,4.5,1000.0,9246.15,Global_Kaggle_Baseline
Global Baseline,2020,Mixed Grain Baseline,1635.95,37.01066080231283,32.01,43.01,65.0,18.5,68.11456923427527,21.98576072911544,18.024945633575093,6.5,62.01211140029385,4.5,1000.0,9063.54,Global_Kaggle_Baseline
Global Baseline,2020,Mixed Grain Baseline,1573.95,34.94273551753836,29.94,40.94,65.0,18.5,70.19178744728077,18.957153496679904,17.85856804494608,6.5,65.09020799658792,4.5,1000.0,9013.93,Global_Kaggle_Baseline
Global Baseline,2020,Mixed Grain Baseline,1576.36,35.006785249038074,30.01,41.01,65.0,18.5,70.22426249988533,19.06984281397169,17.988559238004576,6.5,65.0825605823113,4.5,1000.0,8933.46,Global_Kaggle_Baseline
Global Baseline,2020,Mixed Grain Baseline,1639.6,37.13816266667266,32.14,43.14,65.0,18.5,67.95369933050499,21.971089501021208,18.03544205351421,6.5,61.845209049456976,4.5,1000.0,9038.66,Global_Kaggle_Baseline
Global Baseline,2020,Mixed Grain Baseline,1401.76,29.050733798533624,24.05,35.05,65.0,18.5,76.99739353568484,21.005087009922715,17.904909134483784,6.5,77.96924549842188,4.5,1000.0,8935.34,Global_Kaggle_Baseline
Global Baseline,2020,Mixed Grain Baseline,1577.29,35.05041188318276,30.05,41.05,65.0,18.5,70.10567616931593,18.931881072557545,18.02671449371553,6.5,65.10925694410251,4.5,1000.0,9012.25,Global_Kaggle_Baseline
Global Baseline,2020,Mixed Grain Baseline,1369.94,27.998485290664146,23.0,34.0,65.0,18.5,77.99826229515867,23.05629831117073,20.06446687580828,6.5,76.82791778995639,4.5,1000.0,9041.81,Global_Kaggle_Baseline
Global Baseline,2020,Mixed Grain Baseline,1629.89,36.8660404972274,31.87,42.87,65.0,18.5,67.91492399139639,22.17518314124807,18.035878510855103,6.5,62.07284649355731,4.5,1000.0,9088.48,Global_Kaggle_Baseline
Global Baseline,2020,Mixed Grain Baseline,1615.62,36.87914630499641,31.88,42.88,65.0,18.5,64.97073565708297,18.056102418579545,18.912981425090884,6.5,50.05854116307197,4.5,1000.0,8958.97,Global_Kaggle_Baseline
Global Baseline,2020,Mixed Grain Baseline,1396.52,28.89640748207005,23.9,34.9,65.0,18.5,77.02997924200922,21.00777938270307,18.111412890113726,6.5,77.66778919255643,4.5,1000.0,8880.39,Global_Kaggle_Baseline
Global Baseline,2020,Mixed Grain Baseline,1617.94,36.9376802255546,31.94,42.94,65.0,18.5,65.02437834322096,17.94448153440227,18.844755121928998,6.5,49.77303887791141,4.5,1000.0,9003.08,Global_Kaggle_Baseline
Global Baseline,2020,Mixed Grain Baseline,1402.33,29.06172691860428,24.06,35.06,65.0,18.5,77.03457744006002,21.0638127009244,17.93975514631522,6.5,77.93292467334975,4.5,1000.0,8892.04,Global_Kaggle_Baseline
Global Baseline,2020,Mixed Grain Baseline,1398.73,28.974869379541023,23.97,34.97,65.0,18.5,76.92282463229049,20.81886000321967,18.025601495173117,6.5,77.94996658556892,4.5,1000.0,9107.18,Global_Kaggle_Baseline
Global Baseline,2020,Mixed Grain Baseline,1618.17,36.95329906470436,31.95,42.95,65.0,18.5,64.96141752013564,18.05689774724759,19.13048656186613,6.5,50.08547085424577,4.5,1000.0,8999.32,Global_Kaggle_Baseline
Global Baseline,2020,Mixed Grain Baseline,1637.44,37.043688335937006,32.04,43.04,65.0,18.5,68.18178529796982,21.89640568903321,18.04712599267209,6.5,62.05187773891666,4.5,1000.0,9254.63,Global_Kaggle_Baseline
Global Baseline,2020,Mixed Grain Baseline,1576.29,35.0230237248548,30.02,41.02,65.0,18.5,70.09595335501515,18.90537703414596,18.122611611404047,6.5,64.98461857027607,4.5,1000.0,8980.2,Global_Kaggle_Baseline
Global Baseline,2020,Mixed Grain Baseline,1370.34,28.139949472911457,23.14,34.14,65.0,18.5,77.08911075294941,22.134521347298165,19.992871874033163,6.5,75.83344484966005,4.5,1000.0,9036.81,Global_Kaggle_Baseline
Global Baseline,2020,Mixed Grain Baseline,1374.83,28.14715467252238,23.15,34.15,65.0,18.5,77.93554411286273,23.1776194383163,20.02270971704923,6.5,77.1637734043435,4.5,1000.0,9002.77,Global_Kaggle_Baseline
Global Baseline,2020,Mixed Grain Baseline,1570.97,34.87842023351496,29.88,40.88,65.0,18.5,70.04479449430275,19.099320036744118,17.917363396438024,6.5,64.82127340527744,4.5,1000.0,8976.47,Global_Kaggle_Baseline
Global Baseline,2020,Mixed Grain Baseline,1368.9,27.956779034885365,22.96,33.96,65.0,18.5,78.08226378855781,22.952156828157808,19.943152918323907,6.5,77.07374278307168,4.5,1000.0,9147.66,Global_Kaggle_Baseline
Global Baseline,2020,Mixed Grain Baseline,1622.23,37.03891179209796,32.04,43.04,65.0,18.5,65.17347196820883,17.935366183815447,18.8268760490824,6.5,49.916955014698445,4.5,1000.0,9057.69,Global_Kaggle_Baseline
Global Baseline,2020,Mixed Grain Baseline,1616.07,36.89682849149892,31.9,42.9,65.0,18.5,64.93529665104954,17.903682562735092,19.126723689849573,6.5,50.048533595399775,4.5,1000.0,8937.97,Global_Kaggle_Baseline
Global Baseline,2020,Mixed Grain Baseline,1371.89,28.03857519879081,23.04,34.04,65.0,18.5,78.10837726338255,22.9799826292627,20.042494742423447,6.5,76.95122051129886,4.5,1000.0,8933.28,Global_Kaggle_Baseline
Global Baseline,2020,Mixed Grain Baseline,1369.31,27.98566488743865,22.99,33.99,65.0,18.5,77.96187290941984,23.06202255295877,20.023685032442856,6.5,77.0755105510405,4.5,1000.0,9013.54,Global_Kaggle_Baseline
Global Baseline,2020,Mixed Grain Baseline,1618.19,36.97422070424484,31.97,42.97,65.0,18.5,64.81802157810355,18.066618626438764,19.03879968863924,6.5,50.120749731248296,4.5,1000.0,9068.37,Global_Kaggle_Baseline
Global Baseline,2020,Mixed Grain Baseline,1365.29,27.988720674983536,22.99,33.99,65.0,18.5,77.13739407528433,22.09388010062737,19.983192462538632,6.5,75.97688391666215,4.5,1000.0,9058.84,Global_Kaggle_Baseline
Global Baseline,2020,Mixed Grain Baseline,1362.76,27.777903098148197,22.78,33.78,65.0,18.5,78.10692087557571,23.124334527421333,19.94462802608434,6.5,77.03325872071515,4.5,1000.0,9235.3,Global_Kaggle_Baseline
Global Baseline,2020,Mixed Grain Baseline,1634.31,36.98556234508048,31.99,42.99,65.0,18.5,67.96283751472112,21.954223425446216,17.919903720955226,6.5,61.97650853538899,4.5,1000.0,9154.3,Global_Kaggle_Baseline
Global Baseline,2020,Mixed Grain Baseline,1618.78,36.987381595377926,31.99,42.99,65.0,18.5,64.84439758989144,18.348463842864987,19.24264860585253,6.5,50.15378194591947,4.5,1000.0,8940.55,Global_Kaggle_Baseline
Global Baseline,2020,Mixed Grain Baseline,1621.8,37.04400131127101,32.04,43.04,65.0,18.5,65.05287762736235,18.014618334406837,19.172673393530182,6.5,49.78532311242783,4.5,1000.0,9084.57,Global_Kaggle_Baseline
Global Baseline,2020,Mixed Grain Baseline,1624.89,37.15466493381821,32.15,43.15,65.0,18.5,64.89444265529166,17.91723733157329,18.8835531361355,6.5,50.02490918793111,4.5,1000.0,9017.42,Global_Kaggle_Baseline
Global Baseline,2020,Mixed Grain Baseline,1614.8,36.86575910580622,31.87,42.87,65.0,18.5,64.89929979267563,17.95003325392109,19.00602664517156,6.5,50.17185293670919,4.5,1000.0,9022.74,Global_Kaggle_Baseline
Global Baseline,2020,Mixed Grain Baseline,1634.96,36.9963652592276,32.0,43.0,65.0,18.5,68.0173465885572,22.045997856328192,18.29189546995328,6.5,61.94829547109587,4.5,1000.0,8893.83,Global_Kaggle_Baseline
Global Baseline,2020,Mixed Grain Baseline,1620.91,36.98757298991085,31.99,42.99,65.0,18.5,65.26890924167782,18.26931289959164,19.014537071056537,6.5,49.93206668949409,4.5,1000.0,8870.16,Global_Kaggle_Baseline
Global Baseline,2020,Mixed Grain Baseline,1634.49,36.98763950358947,31.99,42.99,65.0,18.5,67.98496894219141,22.03892025490206,17.989615000044413,6.5,61.99641413068001,4.5,1000.0,8905.61,Global_Kaggle_Baseline
Global Baseline,2020,Mixed Grain Baseline,1401.21,29.037417029720167,24.04,35.04,65.0,18.5,76.9794705543621,20.92508566800454,17.93492462779752,6.5,77.9791586521819,4.5,1000.0,8919.73,Global_Kaggle_Baseline
Global Baseline,2020,Mixed Grain Baseline,1579.34,35.10171185223972,30.1,41.1,65.0,18.5,70.15632999855144,19.069294920559177,18.090613360720763,6.5,64.88323954106787,4.5,1000.0,9008.66,Global_Kaggle_Baseline
Global Baseline,2020,Mixed Grain Baseline,1399.8,28.989467475654195,23.99,34.99,65.0,18.5,77.03421077249148,20.95700027843329,18.153096766976077,6.5,78.02022233213269,4.5,1000.0,8800.29,Global_Kaggle_Baseline
Global Baseline,2020,Mixed Grain Baseline,1577.57,35.07501225564581,30.08,41.08,65.0,18.5,69.98826096483955,18.96080366938423,18.061655311714212,6.5,65.02355493247555,4.5,1000.0,9046.46,Global_Kaggle_Baseline
Global Baseline,2020,Mixed Grain Baseline,1403.28,29.103495579497736,24.1,35.1,65.0,18.5,76.93233936825239,21.08762455376817,18.019322312184208,6.5,78.01603389916944,4.5,1000.0,9046.88,Global_Kaggle_Baseline
Global Baseline,2020,Mixed Grain Baseline,1571.7,34.906538229176206,29.91,40.91,65.0,18.5,69.99460172335365,19.110782941102183,17.918739350024346,6.5,65.05848949953572,4.5,1000.0,9061.86,Global_Kaggle_Baseline
Global Baseline,2020,Mixed Grain Baseline,1625.28,37.16189091700555,32.16,43.16,65.0,18.5,64.92225823574522,18.03911294399003,18.87360367753329,6.5,50.11024437986771,4.5,1000.0,9213.1,Global_Kaggle_Baseline
Global Baseline,2020,Mixed Grain Baseline,1617.79,36.921383675737935,31.92,42.92,65.0,18.5,65.10901975617772,17.840755083508046,19.07779569712291,6.5,49.977604579505815,4.5,1000.0,9018.66,Global_Kaggle_Baseline
Global Baseline,2020,Mixed Grain Baseline,1620.2,37.01080047312247,32.01,43.01,65.0,18.5,64.96390661312785,17.954725135202434,18.826221757587703,6.5,50.02904054686223,4.5,1000.0,8823.25,Global_Kaggle_Baseline
Global Baseline,2020,Mixed Grain Baseline,1402.56,29.07104722137537,24.07,35.07,65.0,18.5,77.01432830303429,20.923316083228617,18.01253399004703,6.5,77.81417042597201,4.5,1000.0,9108.19,Global_Kaggle_Baseline
Global Baseline,2020,Mixed Grain Baseline,1397.33,28.90990800570783,23.91,34.91,65.0,18.5,77.0960459947976,20.90357058255269,18.083218485731468,6.5,78.00997019707883,4.5,1000.0,9003.85,Global_Kaggle_Baseline
Global Baseline,2020,Mixed Grain Baseline,1574.08,34.97415016386282,29.97,40.97,65.0,18.5,69.99596928189665,19.02103891574341,17.89070658064322,6.5,65.16003046013192,4.5,1000.0,9073.0,Global_Kaggle_Baseline
Global Baseline,2020,Mixed Grain Baseline,1367.41,27.930079812264616,22.93,33.93,65.0,18.5,77.97052834009408,23.03312502859512,20.004792433727147,6.5,77.09851185874231,4.5,1000.0,8973.95,Global_Kaggle_Baseline
Global Baseline,2020,Mixed Grain Baseline,1573.77,34.982449127407406,29.98,40.98,65.0,18.5,69.87597514557726,18.86294752762996,17.950568972477317,6.5,65.05372233895402,4.5,1000.0,9014.42,Global_Kaggle_Baseline
Global Baseline,2020,Mixed Grain Baseline,1375.79,28.16511982671445,23.17,34.17,65.0,18.5,78.00243278773812,23.047983262121157,20.07302058337535,6.5,77.16454332688807,4.5,1000.0,9094.62,Global_Kaggle_Baseline
Global Baseline,2020,Mixed Grain Baseline,1373.0,28.064088171393458,23.06,34.06,65.0,18.5,78.15198725666214,22.95966716518833,19.9363964451194,6.5,76.88427285115264,4.5,1000.0,9116.9,Global_Kaggle_Baseline
Global Baseline,2020,Mixed Grain Baseline,1362.62,27.927160861158427,22.93,33.93,65.0,18.5,77.03403781530527,21.82248345839102,19.87039807776623,6.5,75.83819317682226,4.5,1000.0,9024.36,Global_Kaggle_Baseline
Global Baseline,2020,Mixed Grain Baseline,1568.54,34.82108551411448,29.82,40.82,65.0,18.5,69.9611473471691,18.8801948879534,18.107149684240344,6.5,64.89133547634934,4.5,1000.0,9052.42,Global_Kaggle_Baseline
Global Baseline,2020,Mixed Grain Baseline,1362.74,27.919415325060072,22.92,33.92,65.0,18.5,77.11170366222761,22.02888727901001,20.123858947912325,6.5,75.91399110393334,4.5,1000.0,9084.79,Global_Kaggle_Baseline
Global Baseline,2020,Mixed Grain Baseline,1616.13,36.89289350412238,31.89,42.89,65.0,18.5,64.97587845006002,18.009985904712973,18.9236153199825,6.5,49.92428950938022,4.5,1000.0,9078.37,Global_Kaggle_Baseline
Global Baseline,2020,Mixed Grain Baseline,1396.7,28.902017317348257,23.9,34.9,65.0,18.5,77.0268269652968,20.88853829512589,18.036226838722417,6.5,77.83830231145126,4.5,1000.0,8942.08,Global_Kaggle_Baseline
Global Baseline,2020,Mixed Grain Baseline,1627.51,37.19587359894416,32.2,43.2,65.0,18.5,65.13007627987948,17.913995148459076,18.97396673685217,6.5,49.84346010151321,4.5,1000.0,8982.77,Global_Kaggle_Baseline
Global Baseline,2020,Mixed Grain Baseline,1569.01,34.838489925722484,29.84,40.84,65.0,18.5,69.93350576272034,18.99768906147978,17.88091279550749,6.5,65.05779658982726,4.5,1000.0,9122.04,Global_Kaggle_Baseline
Global Baseline,2020,Mixed Grain Baseline,1617.41,36.93356321243432,31.93,42.93,65.0,18.5,64.94638408332064,18.157711217198603,19.07931687069563,6.5,49.76040546820239,4.5,1000.0,9016.58,Global_Kaggle_Baseline
Global Baseline,2020,Mixed Grain Baseline,1616.33,36.90456925039279,31.9,42.9,65.0,18.5,64.9333511767555,18.096174568176888,18.942434690141123,6.5,49.89458863137322,4.5,1000.0,8807.99,Global_Kaggle_Baseline
Global Baseline,2020,Mixed Grain Baseline,1571.53,34.92930543948771,29.93,40.93,65.0,18.5,69.8005023717747,18.88249837079182,18.076977155769622,6.5,65.05076013721353,4.5,1000.0,9064.93,Global_Kaggle_Baseline
Global Baseline,2020,Mixed Grain Baseline,1365.11,27.890446676555836,22.89,33.89,65.0,18.5,77.78930249515251,22.77978475891254,20.0652165320164,6.5,77.13547594480956,4.5,1000.0,8815.08,Global_Kaggle_Baseline
Global Baseline,2020,Mixed Grain Baseline,1367.96,27.939419985338148,22.94,33.94,65.0,18.5,78.0155822051834,23.038407420806827,20.005146787929608,6.5,77.18809854018276,4.5,1000.0,8883.6,Global_Kaggle_Baseline
Global Baseline,2020,Mixed Grain Baseline,1635.16,36.99640460866368,32.0,43.0,65.0,18.5,68.05725513021918,21.975594195181703,18.105859557095275,6.5,62.04916902814156,4.5,1000.0,9200.24,Global_Kaggle_Baseline
Global Baseline,2020,Mixed Grain Baseline,1399.67,28.989418358372205,23.99,34.99,65.0,18.5,77.00836917336682,20.92511710936742,18.055950054188926,6.5,77.86125977108385,4.5,1000.0,8985.96,Global_Kaggle_Baseline
Global Baseline,2020,Mixed Grain Baseline,1613.78,36.811908601356265,31.81,42.81,65.0,18.5,65.07263504408523,18.027010216708884,19.09046957524741,6.5,49.819718727056426,4.5,1000.0,9047.03,Global_Kaggle_Baseline
Global Baseline,2020,Mixed Grain Baseline,1617.64,36.94355329472075,31.94,42.94,65.0,18.5,64.92284518171321,18.012631768326422,18.9191784800164,6.5,49.91148923281432,4.5,1000.0,9010.99,Global_Kaggle_Baseline
Global Baseline,2020,Mixed Grain Baseline,1372.96,28.07678945884684,23.08,34.08,65.0,18.5,78.05402808634304,22.90601925861893,19.92564287822629,6.5,76.99275665106215,4.5,1000.0,8993.56,Global_Kaggle_Baseline
Global Baseline,2020,Mixed Grain Baseline,1618.59,36.96702875734483,31.97,42.97,65.0,18.5,64.94863611547203,17.988387252483363,19.00029411054728,6.5,49.84745847120388,4.5,1000.0,9000.54,Global_Kaggle_Baseline
Global Baseline,2020,Mixed Grain Baseline,1621.02,37.02969962273458,32.03,43.03,65.0,18.5,64.9970824283207,17.804883744064245,18.769348280419116,6.5,49.93445552178744,4.5,1000.0,9000.92,Global_Kaggle_Baseline
Global Baseline,2020,Mixed Grain Baseline,1371.57,28.055427469100987,23.06,34.06,65.0,18.5,77.92689232834087,22.891485874894272,19.97698911500736,6.5,77.1072311032028,4.5,1000.0,9278.52,Global_Kaggle_Baseline
Global Baseline,2020,Mixed Grain Baseline,1636.2,37.00902190614909,32.01,43.01,65.0,18.5,68.17735455619305,21.972742659720847,18.173569947558125,6.5,61.94067823703005,4.5,1000.0,9026.46,Global_Kaggle_Baseline
Global Baseline,2020,Mixed Grain Baseline,1569.93,34.87243702377084,29.87,40.87,65.0,18.5,69.87892862344133,18.77425878486706,17.94819259825458,6.5,65.12342385444113,4.5,1000.0,8971.65,Global_Kaggle_Baseline
Global Baseline,2020,Mixed Grain Baseline,1622.99,37.10371173250392,32.1,43.1,65.0,18.5,64.8710389998814,18.019036577033923,18.97616657628196,6.5,50.10721834935925,4.5,1000.0,9048.55,Global_Kaggle_Baseline
Global Baseline,2020,Mixed Grain Baseline,1399.36,28.994030246920897,23.99,34.99,65.0,18.5,76.91367945483888,21.13653689392284,18.04698873847525,6.5,77.89892185243504,4.5,1000.0,8956.6,Global_Kaggle_Baseline
Global Baseline,2020,Mixed Grain Baseline,1368.1,27.9436119337443,22.94,33.94,65.0,18.5,78.01505584178194,23.04501695998732,19.954540713013422,6.5,77.12907078278282,4.5,1000.0,9011.79,Global_Kaggle_Baseline
Global Baseline,2020,Mixed Grain Baseline,1572.64,34.94608697281307,29.95,40.95,65.0,18.5,69.90473972402015,18.982876929757506,17.939372896164816,6.5,64.9701055888586,4.5,1000.0,9078.37,Global_Kaggle_Baseline
Global Baseline,2020,Mixed Grain Baseline,1613.24,36.8458831861956,31.85,42.85,65.0,18.5,64.72647478449798,17.99727239137867,18.822848736607124,6.5,50.03446927005082,4.5,1000.0,9011.31,Global_Kaggle_Baseline
Global Baseline,2020,Mixed Grain Baseline,1393.86,28.828856761230863,23.83,34.83,65.0,18.5,76.9695604799155,20.93437349607808,17.96454275396296,6.5,78.08303044011099,4.5,1000.0,9047.75,Global_Kaggle_Baseline
Global Baseline,2020,Mixed Grain Baseline,1390.43,28.74797135281981,23.75,34.75,65.0,18.5,76.8492507203187,20.890620507965878,18.11855899424033,6.5,78.15830869679183,4.5,1000.0,9039.37,Global_Kaggle_Baseline
Global Baseline,2020,Mixed Grain Baseline,1359.67,27.847001678454976,22.85,33.85,65.0,18.5,77.00430467351931,22.148137973313258,20.05632336417112,6.5,75.94863050317286,4.5,1000.0,8764.59,Global_Kaggle_Baseline
Global Baseline,2020,Mixed Grain Baseline,1372.43,28.19113553765149,23.19,34.19,65.0,18.5,77.14772527146516,22.014300412621733,19.95323483567816,6.5,76.10579548793274,4.5,1000.0,9017.03,Global_Kaggle_Baseline
Global Baseline,2020,Mixed Grain Baseline,1623.99,37.12550050538171,32.13,43.13,65.0,18.5,64.91956327077914,18.1318860492092,18.86476283779457,6.5,50.09771467782292,4.5,1000.0,9100.27,Global_Kaggle_Baseline
Global Baseline,2020,Mixed Grain Baseline,1623.51,37.108484121332005,32.11,43.11,65.0,18.5,64.94191740382922,18.08169054184213,19.08249949216115,6.5,50.18428269892774,4.5,1000.0,9032.09,Global_Kaggle_Baseline
Global Baseline,2020,Mixed Grain Baseline,1615.03,36.85898989759362,31.86,42.86,65.0,18.5,64.99239499547375,18.110086616651504,19.259838769748335,6.5,50.01216523491019,4.5,1000.0,8857.99,Global_Kaggle_Baseline
Global Baseline,2020,Mixed Grain Baseline,1635.44,36.99123594380107,31.99,42.99,65.0,18.5,68.15022512162926,21.98036061543298,18.049805219746883,6.5,62.1646083096894,4.5,1000.0,9082.73,Global_Kaggle_Baseline
Global Baseline,2020,Mixed Grain Baseline,1370.01,27.99921320253894,23.0,34.0,65.0,18.5,78.00673317223219,22.84530434500224,20.0585552601827,6.5,76.98362907881169,4.5,1000.0,8926.5,Global_Kaggle_Baseline
Global Baseline,2020,Mixed Grain Baseline,1617.48,36.94737922587163,31.95,42.95,65.0,18.5,64.86465259283952,18.109460902726312,18.984041024049105,6.5,50.08931622736679,4.5,1000.0,9012.02,Global_Kaggle_Baseline
Global Baseline,2020,Mixed Grain Baseline,1396.16,28.90160440609866,23.9,34.9,65.0,18.5,76.92005918287263,21.13504676306179,17.979000341130188,6.5,78.05876120622003,4.5,1000.0,8935.92,Global_Kaggle_Baseline
Global Baseline,2020,Mixed Grain Baseline,1574.35,35.004711386137565,30.0,41.0,65.0,18.5,69.83657923217227,19.09927949686811,18.10194765764206,6.5,65.11038564900014,4.5,1000.0,8951.31,Global_Kaggle_Baseline
Global Baseline,2020,Mixed Grain Baseline,1618.85,36.97270455242429,31.97,42.97,65.0,18.5,64.96161575676352,18.062005977560187,18.93525803906879,6.5,49.98484985610824,4.5,1000.0,8919.24,Global_Kaggle_Baseline
Global Baseline,2020,Mixed Grain Baseline,1625.2,37.15568076105349,32.16,43.16,65.0,18.5,64.95031400819114,17.968757722870972,19.041133829072425,6.5,50.06561087995517,4.5,1000.0,9070.62,Global_Kaggle_Baseline
Global Baseline,2020,Mixed Grain Baseline,1371.76,28.05179579515966,23.05,34.05,65.0,18.5,77.9889097977307,23.173287718377185,20.075999607750635,6.5,77.04903904721553,4.5,1000.0,9040.02,Global_Kaggle_Baseline
Global Baseline,2020,Mixed Grain Baseline,1409.2,29.24635965440032,24.25,35.25,65.0,18.5,77.11478579744788,20.884189984871483,17.985432737623547,6.5,77.90494770406382,4.5,1000.0,8904.78,Global_Kaggle_Baseline
Global Baseline,2020,Mixed Grain Baseline,1569.68,34.86153300419962,29.86,40.86,65.0,18.5,69.90521801399977,18.986286059053587,17.842375500543568,6.5,65.06383426693142,4.5,1000.0,8993.31,Global_Kaggle_Baseline
Global Baseline,2020,Mixed Grain Baseline,1614.95,36.85513763843458,31.86,42.86,65.0,18.5,65.00419443829091,18.02231910091317,19.04068001441775,6.5,49.92361523104837,4.5,1000.0,9214.09,Global_Kaggle_Baseline
Global Baseline,2020,Mixed Grain Baseline,1641.29,37.18509721459332,32.19,43.19,65.0,18.5,67.96150619460109,22.143652061148124,18.017315183925,6.5,61.89766755013708,4.5,1000.0,9044.77,Global_Kaggle_Baseline
Global Baseline,2020,Mixed Grain Baseline,1627.51,37.2087913610669,32.21,43.21,65.0,18.5,65.039579615801,17.987569607117717,19.071235535908567,6.5,49.92400350429512,4.5,1000.0,9195.59,Global_Kaggle_Baseline
Global Baseline,2020,Mixed Grain Baseline,1637.76,37.06654748137216,32.07,43.07,65.0,18.5,68.08608805532467,21.90861447646762,17.878911939174227,6.5,61.92343755499189,4.5,1000.0,9009.32,Global_Kaggle_Baseline
Global Baseline,2020,Mixed Grain Baseline,1391.72,28.78054651258257,23.78,34.78,65.0,18.5,76.88020855256056,21.0882421968396,17.891069057682444,6.5,78.11661935134101,4.5,1000.0,8858.3,Global_Kaggle_Baseline
Global Baseline,2020,Mixed Grain Baseline,1623.82,37.08132015428414,32.08,43.08,65.0,18.5,65.19526836140332,18.041682004261222,18.995197801117577,6.5,49.97013155782311,4.5,1000.0,8943.79,Global_Kaggle_Baseline
Global Baseline,2020,Mixed Grain Baseline,1364.35,27.98308095556885,22.98,33.98,65.0,18.5,76.98754956068339,21.973144134675387,20.019619694767417,6.5,75.81081966083495,4.5,1000.0,8920.43,Global_Kaggle_Baseline
Global Baseline,2020,Mixed Grain Baseline,1572.93,34.96586750176706,29.97,40.97,65.0,18.5,69.82517663140428,19.00207472700121,17.772213380942862,6.5,64.92060863814822,4.5,1000.0,8955.04,Global_Kaggle_Baseline
Global Baseline,2020,Mixed Grain Baseline,1577.5,35.066011043229665,30.07,41.07,65.0,18.5,70.0373051015876,19.078479735064693,17.877440999218287,6.5,64.88819975601949,4.5,1000.0,8944.18,Global_Kaggle_Baseline
Global Baseline,2020,Mixed Grain Baseline,1368.72,27.96841688117168,22.97,33.97,65.0,18.5,77.96528710297167,22.948931853613985,19.991571544636912,6.5,76.97124090816949,4.5,1000.0,8917.12,Global_Kaggle_Baseline
Global Baseline,2020,Mixed Grain Baseline,1365.33,27.86571775182673,22.87,33.87,65.0,18.5,78.00565191112666,23.090798603711104,19.945923457502023,6.5,76.88024294978297,4.5,1000.0,8999.19,Global_Kaggle_Baseline
Global Baseline,2020,Mixed Grain Baseline,1359.64,27.84071096541697,22.84,33.84,65.0,18.5,77.04380550216544,21.82575104490991,19.935003344456224,6.5,76.06993740383186,4.5,1000.0,9016.53,Global_Kaggle_Baseline
Global Baseline,2020,Mixed Grain Baseline,1573.03,34.957545143213494,29.96,40.96,65.0,18.5,69.90378558353328,18.948145932607293,18.062420756435458,6.5,64.97311023956718,4.5,1000.0,8894.29,Global_Kaggle_Baseline
Global Baseline,2020,Mixed Grain Baseline,1620.69,37.01938704531044,32.02,43.02,65.0,18.5,65.00151008357426,18.008556468188086,19.09342519548084,6.5,50.04612174685875,4.5,1000.0,8855.7,Global_Kaggle_Baseline
Global Baseline,2020,Mixed Grain Baseline,1646.13,37.31462099441018,32.31,43.31,65.0,18.5,68.02434162836347,22.16285550013681,18.140626141948005,6.5,62.039916185377294,4.5,1000.0,9010.1,Global_Kaggle_Baseline
Global Baseline,2020,Mixed Grain Baseline,1613.69,36.84424171970717,31.84,42.84,65.0,18.5,64.82878265560723,17.946986522171333,19.02920421294705,6.5,50.1236132634172,4.5,1000.0,9016.2,Global_Kaggle_Baseline
Global Baseline,2020,Mixed Grain Baseline,1364.97,27.991164745942747,22.99,33.99,65.0,18.5,77.0555861105489,21.83196828295658,20.03152587659431,6.5,76.09395767749388,4.5,1000.0,8910.63,Global_Kaggle_Baseline
Global Baseline,2020,Mixed Grain Baseline,1621.8,37.03155494388453,32.03,43.03,65.0,18.5,65.13949561586402,17.915251441777045,19.08410920910682,6.5,49.81414798382112,4.5,1000.0,8850.67,Global_Kaggle_Baseline
Global Baseline,2020,Mixed Grain Baseline,1622.28,37.07175523855724,32.07,43.07,65.0,18.5,64.95457916015802,17.869265281948895,18.96357501099028,6.5,49.94371456788505,4.5,1000.0,9203.54,Global_Kaggle_Baseline
Global Baseline,2020,Mixed Grain Baseline,1619.24,36.95649056844851,31.96,42.96,65.0,18.5,65.15187035048982,18.126844205867844,19.252930307834145,6.5,50.02207046781167,4.5,1000.0,8895.17,Global_Kaggle_Baseline
Global Baseline,2020,Mixed Grain Baseline,1359.59,27.84582197615856,22.85,33.85,65.0,18.5,76.9982073086277,22.038094351085128,19.931759558779717,6.5,76.02042000009332,4.5,1000.0,9055.14,Global_Kaggle_Baseline
Global Baseline,2020,Mixed Grain Baseline,1621.74,37.06014384367342,32.06,43.06,65.0,18.5,64.92721917305005,17.93319845334101,19.084933204527424,6.5,50.12208164710766,4.5,1000.0,9082.13,Global_Kaggle_Baseline
Global Baseline,2020,Mixed Grain Baseline,1620.29,37.00465317009738,32.0,43.0,65.0,18.5,65.02488014741628,18.001336989187823,18.93576611686469,6.5,50.11009765157051,4.5,1000.0,9128.54,Global_Kaggle_Baseline
Global Baseline,2020,Mixed Grain Baseline,1620.89,36.9757218729019,31.98,42.98,65.0,18.5,65.34793958612433,18.18724541774925,18.98798487119445,6.5,50.11114143094581,4.5,1000.0,9005.53,Global_Kaggle_Baseline
Global Baseline,2020,Mixed Grain Baseline,1582.46,35.212568551655224,30.21,41.21,65.0,18.5,70.00447978165613,19.108807856470797,18.01381116457373,6.5,65.03993742482582,4.5,1000.0,8749.23,Global_Kaggle_Baseline
Global Baseline,2020,Mixed Grain Baseline,1621.94,37.06316920069138,32.06,43.06,65.0,18.5,64.94484530855158,17.96166666346053,19.12390927077241,6.5,49.895067094057445,4.5,1000.0,9071.93,Global_Kaggle_Baseline
Global Baseline,2020,Mixed Grain Baseline,1372.41,28.07111086390982,23.07,34.07,65.0,18.5,77.98397445940097,23.16998673601244,19.9857503217385,6.5,77.06705515824245,4.5,1000.0,8948.06,Global_Kaggle_Baseline
Global Baseline,2020,Mixed Grain Baseline,1577.48,35.087545870956674,30.09,41.09,65.0,18.5,69.88297456718904,18.96613880361831,18.0750393077006,6.5,65.14815118791093,4.5,1000.0,8984.73,Global_Kaggle_Baseline
Global Baseline,2020,Mixed Grain Baseline,1617.15,36.92275423188432,31.92,42.92,65.0,18.5,64.97153017144772,18.13237059574716,19.116588380826258,6.5,50.07750591550534,4.5,1000.0,8902.8,Global_Kaggle_Baseline
Global Baseline,2020,Mixed Grain Baseline,1632.62,36.92377627557636,31.92,42.92,65.0,18.5,68.05796309799366,22.00893336529528,18.025738705482613,6.5,62.06958986847357,4.5,1000.0,9167.38,Global_Kaggle_Baseline
Global Baseline,2020,Mixed Grain Baseline,1397.22,28.906538224585297,23.91,34.91,65.0,18.5,77.09809643586719,20.9565119317501,18.111091287518192,6.5,77.98438590361708,4.5,1000.0,9088.43,Global_Kaggle_Baseline
Global Baseline,2020,Mixed Grain Baseline,1400.33,29.01959730265923,24.02,35.02,65.0,18.5,76.92824092181927,21.047830216892464,17.90761675664327,6.5,77.92115117164381,4.5,1000.0,9108.72,Global_Kaggle_Baseline
Global Baseline,2020,Mixed Grain Baseline,1370.0,28.140667577685164,23.14,34.14,65.0,18.5,77.01533621978075,21.986814672603256,19.9221268055466,6.5,76.03886320570115,4.5,1000.0,8939.79,Global_Kaggle_Baseline
Global Baseline,2020,Mixed Grain Baseline,1621.99,37.04307357763727,32.04,43.04,65.0,18.5,65.09643588025533,18.12705433240709,19.090651868072555,6.5,50.05260602716912,4.5,1000.0,8887.06,Global_Kaggle_Baseline
Global Baseline,2020,Mixed Grain Baseline,1621.07,37.00535555275491,32.01,43.01,65.0,18.5,65.17735338330574,17.824781393825333,19.0720523212172,6.5,50.06450143265187,4.5,1000.0,9043.04,Global_Kaggle_Baseline
Global Baseline,2020,Mixed Grain Baseline,1618.32,36.96853699104648,31.97,42.97,65.0,18.5,64.8843146751817,17.829909665214846,19.02593659277709,6.5,49.92000333894103,4.5,1000.0,9059.31,Global_Kaggle_Baseline
Global Baseline,2020,Mixed Grain Baseline,1369.75,28.124970288997183,23.12,34.12,65.0,18.5,77.07428307057137,21.875532716158425,20.103164689648253,6.5,76.11763982104323,4.5,1000.0,9003.23,Global_Kaggle_Baseline
Global Baseline,2020,Mixed Grain Baseline,1634.59,36.99064204780756,31.99,42.99,65.0,18.5,67.98349540645182,21.624095671078138,18.147079297058912,6.5,62.087459412803184,4.5,1000.0,9191.37,Global_Kaggle_Baseline
Global Baseline,2020,Mixed Grain Baseline,1615.6,36.879298735180754,31.88,42.88,65.0,18.5,64.9646848280436,18.11679235389124,18.90304055965789,6.5,49.98535009832335,4.5,1000.0,8997.04,Global_Kaggle_Baseline
Global Baseline,2020,Mixed Grain Baseline,1368.17,28.100278673230243,23.1,34.1,65.0,18.5,76.93138303334143,21.96566666288557,19.97836619661546,6.5,76.0885490010169,4.5,1000.0,8951.76,Global_Kaggle_Baseline
Global Baseline,2020,Mixed Grain Baseline,1397.06,28.927367726337994,23.93,34.93,65.0,18.5,76.9211961717044,20.981729428960463,18.1314223129971,6.5,78.01018709814825,4.5,1000.0,9006.24,Global_Kaggle_Baseline
Global Baseline,2020,Mixed Grain Baseline,1363.56,27.829755402780798,22.83,33.83,65.0,18.5,77.90409716893865,23.254005455273663,20.087663370387077,6.5,76.99681277513083,4.5,1000.0,8833.18,Global_Kaggle_Baseline
Global Baseline,2020,Mixed Grain Baseline,1616.01,36.87569713073064,31.88,42.88,65.0,18.5,65.07151456527299,18.176827564538023,19.05651225491333,6.5,49.91308106690692,4.5,1000.0,9051.64,Global_Kaggle_Baseline
Global Baseline,2020,Mixed Grain Baseline,1622.47,37.05302715566124,32.05,43.05,65.0,18.5,65.12205397856181,17.888178446864384,18.93018046917849,6.5,50.03846001805415,4.5,1000.0,8885.39,Global_Kaggle_Baseline
Global Baseline,2020,Mixed Grain Baseline,1622.81,37.07021097576081,32.07,43.07,65.0,18.5,65.07017981831095,17.807961791963834,18.933250383672146,6.5,50.04082318856932,4.5,1000.0,9125.56,Global_Kaggle_Baseline
Global Baseline,2020,Mixed Grain Baseline,1365.31,27.99786550153237,23.0,34.0,65.0,18.5,77.07610086633213,22.060269755707136,19.852778200366014,6.5,75.97185674687854,4.5,1000.0,8993.11,Global_Kaggle_Baseline
Global Baseline,2020,Mixed Grain Baseline,1363.03,27.801880829184466,22.8,33.8,65.0,18.5,77.99317660718494,23.155827017240323,20.182899955170715,6.5,76.93878130098841,4.5,1000.0,9061.64,Global_Kaggle_Baseline
Global Baseline,2020,Mixed Grain Baseline,1621.5,37.02896759122187,32.03,43.03,65.0,18.5,65.09642484212132,18.06999773872633,19.079698232585837,6.5,50.08214759757004,4.5,1000.0,8950.28,Global_Kaggle_Baseline
Global Baseline,2020,Mixed Grain Baseline,1624.62,37.11302195831124,32.11,43.11,65.0,18.5,65.13322692137714,17.972486593256527,18.87705904716334,6.5,50.06721391393131,4.5,1000.0,9116.58,Global_Kaggle_Baseline
Global Baseline,2020,Mixed Grain Baseline,1560.0,34.0,29.0,40.0,65.0,18.5,74.0,22.0,16.0,6.5,70.0,4.5,1000.0,10000.0,Global_Kaggle_Baseline
Global Baseline,2020,Mixed Grain Baseline,1380.0,29.0,24.0,35.0,65.0,18.5,73.0,23.0,20.0,6.5,73.0,4.5,1000.0,10000.0,Global_Kaggle_Baseline
Global Baseline,2020,Mixed Grain Baseline,1190.0,24.0,19.0,30.0,65.0,18.5,70.0,22.0,18.0,6.5,70.0,4.5,1000.0,10000.0,Global_Kaggle_Baseline
Global Baseline,2020,Mixed Grain Baseline,1380.0,29.0,24.0,35.0,65.0,18.5,73.0,21.0,19.0,6.5,72.0,4.5,1000.0,10000.0,Global_Kaggle_Baseline
Global Baseline,2020,Mixed Grain Baseline,1380.0,29.0,24.0,35.0,65.0,18.5,73.0,23.0,20.0,6.5,73.0,4.5,1000.0,10000.0,Global_Kaggle_Baseline
Global Baseline,2020,Mixed Grain Baseline,1190.0,24.0,19.0,30.0,65.0,18.5,70.0,22.0,18.0,6.5,70.0,4.5,1000.0,10000.0,Global_Kaggle_Baseline
Global Baseline,2020,Mixed Grain Baseline,1390.0,29.0,24.0,35.0,65.0,18.5,75.0,22.0,19.0,6.5,77.0,4.5,1000.0,10000.0,Global_Kaggle_Baseline
Global Baseline,2020,Mixed Grain Baseline,1335.0,27.0,22.0,33.0,65.0,18.5,78.0,22.0,19.0,6.5,78.0,4.5,1000.0,10000.0,Global_Kaggle_Baseline
Global Baseline,2020,Mixed Grain Baseline,1365.0,28.0,23.0,34.0,65.0,18.5,77.0,23.0,19.0,6.5,79.0,4.5,1000.0,10000.0,Global_Kaggle_Baseline
Global Baseline,2020,Mixed Grain Baseline,1400.0,29.0,24.0,35.0,65.0,18.5,77.0,23.0,19.0,6.5,75.0,4.5,1000.0,10000.0,Global_Kaggle_Baseline
Global Baseline,2020,Mixed Grain Baseline,1360.0,28.0,23.0,34.0,65.0,18.5,76.0,22.0,19.0,6.5,77.0,4.5,1000.0,10000.0,Global_Kaggle_Baseline
Global Baseline,2020,Mixed Grain Baseline,1330.0,28.0,23.0,34.0,65.0,18.5,70.0,22.0,19.0,6.5,70.0,4.5,1000.0,10000.0,Global_Kaggle_Baseline
Global Baseline,2020,Mixed Grain Baseline,1360.0,28.0,23.0,34.0,65.0,18.5,76.0,22.0,19.0,6.5,77.0,4.5,1000.0,10000.0,Global_Kaggle_Baseline
Global Baseline,2020,Mixed Grain Baseline,1189.42,23.965654750460452,18.97,29.97,65.0,18.5,70.12479930847337,22.07819810333693,17.904868152124337,6.5,70.03463909011502,4.5,1000.0,9861.26,Global_Kaggle_Baseline
Global Baseline,2020,Mixed Grain Baseline,1384.57,29.10238290380125,24.1,35.1,65.0,18.5,73.19788871104097,23.030898111944985,19.841806704480955,6.5,73.16027623201835,4.5,1000.0,9929.63,Global_Kaggle_Baseline
Global Baseline,2020,Mixed Grain Baseline,1361.05,28.024001873686174,23.02,34.02,65.0,18.5,76.04131158410203,21.85407480866146,19.120490667869227,6.5,76.9358278168003,4.5,1000.0,10045.43,Global_Kaggle_Baseline
Global Baseline,2020,Mixed Grain Baseline,1332.16,26.917799537613625,21.92,32.92,65.0,18.5,78.00747838978477,21.96286749312046,18.94207416701671,6.5,78.05832591205238,4.5,1000.0,10219.18,Global_Kaggle_Baseline
Global Baseline,2020,Mixed Grain Baseline,1328.33,27.962305741979996,22.96,33.96,65.0,18.5,69.9298222043793,21.97903413187053,19.10903233539628,6.5,69.97005795871954,4.5,1000.0,10228.06,Global_Kaggle_Baseline
Global Baseline,2020,Mixed Grain Baseline,1389.96,28.99220049673908,23.99,34.99,65.0,18.5,75.04750907613897,21.945749167201942,19.067010917910025,6.5,76.92724785750534,4.5,1000.0,9746.51,Global_Kaggle_Baseline
Global Baseline,2020,Mixed Grain Baseline,1332.55,28.07871322444971,23.08,34.08,65.0,18.5,69.95957179896853,21.83379563148865,18.834328551989344,6.5,69.99997646205048,4.5,1000.0,9888.51,Global_Kaggle_Baseline
Global Baseline,2020,Mixed Grain Baseline,1553.11,33.84544693615073,28.85,39.85,65.0,18.5,73.7041817746952,22.12535463466259,16.158178782837336,6.5,69.89926661091066,4.5,1000.0,9914.56,Global_Kaggle_Baseline
Global Baseline,2020,Mixed Grain Baseline,1363.48,28.086312437045905,23.09,34.09,65.0,18.5,76.0909139449109,22.038398818830466,18.974582484713444,6.5,76.85739907420147,4.5,1000.0,9950.8,Global_Kaggle_Baseline
Global Baseline,2020,Mixed Grain Baseline,1357.73,27.944337938414613,22.94,33.94,65.0,18.5,75.9347086367046,21.91604493011799,19.1079291722789,6.5,76.97508110188761,4.5,1000.0,10051.19,Global_Kaggle_Baseline
Global Baseline,2020,Mixed Grain Baseline,1191.9,24.07958538102132,19.08,30.08,65.0,18.5,69.82204338804091,22.04516593114809,18.084247299570013,6.5,70.03537591463521,4.5,1000.0,9937.5,Global_Kaggle_Baseline
Global Baseline,2020,Mixed Grain Baseline,1376.08,28.88266105778999,23.88,34.88,65.0,18.5,73.03776759575287,22.910025206533867,20.110064764869293,6.5,72.8699635599139,4.5,1000.0,9860.56,Global_Kaggle_Baseline
Global Baseline,2020,Mixed Grain Baseline,1382.86,29.06903797427097,24.07,35.07,65.0,18.5,73.08924016637576,23.166024564549517,20.05559200848652,6.5,72.80848939152767,4.5,1000.0,10012.29,Global_Kaggle_Baseline
Global Baseline,2020,Mixed Grain Baseline,1557.36,33.92515078331039,28.93,39.93,65.0,18.5,73.99687773855013,21.963428730796217,16.07087763944037,6.5,70.26947044360409,4.5,1000.0,10012.0,Global_Kaggle_Baseline
Global Baseline,2020,Mixed Grain Baseline,1357.11,27.89361240468198,22.89,33.89,65.0,18.5,76.16750735489943,22.09313402042892,18.905811479501647,6.5,76.88509207370082,4.5,1000.0,9990.43,Global_Kaggle_Baseline
Global Baseline,2020,Mixed Grain Baseline,1397.58,28.94615543163226,23.95,34.95,65.0,18.5,76.89297313463452,22.90905743416452,19.182617854355325,6.5,75.00195838608298,4.5,1000.0,10213.08,Global_Kaggle_Baseline
Global Baseline,2020,Mixed Grain Baseline,1186.5,23.883655630163435,18.88,29.88,65.0,18.5,70.11507481420797,22.116447165840384,18.094415465486197,6.5,70.01186372299463,4.5,1000.0,9939.44,Global_Kaggle_Baseline
Global Baseline,2020,Mixed Grain Baseline,1394.63,28.85932718028208,23.86,34.86,65.0,18.5,76.91042861213354,23.00872578404879,19.27691343005048,6.5,75.16429868064829,4.5,1000.0,9976.01,Global_Kaggle_Baseline
Global Baseline,2020,Mixed Grain Baseline,1334.93,28.13309338488048,23.13,34.13,65.0,18.5,70.05461430877567,22.015024244627696,18.92265253715592,6.5,70.0806336635863,4.5,1000.0,10088.4,Global_Kaggle_Baseline
Global Baseline,2020,Mixed Grain Baseline,1388.79,28.971885393834054,23.97,34.97,65.0,18.5,74.95556865461413,21.986860733325944,19.021504851243428,6.5,77.10905886654753,4.5,1000.0,9945.91,Global_Kaggle_Baseline
Global Baseline,2020,Mixed Grain Baseline,1376.71,28.882183701999136,23.88,34.88,65.0,18.5,73.16637887300142,21.015244873017668,19.080498506414035,6.5,71.94487044086011,4.5,1000.0,10111.22,Global_Kaggle_Baseline
Global Baseline,2020,Mixed Grain Baseline,1383.23,29.102707781586208,24.1,35.1,65.0,18.5,72.92642325677642,22.929820867355804,20.082612055967296,6.5,72.90754133776521,4.5,1000.0,10042.69,Global_Kaggle_Baseline
Global Baseline,2020,Mixed Grain Baseline,1396.47,29.175077484790368,24.18,35.18,65.0,18.5,75.06794953777253,21.998240236825453,18.94116847916283,6.5,77.10674524519548,4.5,1000.0,10074.88,Global_Kaggle_Baseline
Global Baseline,2020,Mixed Grain Baseline,1192.31,24.06394857535937,19.06,30.06,65.0,18.5,70.01480815524198,21.827384771562222,18.14433796822663,6.5,70.10596353383337,4.5,1000.0,9926.76,Global_Kaggle_Baseline
Global Baseline,2020,Mixed Grain Baseline,1331.42,28.045279094386316,23.05,34.05,65.0,18.5,69.96673790077107,22.02200374324737,18.81174774125401,6.5,70.0039222588747,4.5,1000.0,10044.35,Global_Kaggle_Baseline
Global Baseline,2020,Mixed Grain Baseline,1364.09,28.117962618929617,23.12,34.12,65.0,18.5,75.99262700414936,21.865870372259423,19.136351652050557,6.5,76.87115623053502,4.5,1000.0,9973.81,Global_Kaggle_Baseline
Global Baseline,2020,Mixed Grain Baseline,1380.8,29.02550123508952,24.03,35.03,65.0,18.5,72.98133116674174,23.157917528086926,19.9900754994197,6.5,72.91522507173636,4.5,1000.0,9906.99,Global_Kaggle_Baseline
Global Baseline,2020,Mixed Grain Baseline,1193.83,24.11893012490581,19.12,30.12,65.0,18.5,69.93301367603914,21.94322097428026,17.95553818342956,6.5,70.00362375757994,4.5,1000.0,9897.04,Global_Kaggle_Baseline
Global Baseline,2020,Mixed Grain Baseline,1375.91,28.88714706015423,23.89,34.89,65.0,18.5,72.97179659239234,22.960775685756605,19.972156251588466,6.5,72.95057126368138,4.5,1000.0,9899.95,Global_Kaggle_Baseline
Global Baseline,2020,Mixed Grain Baseline,1383.15,29.09556019924418,24.1,35.1,65.0,18.5,72.96042838002592,23.000732788622937,20.010638429882977,6.5,72.91961727489922,4.5,1000.0,10058.92,Global_Kaggle_Baseline
Global Baseline,2020,Mixed Grain Baseline,1380.67,29.01412979286016,24.01,35.01,65.0,18.5,73.03558041774369,23.057471560191065,20.114762155485018,6.5,73.0962194977608,4.5,1000.0,9970.63,Global_Kaggle_Baseline
Global Baseline,2020,Mixed Grain Baseline,1366.73,28.038446871833976,23.04,34.04,65.0,18.5,77.07686493028065,22.828346292590197,19.09699541600357,6.5,79.05788609589884,4.5,1000.0,9945.54,Global_Kaggle_Baseline
Global Baseline,2020,Mixed Grain Baseline,1392.86,29.08215152683246,24.08,35.08,65.0,18.5,74.99752757922975,21.839416896475843,18.95015895951378,6.5,77.04251786603176,4.5,1000.0,10143.07,Global_Kaggle_Baseline
Global Baseline,2020,Mixed Grain Baseline,1379.85,29.01254766359319,24.01,35.01,65.0,18.5,72.88238032870942,22.818014750560504,19.86927189237184,6.5,73.1058237424742,4.5,1000.0,9995.7,Global_Kaggle_Baseline
Global Baseline,2020,Mixed Grain Baseline,1371.15,28.718533149537397,23.72,34.72,65.0,18.5,73.2002220205781,22.83154436383038,19.950611970185328,6.5,73.02235738889486,4.5,1000.0,10055.9,Global_Kaggle_Baseline
Global Baseline,2020,Mixed Grain Baseline,1359.56,27.97800499217601,22.98,33.98,65.0,18.5,76.06643924282847,22.023064502736528,18.82486343389094,6.5,77.06167802330253,4.5,1000.0,9856.78,Global_Kaggle_Baseline
Global Baseline,2020,Mixed Grain Baseline,1329.26,27.99463934682624,22.99,33.99,65.0,18.5,69.88898779393197,21.88500818672204,19.16299907295193,6.5,70.07577071273688,4.5,1000.0,9879.27,Global_Kaggle_Baseline
Global Baseline,2020,Mixed Grain Baseline,1382.55,29.048181845024704,24.05,35.05,65.0,18.5,73.17276838903031,20.97833618324776,19.045839696861027,6.5,72.05848712810308,4.5,1000.0,9802.0,Global_Kaggle_Baseline
Global Baseline,2020,Mixed Grain Baseline,1335.53,27.03657403040352,22.04,33.04,65.0,18.5,77.84971761369594,21.886010581179665,18.896081490942407,6.5,78.11388301409309,4.5,1000.0,9991.08,Global_Kaggle_Baseline
Global Baseline,2020,Mixed Grain Baseline,1399.23,28.977235821596565,23.98,34.98,65.0,18.5,77.00623700999694,23.08888705731404,18.870884328938832,6.5,74.97759369715345,4.5,1000.0,9936.94,Global_Kaggle_Baseline
Global Baseline,2020,Mixed Grain Baseline,1378.53,28.96103915939065,23.96,34.96,65.0,18.5,72.97955492571378,22.95144349677933,19.926822146598063,6.5,73.062780562907,4.5,1000.0,9847.41,Global_Kaggle_Baseline
Global Baseline,2020,Mixed Grain Baseline,1366.99,28.04310252729393,23.04,34.04,65.0,18.5,77.09610264075296,22.980879403533844,18.989230799083533,6.5,78.97029041765992,4.5,1000.0,9869.54,Global_Kaggle_Baseline
Global Baseline,2020,Mixed Grain Baseline,1384.88,29.083123626995462,24.08,35.08,65.0,18.5,73.39321926910442,20.940345334442515,19.109267561588297,6.5,71.91321763448352,4.5,1000.0,9951.56,Global_Kaggle_Baseline
Global Baseline,2020,Mixed Grain Baseline,1376.61,28.90420587873613,23.9,34.9,65.0,18.5,72.99186898052365,22.820812428913857,20.1054073696965,6.5,72.83331558075768,4.5,1000.0,9980.29,Global_Kaggle_Baseline
Global Baseline,2020,Mixed Grain Baseline,1401.08,29.028874837718345,24.03,35.03,65.0,18.5,77.01303590498019,23.11642939679925,19.083934787562256,6.5,74.9488660582729,4.5,1000.0,10127.74,Global_Kaggle_Baseline
Global Baseline,2020,Mixed Grain Baseline,1356.66,27.921492174632935,22.92,33.92,65.0,18.5,75.88229044838148,21.98425501041622,18.992972959186886,6.5,77.01966860164194,4.5,1000.0,10164.88,Global_Kaggle_Baseline
Global Baseline,2020,Mixed Grain Baseline,1378.62,28.97194103774754,23.97,34.97,65.0,18.5,72.9198575949149,20.92206137434753,19.1094963371079,6.5,72.09820492657815,4.5,1000.0,10025.61,Global_Kaggle_Baseline
Global Baseline,2020,Mixed Grain Baseline,1559.04,33.962368222469216,28.96,39.96,65.0,18.5,74.07107602973949,22.09395989535804,16.12133858095272,6.5,70.04527125537672,4.5,1000.0,9985.29,Global_Kaggle_Baseline
Global Baseline,2020,Mixed Grain Baseline,1361.32,28.0466881354085,23.05,34.05,65.0,18.5,75.93723457721869,22.10083886789349,19.23843816761072,6.5,77.16319939360008,4.5,1000.0,10106.66,Global_Kaggle_Baseline
Global Baseline,2020,Mixed Grain Baseline,1380.84,29.0298244720258,24.03,35.03,65.0,18.5,72.95935092529592,23.00575998608568,19.84738662613293,6.5,72.7867608902018,4.5,1000.0,9870.32,Global_Kaggle_Baseline
Global Baseline,2020,Mixed Grain Baseline,1376.89,28.920807394704333,23.92,34.92,65.0,18.5,72.9333414503016,20.93182453551712,19.056462986433583,6.5,72.03242935127733,4.5,1000.0,10143.28,Global_Kaggle_Baseline
Global Baseline,2020,Mixed Grain Baseline,1195.59,24.166843793936973,19.17,30.17,65.0,18.5,69.94974288597574,22.18210666822768,18.06099194748631,6.5,70.07374419059192,4.5,1000.0,9945.34,Global_Kaggle_Baseline
Global Baseline,2020,Mixed Grain Baseline,1394.58,28.848523847231675,23.85,34.85,65.0,18.5,76.97565051192001,22.967019892808107,18.939338182817924,6.5,75.07539360796163,4.5,1000.0,10183.13,Global_Kaggle_Baseline
Global Baseline,2020,Mixed Grain Baseline,1332.14,26.883023640837195,21.88,32.88,65.0,18.5,78.24682130688855,21.934419684199952,18.93397265622859,6.5,77.98421974654187,4.5,1000.0,9881.14,Global_Kaggle_Baseline
Global Baseline,2020,Mixed Grain Baseline,1186.39,23.901792275399355,18.9,29.9,65.0,18.5,69.96487229463423,22.208195238180007,18.004722708688764,6.5,69.94976206059253,4.5,1000.0,10035.67,Global_Kaggle_Baseline
Global Baseline,2020,Mixed Grain Baseline,1366.92,28.05861467372912,23.06,34.06,65.0,18.5,76.973799963728,22.86021410418677,19.09650002871643,6.5,79.09578352509713,4.5,1000.0,10196.08,Global_Kaggle_Baseline
Global Baseline,2020,Mixed Grain Baseline,1381.68,29.01870216741163,24.02,35.02,65.0,18.5,73.20414087055153,22.909402894975187,20.232643234919863,6.5,73.08846190486966,4.5,1000.0,10104.57,Global_Kaggle_Baseline
Global Baseline,2020,Mixed Grain Baseline,1337.59,27.10059863661623,22.1,33.1,65.0,18.5,77.81453217260822,22.08735075428326,18.88123511316033,6.5,77.90433039114224,4.5,1000.0,9948.8,Global_Kaggle_Baseline
Global Baseline,2020,Mixed Grain Baseline,1359.65,27.98021074274677,22.98,33.98,65.0,18.5,76.06822371842907,22.046993435971228,18.98822303564125,6.5,76.96234709473208,4.5,1000.0,10044.39,Global_Kaggle_Baseline
Global Baseline,2020,Mixed Grain Baseline,1373.89,28.83931854572955,23.84,34.84,65.0,18.5,72.90327344367249,23.18442770688097,19.99136319476364,6.5,72.88543185384222,4.5,1000.0,10085.15,Global_Kaggle_Baseline
Global Baseline,2020,Mixed Grain Baseline,1364.99,28.00236382259485,23.0,34.0,65.0,18.5,76.9805180714313,23.01463880544602,19.12271025943768,6.5,79.15300326868929,4.5,1000.0,9848.85,Global_Kaggle_Baseline
Global Baseline,2020,Mixed Grain Baseline,1329.55,27.979200642175066,22.98,33.98,65.0,18.5,70.05591877426906,21.904360793260448,19.016797879523924,6.5,70.18466116313957,4.5,1000.0,9978.15,Global_Kaggle_Baseline
Global Baseline,2020,Mixed Grain Baseline,1376.35,28.893149518837493,23.89,34.89,65.0,18.5,73.01767713679975,23.1199883901602,20.052581365882965,6.5,72.97485953927534,4.5,1000.0,9877.49,Global_Kaggle_Baseline
Global Baseline,2020,Mixed Grain Baseline,1334.69,28.151169632598585,23.15,34.15,65.0,18.5,69.8804321058867,21.84402972856952,18.790107342904065,6.5,69.96839895239557,4.5,1000.0,10132.94,Global_Kaggle_Baseline
Global Baseline,2020,Mixed Grain Baseline,1393.07,29.098325146161237,24.1,35.1,65.0,18.5,74.9255953113357,22.001098382459038,19.009956987965715,6.5,77.00784712205174,4.5,1000.0,9930.42,Global_Kaggle_Baseline
Global Baseline,2020,Mixed Grain Baseline,1372.64,28.800528624715657,23.8,34.8,65.0,18.5,72.92400660880865,22.885309845719835,19.95431443274992,6.5,72.83438586874875,4.5,1000.0,10007.04,Global_Kaggle_Baseline
Global Baseline,2020,Mixed Grain Baseline,1353.35,27.790870980206066,22.79,33.79,65.0,18.5,76.13321535115325,21.90121579446846,19.167696801899165,6.5,76.8862824788506,4.5,1000.0,9878.16,Global_Kaggle_Baseline
Global Baseline,2020,Mixed Grain Baseline,1374.8,28.84694479976425,23.85,34.85,65.0,18.5,73.03179733866868,22.95146402115621,20.080222405684147,6.5,72.89376944433039,4.5,1000.0,9892.63,Global_Kaggle_Baseline
Global Baseline,2020,Mixed Grain Baseline,1189.39,23.98465445133531,18.98,29.98,65.0,18.5,69.98480730989982,21.95949038000802,18.003996247528423,6.5,70.08937032177924,4.5,1000.0,9805.27,Global_Kaggle_Baseline
Global Baseline,2020,Mixed Grain Baseline,1351.29,27.73992538653976,22.74,33.74,65.0,18.5,76.07922570058261,22.080759416319317,19.08697746981005,6.5,76.9385767008343,4.5,1000.0,10011.31,Global_Kaggle_Baseline
Global Baseline,2020,Mixed Grain Baseline,1401.52,29.065458592026896,24.07,35.07,65.0,18.5,76.84557666055504,22.963187057245243,18.91798665728938,6.5,75.00265039126812,4.5,1000.0,10235.33,Global_Kaggle_Baseline
Global Baseline,2020,Mixed Grain Baseline,1361.6,27.895258598636016,22.9,33.9,65.0,18.5,77.05404697986604,22.903115096301853,19.027595150467384,6.5,78.93214333570567,4.5,1000.0,9885.6,Global_Kaggle_Baseline
Global Baseline,2020,Mixed Grain Baseline,1356.95,27.93507131881969,22.94,33.94,65.0,18.5,75.845323215689,21.919123537405437,19.116116515227297,6.5,77.05951223546069,4.5,1000.0,9974.93,Global_Kaggle_Baseline
Global Baseline,2020,Mixed Grain Baseline,1367.59,28.06811931587101,23.07,34.07,65.0,18.5,77.0409028586406,22.93241131274824,18.95769753833469,6.5,78.94908338596359,4.5,1000.0,9976.32,Global_Kaggle_Baseline
Global Baseline,2020,Mixed Grain Baseline,1380.76,28.99805144492569,24.0,35.0,65.0,18.5,73.16636787541728,22.88519366623712,20.038154681567843,6.5,73.16877894443284,4.5,1000.0,10026.99,Global_Kaggle_Baseline
Global Baseline,2020,Mixed Grain Baseline,1354.27,27.8257174828011,22.83,33.83,65.0,18.5,76.07419747745875,22.084824994161597,19.110151753930943,6.5,77.11986173593131,4.5,1000.0,10192.41,Global_Kaggle_Baseline
Global Baseline,2020,Mixed Grain Baseline,1561.64,34.049531682866295,29.05,40.05,65.0,18.5,73.98052806663375,21.912167002221363,16.12351122321346,6.5,69.94959529440004,4.5,1000.0,10030.94,Global_Kaggle_Baseline
Global Baseline,2020,Mixed Grain Baseline,1356.87,27.912310926588777,22.91,33.91,65.0,18.5,75.98729590735016,21.89324629080876,19.08753241507755,6.5,77.06144764473417,4.5,1000.0,9963.53,Global_Kaggle_Baseline
Global Baseline,2020,Mixed Grain Baseline,1196.19,24.168633550191736,19.17,30.17,65.0,18.5,70.05707604117447,21.98857918423713,18.117136851780668,6.5,69.90142536090562,4.5,1000.0,9961.48,Global_Kaggle_Baseline
Global Baseline,2020,Mixed Grain Baseline,1336.52,27.06213084369956,22.06,33.06,65.0,18.5,77.86903470694303,21.954938086340952,18.78345630716704,6.5,77.93018382194468,4.5,1000.0,10061.98,Global_Kaggle_Baseline
Global Baseline,2020,Mixed Grain Baseline,1185.93,23.89335794640858,18.89,29.89,65.0,18.5,69.93159289519829,22.1147256468807,18.226789291489563,6.5,70.05576076128409,4.5,1000.0,9901.02,Global_Kaggle_Baseline
Global Baseline,2020,Mixed Grain Baseline,1370.88,28.771394292317662,23.77,34.77,65.0,18.5,72.77585390369924,22.99804497984238,19.92315264459361,6.5,72.95092060614068,4.5,1000.0,9982.23,Global_Kaggle_Baseline
Global Baseline,2020,Mixed Grain Baseline,1395.67,28.86481220982933,23.86,34.86,65.0,18.5,77.0810223642182,22.977107759958297,18.9740975463553,6.5,75.03456485713521,4.5,1000.0,10069.03,Global_Kaggle_Baseline
Global Baseline,2020,Mixed Grain Baseline,1360.58,28.038027860449667,23.04,34.04,65.0,18.5,75.84904134270194,22.042352751346645,19.144270131219727,6.5,76.89718313619856,4.5,1000.0,10034.75,Global_Kaggle_Baseline
Global Baseline,2020,Mixed Grain Baseline,1190.87,24.01590061301694,19.02,30.02,65.0,18.5,70.06313885010813,22.0439867893196,17.968904341438705,6.5,70.124032029168,4.5,1000.0,10062.42,Global_Kaggle_Baseline
Global Baseline,2020,Mixed Grain Baseline,1398.67,28.962355114456816,23.96,34.96,65.0,18.5,76.99765187429867,23.022484939307844,18.96062020151501,6.5,75.02097236274746,4.5,1000.0,9896.78,Global_Kaggle_Baseline
Global Baseline,2020,Mixed Grain Baseline,1382.64,29.0678661150152,24.07,35.07,65.0,18.5,73.05383348051828,20.981332931334197,19.13999428656146,6.5,72.10322533924577,4.5,1000.0,9847.86,Global_Kaggle_Baseline
Global Baseline,2020,Mixed Grain Baseline,1335.97,27.04048922113099,22.04,33.04,65.0,18.5,77.90973860016214,21.86001970266777,18.92622568270789,6.5,77.92543827121595,4.5,1000.0,10105.13,Global_Kaggle_Baseline
Global Baseline,2020,Mixed Grain Baseline,1366.71,28.04835487606723,23.05,34.05,65.0,18.5,77.00418595567058,23.023212541584936,18.90956905981974,6.5,79.01794811769815,4.5,1000.0,10162.26,Global_Kaggle_Baseline
Global Baseline,2020,Mixed Grain Baseline,1398.67,28.97138170528308,23.97,34.97,65.0,18.5,76.93421697162147,22.99851552186323,18.867980248729104,6.5,74.9499301827776,4.5,1000.0,9850.64,Global_Kaggle_Baseline
Global Baseline,2020,Mixed Grain Baseline,1374.09,28.854954557442245,23.85,34.85,65.0,18.5,72.83329407837479,21.128111352314964,18.98094781927931,6.5,72.02739147132945,4.5,1000.0,9977.3,Global_Kaggle_Baseline
Global Baseline,2020,Mixed Grain Baseline,1386.17,28.90678079467288,23.91,34.91,65.0,18.5,74.88619539911068,21.945837447384083,18.95698654189229,6.5,76.96097969638402,4.5,1000.0,10157.75,Global_Kaggle_Baseline
Global Baseline,2020,Mixed Grain Baseline,1406.92,29.222035545995865,24.22,35.22,65.0,18.5,76.83026253463272,23.07677224500097,19.001698786351728,6.5,75.25538252288383,4.5,1000.0,10054.12,Global_Kaggle_Baseline
Global Baseline,2020,Mixed Grain Baseline,1380.05,29.022514457711114,24.02,35.02,65.0,18.5,72.85312319881614,22.91968917083033,19.935464286414746,6.5,73.02792100137138,4.5,1000.0,10071.24,Global_Kaggle_Baseline
Global Baseline,2020,Mixed Grain Baseline,1383.43,29.06460627979603,24.06,35.06,65.0,18.5,73.2341651243814,21.017285563228363,19.163277831596087,6.5,71.97799959326804,4.5,1000.0,9884.66,Global_Kaggle_Baseline
Global Baseline,2020,Mixed Grain Baseline,1390.99,29.31190165936676,24.31,35.31,65.0,18.5,73.0144831514992,20.970352913900424,18.899397414932185,6.5,72.08969763332536,4.5,1000.0,9880.63,Global_Kaggle_Baseline
Global Baseline,2020,Mixed Grain Baseline,1194.36,24.138053447927376,19.14,30.14,65.0,18.5,69.90532387367689,22.06684664846349,18.02051742573657,6.5,69.89321036056427,4.5,1000.0,9962.6,Global_Kaggle_Baseline
Global Baseline,2020,Mixed Grain Baseline,1380.17,29.008237303081557,24.01,35.01,65.0,18.5,72.97601498821469,23.06384342012528,20.03565143626618,6.5,72.91855303180131,4.5,1000.0,9738.17,Global_Kaggle_Baseline
Global Baseline,2020,Mixed Grain Baseline,1377.54,28.941354020543734,23.94,34.94,65.0,18.5,72.91858503888783,22.988421334069336,20.104841839234147,6.5,72.98899731907424,4.5,1000.0,10023.07,Global_Kaggle_Baseline
Global Baseline,2020,Mixed Grain Baseline,1378.09,28.92848058603372,23.93,34.93,65.0,18.5,73.11838665968038,21.24501971068953,18.962606100074566,6.5,71.8471928682166,4.5,1000.0,9910.59,Global_Kaggle_Baseline
Global Baseline,2020,Mixed Grain Baseline,1337.15,27.089854353183966,22.09,33.09,65.0,18.5,77.8008976247957,22.05225761365529,19.041669087969662,6.5,77.97463575024253,4.5,1000.0,9841.09,Global_Kaggle_Baseline
Global Baseline,2020,Mixed Grain Baseline,1378.62,28.94278322241749,23.94,34.94,65.0,18.5,73.12484126464514,23.021951428293335,20.001719946115163,6.5,73.12200996889064,4.5,1000.0,9966.64,Global_Kaggle_Baseline
Global Baseline,2020,Mixed Grain Baseline,1337.53,27.06709661425499,22.07,33.07,65.0,18.5,78.03589218827537,21.925209790215884,18.911242014612608,6.5,78.03299240339983,4.5,1000.0,10036.45,Global_Kaggle_Baseline
Global Baseline,2020,Mixed Grain Baseline,1552.36,33.764241545219384,28.76,39.76,65.0,18.5,74.12330785361239,21.86220753101504,16.08816313376095,6.5,69.92723518314442,4.5,1000.0,10009.27,Global_Kaggle_Baseline
Global Baseline,2020,Mixed Grain Baseline,1566.06,34.16566051750704,29.17,40.17,65.0,18.5,74.05265182254581,21.932297827896004,15.911059509666217,6.5,70.05924779783223,4.5,1000.0,9927.59,Global_Kaggle_Baseline
Global Baseline,2020,Mixed Grain Baseline,1332.9,26.94773916831042,21.95,32.95,65.0,18.5,77.9450683410186,21.914286930403428,18.99425072855125,6.5,78.14739218917859,4.5,1000.0,9955.11,Global_Kaggle_Baseline
Global Baseline,2020,Mixed Grain Baseline,1373.87,28.84029251886647,23.84,34.84,65.0,18.5,72.89149222079408,21.127111273534663,19.037091772951687,6.5,72.05624991732687,4.5,1000.0,10107.77,Global_Kaggle_Baseline
Global Baseline,2020,Mixed Grain Baseline,1355.7,27.876618520009384,22.88,33.88,65.0,18.5,76.00304340315492,21.783221152450132,18.93373398871025,6.5,76.97254915733075,4.5,1000.0,9846.2,Global_Kaggle_Baseline
Global Baseline,2020,Mixed Grain Baseline,1376.66,28.898502737024625,23.9,34.9,65.0,18.5,73.04175638379758,20.9341223112182,18.925637733940224,6.5,71.99870051877707,4.5,1000.0,10006.48,Global_Kaggle_Baseline
Global Baseline,2020,Mixed Grain Baseline,1399.39,28.977413893478744,23.98,34.98,65.0,18.5,77.03642034855791,23.05071477258336,18.940801657534266,6.5,74.96033901397189,4.5,1000.0,9927.91,Global_Kaggle_Baseline
Global Baseline,2020,Mixed Grain Baseline,1362.79,27.95341523702326,22.95,33.95,65.0,18.5,76.88331835107103,23.085396364786323,18.98757325070805,6.5,78.78784373856766,4.5,1000.0,9955.12,Global_Kaggle_Baseline
Global Baseline,2020,Mixed Grain Baseline,1384.64,29.142257511883027,24.14,35.14,65.0,18.5,72.93295776319668,23.19118695919337,19.94612192789265,6.5,72.90602955341978,4.5,1000.0,10045.1,Global_Kaggle_Baseline
Global Baseline,2020,Mixed Grain Baseline,1377.35,28.93196954391057,23.93,34.93,65.0,18.5,72.94566689146656,22.948364541320053,20.058340124175498,6.5,73.00896396565132,4.5,1000.0,9840.34,Global_Kaggle_Baseline
Global Baseline,2020,Mixed Grain Baseline,1399.84,28.996919975829357,24.0,35.0,65.0,18.5,76.9896369415295,22.997964474226567,18.94650950297646,6.5,75.20837847661699,4.5,1000.0,10021.38,Global_Kaggle_Baseline
Global Baseline,2020,Mixed Grain Baseline,1559.81,33.96811293977513,28.97,39.97,65.0,18.5,74.18559956279157,21.959604680104125,16.078218027331886,6.5,70.0776324713994,4.5,1000.0,9825.24,Global_Kaggle_Baseline
Global Baseline,2020,Mixed Grain Baseline,1376.85,28.9233414309625,23.92,34.92,65.0,18.5,72.90647038167816,23.12492614966866,19.86274118581501,6.5,73.00315363571528,4.5,1000.0,9826.61,Global_Kaggle_Baseline
Global Baseline,2020,Mixed Grain Baseline,1404.53,29.12199637545068,24.12,35.12,65.0,18.5,77.05130811033665,23.063161924218385,18.97631544047293,6.5,75.0860650499393,4.5,1000.0,10000.32,Global_Kaggle_Baseline
Global Baseline,2020,Mixed Grain Baseline,1367.48,28.192828613915065,23.19,34.19,65.0,18.5,76.14587579002679,22.173002184053352,19.01126317682853,6.5,76.88244992126607,4.5,1000.0,10120.36,Global_Kaggle_Baseline
Global Baseline,2020,Mixed Grain Baseline,1361.26,28.029961171518725,23.03,34.03,65.0,18.5,76.04272611857496,21.983443576586417,19.09164829017961,6.5,76.85961200319488,4.5,1000.0,9951.95,Global_Kaggle_Baseline
Global Baseline,2020,Mixed Grain Baseline,1358.69,27.82520325409777,22.83,33.83,65.0,18.5,76.96072337087655,23.086840505023574,19.043330267816355,6.5,79.00429826376538,4.5,1000.0,10020.81,Global_Kaggle_Baseline
Global Baseline,2020,Mixed Grain Baseline,1405.63,29.17011131761893,24.17,35.17,65.0,18.5,76.93592301513122,22.905511106506665,18.90168123398701,6.5,75.08573516297707,4.5,1000.0,9959.17,Global_Kaggle_Baseline
Global Baseline,2020,Mixed Grain Baseline,1186.94,23.902288774664942,18.9,29.9,65.0,18.5,70.0726253208843,21.95172800387804,17.903815106472248,6.5,69.91782948535348,4.5,1000.0,9937.06,Global_Kaggle_Baseline
Global Baseline,2020,Mixed Grain Baseline,1332.57,28.06141092036233,23.06,34.06,65.0,18.5,70.08490696246882,22.014649629336947,18.827543282340635,6.5,70.05463365891292,4.5,1000.0,9972.82,Global_Kaggle_Baseline
Global Baseline,2020,Mixed Grain Baseline,1363.33,28.07941876213263,23.08,34.08,65.0,18.5,76.11058182093196,21.95144731583308,19.024299240581424,6.5,76.95376264013538,4.5,1000.0,10013.02,Global_Kaggle_Baseline
Global Baseline,2020,Mixed Grain Baseline,1362.66,27.934176395181787,22.93,33.93,65.0,18.5,76.99251643497826,22.843060617774853,18.98751759369512,6.5,79.00449407442726,4.5,1000.0,9924.29,Global_Kaggle_Baseline
Global Baseline,2020,Mixed Grain Baseline,1360.34,28.014121652832536,23.01,34.01,65.0,18.5,75.96979495945504,21.894776371662942,19.095191548187834,6.5,77.05766022186181,4.5,1000.0,9852.77,Global_Kaggle_Baseline
Global Baseline,2020,Mixed Grain Baseline,1391.77,29.062517314847003,24.06,35.06,65.0,18.5,74.91712502751608,21.958093162153094,18.96747011326716,6.5,77.02799610134369,4.5,1000.0,10071.49,Global_Kaggle_Baseline
Global Baseline,2020,Mixed Grain Baseline,1366.97,28.073066586969148,23.07,34.07,65.0,18.5,76.88159233326908,23.181076820844638,18.923562371402667,6.5,78.93820641910553,4.5,1000.0,9987.23,Global_Kaggle_Baseline
Global Baseline,2020,Mixed Grain Baseline,1190.3,24.009680183583736,19.01,30.01,65.0,18.5,69.99229269122888,21.997060942639628,18.025090363020016,6.5,69.83386891353288,4.5,1000.0,10105.32,Global_Kaggle_Baseline
Global Baseline,2020,Mixed Grain Baseline,1402.23,29.070477702250084,24.07,35.07,65.0,18.5,76.9526922418644,22.95438793586167,19.022518357304413,6.5,75.13091763303495,4.5,1000.0,9916.77,Global_Kaggle_Baseline
Global Baseline,2020,Mixed Grain Baseline,1336.41,27.0542423555585,22.05,33.05,65.0,18.5,77.90146861031705,21.867444947946545,19.084302125917095,6.5,78.01583678049938,4.5,1000.0,10045.78,Global_Kaggle_Baseline
Global Baseline,2020,Mixed Grain Baseline,1403.93,29.09252099761694,24.09,35.09,65.0,18.5,77.13746427576386,22.98481259590976,18.98899463401233,6.5,75.26293805180363,4.5,1000.0,10023.38,Global_Kaggle_Baseline
Global Baseline,2020,Mixed Grain Baseline,1376.71,28.9256203559266,23.93,34.93,65.0,18.5,72.86288152518503,20.996229072877554,19.053521842352453,6.5,71.96782039838762,4.5,1000.0,10087.38,Global_Kaggle_Baseline
Global Baseline,2020,Mixed Grain Baseline,1326.37,27.873480033511004,22.87,33.87,65.0,18.5,70.15943817209845,21.962665561582025,19.109376368690025,6.5,69.99094146183337,4.5,1000.0,9898.77,Global_Kaggle_Baseline
Global Baseline,2020,Mixed Grain Baseline,1188.06,23.944958230705645,18.94,29.94,65.0,18.5,69.9982006296907,21.91572614826637,18.110956309768905,6.5,69.99258926692141,4.5,1000.0,9938.32,Global_Kaggle_Baseline
Global Baseline,2020,Mixed Grain Baseline,1396.64,29.18555800228788,24.19,35.19,65.0,18.5,75.02933622787495,22.122501939926,19.105953454489303,6.5,76.91842108120149,4.5,1000.0,9971.96,Global_Kaggle_Baseline
Global Baseline,2020,Mixed Grain Baseline,1381.62,29.03429256035626,24.03,35.03,65.0,18.5,73.08407203360052,22.902839468500407,20.006667736837716,6.5,73.10042610828503,4.5,1000.0,9990.68,Global_Kaggle_Baseline
Global Baseline,2020,Mixed Grain Baseline,1198.88,24.21175685608476,19.21,30.21,65.0,18.5,70.29381081532229,21.884342887537876,17.944167896145554,6.5,70.01956054058353,4.5,1000.0,9944.7,Global_Kaggle_Baseline
Global Baseline,2020,Mixed Grain Baseline,1335.16,26.99942318904509,22.0,33.0,65.0,18.5,78.03559980464343,22.00283672403834,19.181601614000137,6.5,77.79363097132139,4.5,1000.0,9962.89,Global_Kaggle_Baseline
Global Baseline,2020,Mixed Grain Baseline,1408.0,29.20892602574384,24.21,35.21,65.0,18.5,77.13793365853967,23.001668194257643,19.07198365970223,6.5,74.89291148579876,4.5,1000.0,10116.17,Global_Kaggle_Baseline
Global Baseline,2020,Mixed Grain Baseline,1363.45,28.064278374039954,23.06,34.06,65.0,18.5,76.23961950749731,22.07520044512616,19.078283776795693,6.5,76.9281256348154,4.5,1000.0,9969.07,Global_Kaggle_Baseline
Global Baseline,2020,Mixed Grain Baseline,1362.07,28.04879668342477,23.05,34.05,65.0,18.5,76.07234830104002,21.789048026499,19.170130799832723,6.5,77.05794580133946,4.5,1000.0,10207.94,Global_Kaggle_Baseline
Global Baseline,2020,Mixed Grain Baseline,1376.31,28.893098184821355,23.89,34.89,65.0,18.5,73.0106393093929,20.883783813755866,18.91764319829125,6.5,71.98116092446,4.5,1000.0,9992.85,Global_Kaggle_Baseline
Global Baseline,2020,Mixed Grain Baseline,1358.54,27.95886429811256,22.96,33.96,65.0,18.5,75.9956024948352,21.71657859002316,19.14384941837405,6.5,76.84711022155851,4.5,1000.0,9893.32,Global_Kaggle_Baseline
Global Baseline,2020,Mixed Grain Baseline,1330.51,27.97838365865532,22.98,33.98,65.0,18.5,70.25319113923096,22.22116958225789,18.88989301537719,6.5,70.0463855363148,4.5,1000.0,10044.1,Global_Kaggle_Baseline
Global Baseline,2020,Mixed Grain Baseline,1184.79,23.84178608990945,18.84,29.84,65.0,18.5,70.06563681248068,21.746758728283343,18.105370401768383,6.5,70.018190027138,4.5,1000.0,9909.26,Global_Kaggle_Baseline
Global Baseline,2020,Mixed Grain Baseline,1394.44,28.83099085599741,23.83,34.83,65.0,18.5,77.07195589543592,23.14526316194381,18.81941837439883,6.5,74.9536617577381,4.5,1000.0,9975.62,Global_Kaggle_Baseline
Global Baseline,2020,Mixed Grain Baseline,1359.12,27.970262698532352,22.97,33.97,65.0,18.5,76.03234338171053,22.10284154975065,18.91807646014958,6.5,77.07320546540852,4.5,1000.0,9976.18,Global_Kaggle_Baseline
Global Baseline,2020,Mixed Grain Baseline,1379.31,28.975307697593937,23.98,34.98,65.0,18.5,73.0343546557587,23.18891521503204,19.81904315598697,6.5,72.94566079171116,4.5,1000.0,9813.11,Global_Kaggle_Baseline
Global Baseline,2020,Mixed Grain Baseline,1356.77,27.91227369982972,22.91,33.91,65.0,18.5,75.96851533511051,21.891889303195747,18.97866879593856,6.5,77.10600206522464,4.5,1000.0,9891.77,Global_Kaggle_Baseline
Global Baseline,2020,Mixed Grain Baseline,1557.89,33.92708329220123,28.93,39.93,65.0,18.5,74.08745355061066,22.06515656444584,15.854468795432076,6.5,69.98787860617729,4.5,1000.0,9772.98,Global_Kaggle_Baseline
Global Baseline,2020,Mixed Grain Baseline,1380.78,29.038636404989894,24.04,35.04,65.0,18.5,72.88544334942776,23.09550007832019,20.017017388542627,6.5,72.99621813001887,4.5,1000.0,9855.68,Global_Kaggle_Baseline
Global Baseline,2020,Mixed Grain Baseline,1373.56,28.815963702523348,23.82,34.82,65.0,18.5,72.99987125382579,20.9536896264195,18.84258075180798,6.5,72.03245838255432,4.5,1000.0,9849.73,Global_Kaggle_Baseline
Global Baseline,2020,Mixed Grain Baseline,1375.28,28.862446686322,23.86,34.86,65.0,18.5,73.0179724938868,23.190386629815027,20.078919237074285,6.5,72.92307980125588,4.5,1000.0,10176.38,Global_Kaggle_Baseline
Global Baseline,2020,Mixed Grain Baseline,1336.27,26.9949429553815,21.99,32.99,65.0,18.5,78.28971564384153,22.024679345573094,19.126870100334408,6.5,77.8822515487864,4.5,1000.0,10174.04,Global_Kaggle_Baseline
Global Baseline,2020,Mixed Grain Baseline,1361.4,28.038492078225197,23.04,34.04,65.0,18.5,76.01118854949343,21.94226826310373,18.9301274426003,6.5,76.95898195626185,4.5,1000.0,10035.34,Global_Kaggle_Baseline
Global Baseline,2020,Mixed Grain Baseline,1379.64,29.00504262492388,24.01,35.01,65.0,18.5,72.89180538029728,21.0601331427904,19.07463728559612,6.5,71.95616871118168,4.5,1000.0,9977.75,Global_Kaggle_Baseline
Global Baseline,2020,Mixed Grain Baseline,1192.85,24.07543335660748,19.08,30.08,65.0,18.5,70.04191145467072,22.077191909660684,17.900521991338515,6.5,69.97869663323254,4.5,1000.0,9939.65,Global_Kaggle_Baseline
Global Baseline,2020,Mixed Grain Baseline,1327.51,27.91469394354361,22.91,33.91,65.0,18.5,70.09888213426643,21.79828726585704,18.837235895751512,6.5,70.06833243689057,4.5,1000.0,9958.85,Global_Kaggle_Baseline
Global Baseline,2020,Mixed Grain Baseline,1192.1,24.058680885371803,19.06,30.06,65.0,18.5,70.0085502573709,21.909378636197445,17.868845687586425,6.5,69.99042605790225,4.5,1000.0,10050.19,Global_Kaggle_Baseline
Global Baseline,2020,Mixed Grain Baseline,1557.63,33.948455938809666,28.95,39.95,65.0,18.5,73.88623235152522,22.026047596761003,16.09572297381592,6.5,70.12969516690583,4.5,1000.0,10240.37,Global_Kaggle_Baseline
Global Baseline,2020,Mixed Grain Baseline,1353.73,27.82771081361386,22.83,33.83,65.0,18.5,75.9525028329429,21.951135378718806,19.02132348662684,6.5,77.09259089890594,4.5,1000.0,10007.96,Global_Kaggle_Baseline
Global Baseline,2020,Mixed Grain Baseline,1384.23,29.13228141834595,24.13,35.13,65.0,18.5,72.91972666237446,23.072334963496868,20.03647293610261,6.5,72.94854091430595,4.5,1000.0,9821.76,Global_Kaggle_Baseline
Global Baseline,2020,Mixed Grain Baseline,1341.76,27.18927917791217,22.19,33.19,65.0,18.5,78.02646086365004,21.92231512068874,19.01003974764754,6.5,77.94366973311675,4.5,1000.0,10048.62,Global_Kaggle_Baseline
Global Baseline,2020,Mixed Grain Baseline,1358.87,27.937237693509758,22.94,33.94,65.0,18.5,76.21236433862268,21.90116133897784,19.062717985100747,6.5,76.95084395639917,4.5,1000.0,10015.46,Global_Kaggle_Baseline
Global Baseline,2020,Mixed Grain Baseline,1379.01,28.995566709447928,24.0,35.0,65.0,18.5,72.83366216174048,22.95981985986386,20.00547580641436,6.5,73.04287832307104,4.5,1000.0,9945.42,Global_Kaggle_Baseline
Global Baseline,2020,Mixed Grain Baseline,1364.99,27.99071983196382,22.99,33.99,65.0,18.5,77.0638376761494,23.10352347538066,18.96064430240843,6.5,79.08400840640958,4.5,1000.0,10140.3,Global_Kaggle_Baseline
Global Baseline,2020,Mixed Grain Baseline,1339.0,28.250892197080983,23.25,34.25,65.0,18.5,70.04428889004191,22.03013756591404,19.09412130035019,6.5,70.0819374614462,4.5,1000.0,10007.98,Global_Kaggle_Baseline
Global Baseline,2020,Mixed Grain Baseline,1186.96,23.923636873330423,18.92,29.92,65.0,18.5,69.92732147523931,22.1236827231416,17.961724674797917,6.5,69.99090325503879,4.5,1000.0,9813.83,Global_Kaggle_Baseline
Global Baseline,2020,Mixed Grain Baseline,1398.07,28.935501851628427,23.94,34.94,65.0,18.5,77.0653828575852,22.916710649983383,18.98550133127914,6.5,75.01981139285773,4.5,1000.0,9935.29,Global_Kaggle_Baseline
Global Baseline,2020,Mixed Grain Baseline,1388.03,28.943413174059,23.94,34.94,65.0,18.5,75.00162178926834,22.060949133316974,19.06503801365413,6.5,76.88786956695316,4.5,1000.0,10085.98,Global_Kaggle_Baseline
Global Baseline,2020,Mixed Grain Baseline,1363.93,28.112367955570157,23.11,34.11,65.0,18.5,75.99871521563098,21.83066811894812,18.89242532255043,6.5,77.08524503407804,4.5,1000.0,10022.36,Global_Kaggle_Baseline
Global Baseline,2020,Mixed Grain Baseline,1377.04,28.90782780930273,23.91,34.91,65.0,18.5,73.05357582881635,20.94172848916745,19.08543458571545,6.5,71.94401750123146,4.5,1000.0,10049.39,Global_Kaggle_Baseline
Global Baseline,2020,Mixed Grain Baseline,1334.64,27.00616584697374,22.01,33.01,65.0,18.5,77.8858219825878,22.21425037642165,19.040086620896304,6.5,77.89767239980287,4.5,1000.0,10086.13,Global_Kaggle_Baseline
Global Baseline,2020,Mixed Grain Baseline,1382.63,29.06699207145419,24.07,35.07,65.0,18.5,73.05625749584853,23.09045322542025,19.912890049322368,6.5,73.0347275583787,4.5,1000.0,10012.44,Global_Kaggle_Baseline
Global Baseline,2020,Mixed Grain Baseline,1186.64,23.891375023069237,18.89,29.89,65.0,18.5,70.08858039531574,22.01960127573049,17.882403179586667,6.5,69.9706226322374,4.5,1000.0,10071.73,Global_Kaggle_Baseline
Global Baseline,2020,Mixed Grain Baseline,1375.71,28.872874175618914,23.87,34.87,65.0,18.5,73.0325640030561,23.11160421661012,20.114613126222796,6.5,72.91245660326297,4.5,1000.0,10016.83,Global_Kaggle_Baseline
Global Baseline,2020,Mixed Grain Baseline,1329.5,27.976998624267303,22.98,33.98,65.0,18.5,70.06096601031871,22.1119848176603,19.154267788462864,6.5,70.16352545645313,4.5,1000.0,9988.74,Global_Kaggle_Baseline
Global Baseline,2020,Mixed Grain Baseline,1193.45,24.061830469497583,19.06,30.06,65.0,18.5,70.25770158345998,21.88273981259091,17.98071105485802,6.5,69.96045302875584,4.5,1000.0,10010.56,Global_Kaggle_Baseline
Global Baseline,2020,Mixed Grain Baseline,1186.81,23.910198692916484,18.91,29.91,65.0,18.5,69.98972524577167,22.007383569483647,17.932566040198413,6.5,70.08225034449386,4.5,1000.0,9844.37,Global_Kaggle_Baseline
Global Baseline,2020,Mixed Grain Baseline,1375.86,28.884391348488617,23.88,34.88,65.0,18.5,72.98142428524226,22.98653034069945,20.14868235042897,6.5,72.99326638188094,4.5,1000.0,10035.58,Global_Kaggle_Baseline
Global Baseline,2020,Mixed Grain Baseline,1366.14,28.170075477185264,23.17,34.17,65.0,18.5,76.03819716645856,21.87057055203422,18.92297277937945,6.5,77.03860658949175,4.5,1000.0,9946.81,Global_Kaggle_Baseline
Global Baseline,2020,Mixed Grain Baseline,1391.33,29.032297157771136,24.03,35.03,65.0,18.5,75.03936803270614,22.05552898027613,18.987699705916704,6.5,77.08510299594346,4.5,1000.0,10241.14,Global_Kaggle_Baseline
Global Baseline,2020,Mixed Grain Baseline,1190.51,24.0433833440771,19.04,30.04,65.0,18.5,69.79741575613305,22.04977480608203,17.887696373691192,6.5,69.96642052538732,4.5,1000.0,10070.99,Global_Kaggle_Baseline
Global Baseline,2020,Mixed Grain Baseline,1379.68,29.012166505602995,24.01,35.01,65.0,18.5,72.85137805531544,22.921356568328648,20.034136335018854,6.5,72.91618227346973,4.5,1000.0,9899.7,Global_Kaggle_Baseline
Global Baseline,2020,Mixed Grain Baseline,1559.37,33.98743856466011,28.99,39.99,65.0,18.5,73.96152238324272,22.10101907595625,15.851133927792208,6.5,69.92232879557781,4.5,1000.0,10116.54,Global_Kaggle_Baseline
Global Baseline,2020,Mixed Grain Baseline,1329.86,27.9912341935576,22.99,33.99,65.0,18.5,70.03349577443049,21.953344098071963,19.07453548887332,6.5,69.9088460945131,4.5,1000.0,10060.25,Global_Kaggle_Baseline
Global Baseline,2020,Mixed Grain Baseline,1630.0,37.0,32.0,43.0,65.0,18.5,67.0,18.0,15.0,6.5,65.0,4.5,1000.0,7000.0,Global_Kaggle_Baseline
Global Baseline,2020,Mixed Grain Baseline,1585.0,36.0,31.0,42.0,65.0,18.5,65.0,21.0,16.0,6.5,55.0,4.5,1000.0,7000.0,Global_Kaggle_Baseline
Global Baseline,2020,Mixed Grain Baseline,1655.0,38.0,33.0,44.0,65.0,18.5,65.0,19.0,17.0,6.5,55.0,4.5,1000.0,7000.0,Global_Kaggle_Baseline
Global Baseline,2020,Mixed Grain Baseline,1560.0,36.0,31.0,42.0,65.0,18.5,60.0,21.0,16.0,6.5,55.0,4.5,1000.0,7000.0,Global_Kaggle_Baseline
Global Baseline,2020,Mixed Grain Baseline,1655.0,38.0,33.0,44.0,65.0,18.5,65.0,19.0,17.0,6.5,55.0,4.5,1000.0,7000.0,Global_Kaggle_Baseline
Global Baseline,2020,Mixed Grain Baseline,1635.0,38.0,33.0,44.0,65.0,18.5,61.0,20.0,18.0,6.5,55.0,4.5,1000.0,7000.0,Global_Kaggle_Baseline
Global Baseline,2020,Mixed Grain Baseline,1585.0,36.0,31.0,42.0,65.0,18.5,65.0,19.0,15.0,6.5,55.0,4.5,1000.0,7000.0,Global_Kaggle_Baseline
Global Baseline,2020,Mixed Grain Baseline,1735.0,40.0,35.0,46.0,65.0,18.5,67.0,18.0,15.0,6.5,56.0,4.5,1000.0,7000.0,Global_Kaggle_Baseline
Global Baseline,2020,Mixed Grain Baseline,1670.0,38.0,33.0,44.0,65.0,18.5,68.0,20.0,16.0,6.5,55.0,4.5,1000.0,7000.0,Global_Kaggle_Baseline
Global Baseline,2020,Mixed Grain Baseline,1610.0,37.0,32.0,43.0,65.0,18.5,63.0,20.0,18.0,6.5,60.0,4.5,1000.0,7000.0,Global_Kaggle_Baseline
Global Baseline,2020,Mixed Grain Baseline,1615.0,36.0,31.0,42.0,65.0,18.5,71.0,21.0,17.0,6.5,72.0,4.5,1000.0,7000.0,Global_Kaggle_Baseline
Global Baseline,2020,Mixed Grain Baseline,1665.0,39.0,34.0,45.0,65.0,18.5,60.0,20.0,16.0,6.5,60.0,4.5,1000.0,7000.0,Global_Kaggle_Baseline
Global Baseline,2020,Mixed Grain Baseline,1600.0,36.0,31.0,42.0,65.0,18.5,68.0,21.0,16.0,6.5,65.0,4.5,1000.0,7000.0,Global_Kaggle_Baseline
Global Baseline,2020,Mixed Grain Baseline,1736.55,40.02318121866277,35.02,46.02,65.0,18.5,67.14721238993974,18.08006336927681,15.172330255030309,6.5,56.04499656840213,4.5,1000.0,7013.31,Global_Kaggle_Baseline
Global Baseline,2020,Mixed Grain Baseline,1736.82,40.01560573812591,35.02,46.02,65.0,18.5,67.25512573408774,18.121136738889284,14.96567113493907,6.5,56.09219853467868,4.5,1000.0,7087.39,Global_Kaggle_Baseline
Global Baseline,2020,Mixed Grain Baseline,1617.0,37.188998221833096,32.19,43.19,65.0,18.5,63.078000628821584,20.115906725479363,18.05871502253158,6.5,60.04961461953906,4.5,1000.0,7020.08,Global_Kaggle_Baseline
Global Baseline,2020,Mixed Grain Baseline,1558.34,35.94270201798018,30.94,41.94,65.0,18.5,60.06881252659876,21.08695445141461,15.832222885380965,6.5,55.211182378393865,4.5,1000.0,6988.93,Global_Kaggle_Baseline
Global Baseline,2020,Mixed Grain Baseline,1636.23,38.04022962191213,33.04,44.04,65.0,18.5,60.96394660518953,20.017171559983947,17.971828317615383,6.5,55.04274697584447,4.5,1000.0,7002.23,Global_Kaggle_Baseline
Global Baseline,2020,Mixed Grain Baseline,1598.96,35.96186194184235,30.96,41.96,65.0,18.5,68.05907499762979,20.86207380659411,15.91659468737861,6.5,64.92287418217718,4.5,1000.0,6969.75,Global_Kaggle_Baseline
Global Baseline,2020,Mixed Grain Baseline,1667.5,37.9219311176635,32.92,43.92,65.0,18.5,68.04628297993175,20.006262405228227,15.934554949792872,6.5,55.04101900444336,4.5,1000.0,7084.45,Global_Kaggle_Baseline
Global Baseline,2020,Mixed Grain Baseline,1611.2,35.9094845905388,30.91,41.91,65.0,18.5,70.8737329422214,20.87540700486732,16.95530817047929,6.5,71.88075968618061,4.5,1000.0,6991.63,Global_Kaggle_Baseline
Global Baseline,2020,Mixed Grain Baseline,1633.57,37.93884859862784,32.94,43.94,65.0,18.5,61.141404384753486,19.88977899183595,18.16591670564449,6.5,54.94012208763312,4.5,1000.0,6786.0,Global_Kaggle_Baseline
Global Baseline,2020,Mixed Grain Baseline,1665.96,37.87902202816642,32.88,43.88,65.0,18.5,68.03973653967441,19.99545202893677,16.020169407984646,6.5,54.99681400458869,4.5,1000.0,7058.13,Global_Kaggle_Baseline
Global Baseline,2020,Mixed Grain Baseline,1656.73,38.0413933925799,33.04,44.04,65.0,18.5,65.05634479735834,18.989159896361706,17.04819911581497,6.5,55.08431540726319,4.5,1000.0,7150.99,Global_Kaggle_Baseline
Global Baseline,2020,Mixed Grain Baseline,1607.4,36.92156163768654,31.92,42.92,65.0,18.5,63.02955723388402,19.96829431272709,17.895086411596427,6.5,60.0696653552072,4.5,1000.0,6920.86,Global_Kaggle_Baseline
Global Baseline,2020,Mixed Grain Baseline,1609.29,35.85527611957879,30.86,41.86,65.0,18.5,70.87151074070339,20.95238606764017,16.82260111216292,6.5,71.99168245836046,4.5,1000.0,6872.31,Global_Kaggle_Baseline
Global Baseline,2020,Mixed Grain Baseline,1615.7,36.01463850310843,31.01,42.01,65.0,18.5,71.03756312404583,21.145664872897758,17.07288799292331,6.5,71.95999166379976,4.5,1000.0,6960.74,Global_Kaggle_Baseline
Global Baseline,2020,Mixed Grain Baseline,1651.12,37.89836063781591,32.9,43.9,65.0,18.5,64.93547680803141,18.955903440289163,16.902351082518212,6.5,55.039370706585096,4.5,1000.0,7041.34,Global_Kaggle_Baseline
Global Baseline,2020,Mixed Grain Baseline,1556.48,35.911586588726074,30.91,41.91,65.0,18.5,59.91492285791105,21.032930543578463,15.899803662554042,6.5,54.97950317197098,4.5,1000.0,6939.29,Global_Kaggle_Baseline
Global Baseline,2020,Mixed Grain Baseline,1595.85,35.881171093585614,30.88,41.88,65.0,18.5,68.00190213386985,20.99390264840202,16.04334146224893,6.5,65.02851624883775,4.5,1000.0,7054.63,Global_Kaggle_Baseline
Global Baseline,2020,Mixed Grain Baseline,1655.3,38.00474092695191,33.0,44.0,65.0,18.5,65.02585027331759,18.988753647594027,17.11931003033529,6.5,55.0469189048634,4.5,1000.0,6919.87,Global_Kaggle_Baseline
Global Baseline,2020,Mixed Grain Baseline,1598.05,35.92284862536523,30.92,41.92,65.0,18.5,68.14974611472644,20.89794674232733,15.816431801918547,6.5,65.01541341549273,4.5,1000.0,6922.09,Global_Kaggle_Baseline
Global Baseline,2020,Mixed Grain Baseline,1600.64,36.000486699723744,31.0,42.0,65.0,18.5,68.12432803456421,21.000064398888497,15.986623719500177,6.5,64.90395886105944,4.5,1000.0,6801.61,Global_Kaggle_Baseline
Global Baseline,2020,Mixed Grain Baseline,1667.27,39.05979240276508,34.06,45.06,65.0,18.5,60.03526018950797,19.96520335258989,15.982405860788695,6.5,60.05675318560088,4.5,1000.0,6907.95,Global_Kaggle_Baseline
Global Baseline,2020,Mixed Grain Baseline,1559.06,35.97644676751094,30.98,41.98,65.0,18.5,59.97638955586744,21.148401616757933,15.946823402648626,6.5,55.23644375852035,4.5,1000.0,7135.23,Global_Kaggle_Baseline
Global Baseline,2020,Mixed Grain Baseline,1580.26,35.88661904560771,30.89,41.89,65.0,18.5,64.84471418739977,18.99978800456573,14.910696349544182,6.5,55.052260794068886,4.5,1000.0,7103.15,Global_Kaggle_Baseline
Global Baseline,2020,Mixed Grain Baseline,1667.67,39.04829624912744,34.05,45.05,65.0,18.5,60.19621597790533,20.03456789443188,16.07868611469002,6.5,59.94958627605916,4.5,1000.0,6924.99,Global_Kaggle_Baseline
Global Baseline,2020,Mixed Grain Baseline,1726.51,39.7638563468475,34.76,45.76,65.0,18.5,66.9540806802346,18.25273493721844,15.240532612058304,6.5,55.86345649238263,4.5,1000.0,6914.48,Global_Kaggle_Baseline
Global Baseline,2020,Mixed Grain Baseline,1631.82,37.05162285448901,32.05,43.05,65.0,18.5,67.0020376210013,18.153991341009466,14.99879346925287,6.5,65.00676064753361,4.5,1000.0,6941.86,Global_Kaggle_Baseline
Global Baseline,2020,Mixed Grain Baseline,1585.46,36.019306892154106,31.02,42.02,65.0,18.5,64.95606715160008,19.028608859346576,15.025045409916531,6.5,55.007951358814914,4.5,1000.0,7141.44,Global_Kaggle_Baseline
Global Baseline,2020,Mixed Grain Baseline,1670.66,38.01191960490191,33.01,44.01,65.0,18.5,68.04914663554591,20.094688789468915,16.089657552753913,6.5,54.886332938356,4.5,1000.0,7051.43,Global_Kaggle_Baseline
Global Baseline,2020,Mixed Grain Baseline,1737.99,40.098646933219946,35.1,46.1,65.0,18.5,66.90708260011307,17.96570121011148,14.934658319529696,6.5,56.04184809797274,4.5,1000.0,7027.09,Global_Kaggle_Baseline
Global Baseline,2020,Mixed Grain Baseline,1609.21,36.965985556232056,31.97,42.97,65.0,18.5,63.08093517496576,20.026944600609777,18.05607200348418,6.5,59.94358754770735,4.5,1000.0,7048.6,Global_Kaggle_Baseline
Global Baseline,2020,Mixed Grain Baseline,1627.41,36.92915012440474,31.93,42.93,65.0,18.5,66.97833371493121,18.083351061958368,15.05615187705833,6.5,65.02847016743476,4.5,1000.0,6962.0,Global_Kaggle_Baseline
Global Baseline,2020,Mixed Grain Baseline,1652.16,37.90528222766903,32.91,43.91,65.0,18.5,65.09405795287114,19.00533031486341,17.020657978710073,6.5,54.8797145133588,4.5,1000.0,7091.04,Global_Kaggle_Baseline
Global Baseline,2020,Mixed Grain Baseline,1638.18,38.08044912408867,33.08,44.08,65.0,18.5,61.071975055599566,19.95875067676216,17.89805000531869,6.5,54.88820915852132,4.5,1000.0,7021.66,Global_Kaggle_Baseline
Global Baseline,2020,Mixed Grain Baseline,1606.9,36.90324598316341,31.9,42.9,65.0,18.5,63.05771168902671,19.88745002580905,17.916988173957026,6.5,59.96796398570039,4.5,1000.0,6960.24,Global_Kaggle_Baseline
Global Baseline,2020,Mixed Grain Baseline,1616.89,36.04603255226653,31.05,42.05,65.0,18.5,71.05600642555952,20.840580623376365,16.917962535129213,6.5,71.99432545886579,4.5,1000.0,6918.23,Global_Kaggle_Baseline
Global Baseline,2020,Mixed Grain Baseline,1671.85,38.04432030714945,33.04,44.04,65.0,18.5,68.05976859240666,19.86559503203127,16.002402520559528,6.5,55.06440216251711,4.5,1000.0,7097.95,Global_Kaggle_Baseline
Global Baseline,2020,Mixed Grain Baseline,1632.75,37.08327236568499,32.08,43.08,65.0,18.5,66.96756083371561,18.041646053735462,15.02206621550298,6.5,64.98901016243275,4.5,1000.0,7060.26,Global_Kaggle_Baseline
Global Baseline,2020,Mixed Grain Baseline,1603.61,36.811030877977,31.81,42.81,65.0,18.5,63.04462822246008,19.95778559920147,17.96349066995795,6.5,60.042307234772125,4.5,1000.0,7148.12,Global_Kaggle_Baseline
Global Baseline,2020,Mixed Grain Baseline,1673.17,38.09850171115853,33.1,44.1,65.0,18.5,67.94501422316242,20.079100152640645,16.084413784535567,6.5,55.11411787682119,4.5,1000.0,6886.69,Global_Kaggle_Baseline
Global Baseline,2020,Mixed Grain Baseline,1633.5,37.95256151028945,32.95,43.95,65.0,18.5,61.031512088508926,19.98835821062529,17.79247542612303,6.5,55.008457896082064,4.5,1000.0,6868.27,Global_Kaggle_Baseline
Global Baseline,2020,Mixed Grain Baseline,1586.36,36.04254170291983,31.04,42.04,65.0,18.5,64.97356572168341,19.038245333616803,15.1922228368675,6.5,55.00523906784903,4.5,1000.0,6990.69,Global_Kaggle_Baseline
Global Baseline,2020,Mixed Grain Baseline,1585.34,36.014279541394984,31.01,42.01,65.0,18.5,64.9677172738304,19.1025717765062,15.022464507675718,6.5,54.9051226662827,4.5,1000.0,7183.03,Global_Kaggle_Baseline
Global Baseline,2020,Mixed Grain Baseline,1668.9,37.98582682184423,32.99,43.99,65.0,18.5,67.87930280850115,20.11134401487865,15.948446413754384,6.5,55.01047536168549,4.5,1000.0,7031.89,Global_Kaggle_Baseline
Global Baseline,2020,Mixed Grain Baseline,1559.04,35.96410705916849,30.96,41.96,65.0,18.5,60.059583447149286,20.928629731836537,15.98971172811098,6.5,54.803884146033305,4.5,1000.0,6952.66,Global_Kaggle_Baseline
Global Baseline,2020,Mixed Grain Baseline,1554.04,35.83279886751677,30.83,41.83,65.0,18.5,59.97897918426887,21.08638641576566,15.96006374925576,6.5,55.086422885939626,4.5,1000.0,6900.76,Global_Kaggle_Baseline
Global Baseline,2020,Mixed Grain Baseline,1669.9,37.99725664023381,33.0,44.0,65.0,18.5,67.99963082433642,19.972396142581168,16.17647475594268,6.5,55.021507794404165,4.5,1000.0,7051.46,Global_Kaggle_Baseline
Global Baseline,2020,Mixed Grain Baseline,1657.14,38.02390056493714,33.02,44.02,65.0,18.5,65.25990381068418,18.903707976838906,16.932404837496023,6.5,54.95947068420582,4.5,1000.0,6970.87,Global_Kaggle_Baseline
Global Baseline,2020,Mixed Grain Baseline,1658.77,38.09047656763357,33.09,44.09,65.0,18.5,65.12144923272223,18.939714083125345,16.836254924138863,6.5,55.06136120206167,4.5,1000.0,6985.25,Global_Kaggle_Baseline
Global Baseline,2020,Mixed Grain Baseline,1594.65,35.856952169781486,30.86,41.86,65.0,18.5,67.93042520779744,20.997396574338936,16.100057793757582,6.5,64.943269402975,4.5,1000.0,7019.78,Global_Kaggle_Baseline
Global Baseline,2020,Mixed Grain Baseline,1729.35,39.83454502727447,34.83,45.83,65.0,18.5,67.02755785639667,17.932861690436596,15.042614483628354,6.5,56.06767327647441,4.5,1000.0,6887.09,Global_Kaggle_Baseline
Global Baseline,2020,Mixed Grain Baseline,1599.9,36.001639239527385,31.0,42.0,65.0,18.5,67.96862625035492,20.965741869304967,16.050098748245183,6.5,64.93342154036864,4.5,1000.0,7067.45,Global_Kaggle_Baseline
Global Baseline,2020,Mixed Grain Baseline,1633.99,37.96962145073748,32.97,43.97,65.0,18.5,61.0108861703112,19.88571861937253,17.85914680845512,6.5,55.00999183317712,4.5,1000.0,7062.59,Global_Kaggle_Baseline
Global Baseline,2020,Mixed Grain Baseline,1588.47,36.11052277618475,31.11,42.11,65.0,18.5,64.92055525759685,18.98136010972729,15.035953712262456,6.5,54.93376640364891,4.5,1000.0,7171.05,Global_Kaggle_Baseline
Global Baseline,2020,Mixed Grain Baseline,1664.67,39.00109368877354,34.0,45.0,65.0,18.5,59.92604892039548,20.007554295109184,15.887461934895704,6.5,60.09844024044884,4.5,1000.0,6890.29,Global_Kaggle_Baseline
Global Baseline,2020,Mixed Grain Baseline,1629.55,37.00856503254556,32.01,43.01,65.0,18.5,66.84914953142089,18.15207797727069,15.052855346642732,6.5,64.93764851126222,4.5,1000.0,7062.66,Global_Kaggle_Baseline
Global Baseline,2020,Mixed Grain Baseline,1656.98,38.04557161784276,33.05,44.05,65.0,18.5,65.07746449709444,19.024252390244477,16.793978513688675,6.5,54.83049064206813,4.5,1000.0,7003.17,Global_Kaggle_Baseline
Global Baseline,2020,Mixed Grain Baseline,1638.1,38.07195713181038,33.07,44.07,65.0,18.5,61.11651685890651,20.19473172641942,17.93210919969188,6.5,54.99270026550285,4.5,1000.0,6928.11,Global_Kaggle_Baseline
Global Baseline,2020,Mixed Grain Baseline,1616.04,37.16331732733027,32.16,43.16,65.0,18.5,63.06531347958124,20.07319213399854,17.983569759203732,6.5,60.053500909008605,4.5,1000.0,7040.48,Global_Kaggle_Baseline
Global Baseline,2020,Mixed Grain Baseline,1635.39,38.02536389524612,33.03,44.03,65.0,18.5,60.90017187666555,19.87787533997083,18.07603882702321,6.5,55.12042995899221,4.5,1000.0,7062.42,Global_Kaggle_Baseline
Global Baseline,2020,Mixed Grain Baseline,1563.16,36.07932870403803,31.08,42.08,65.0,18.5,60.07747701376321,21.08749694609321,16.047742460802997,6.5,55.06265409908812,4.5,1000.0,6905.73,Global_Kaggle_Baseline
Global Baseline,2020,Mixed Grain Baseline,1637.08,38.08489148820631,33.08,44.08,65.0,18.5,60.82089944821655,20.11223926254173,18.01485555921041,6.5,54.97577717593704,4.5,1000.0,6896.32,Global_Kaggle_Baseline
Global Baseline,2020,Mixed Grain Baseline,1670.85,38.04272646561601,33.04,44.04,65.0,18.5,67.87002357716567,19.834327398412054,16.068042010020164,6.5,55.08444894039331,4.5,1000.0,6851.23,Global_Kaggle_Baseline
Global Baseline,2020,Mixed Grain Baseline,1660.93,38.20221564470595,33.2,44.2,65.0,18.5,64.7714904397278,18.97690124531525,17.012313149016077,6.5,55.000998361531614,4.5,1000.0,6944.19,Global_Kaggle_Baseline
Global Baseline,2020,Mixed Grain Baseline,1736.38,40.04584897513583,35.05,46.05,65.0,18.5,66.95595135526108,17.996732699176096,14.959808777961308,6.5,55.8355886877991,4.5,1000.0,7041.53,Global_Kaggle_Baseline
Global Baseline,2020,Mixed Grain Baseline,1616.48,36.05273886437487,31.05,42.05,65.0,18.5,70.9260885935799,20.9050593931352,17.02038779477754,6.5,72.11867836596873,4.5,1000.0,6972.71,Global_Kaggle_Baseline
Global Baseline,2020,Mixed Grain Baseline,1637.03,38.04447779157731,33.04,44.04,65.0,18.5,61.09532399294523,20.020716077720756,17.9508219045919,6.5,54.93318271032752,4.5,1000.0,6984.42,Global_Kaggle_Baseline
Global Baseline,2020,Mixed Grain Baseline,1565.46,36.10759092560832,31.11,42.11,65.0,18.5,60.3379143428466,20.851665643348376,15.968352171049506,6.5,54.92404887011936,4.5,1000.0,6851.24,Global_Kaggle_Baseline
Global Baseline,2020,Mixed Grain Baseline,1655.54,38.01201081180085,33.01,44.01,65.0,18.5,65.02296498588981,19.226175833878745,17.038814719356424,6.5,55.02889317588655,4.5,1000.0,6880.47,Global_Kaggle_Baseline
Global Baseline,2020,Mixed Grain Baseline,1656.4,38.05117893911801,33.05,44.05,65.0,18.5,64.92227896465216,19.019860435104253,16.904180161803097,6.5,54.9801564153034,4.5,1000.0,6983.48,Global_Kaggle_Baseline
Global Baseline,2020,Mixed Grain Baseline,1668.61,37.96094653663633,32.96,43.96,65.0,18.5,67.99624208172013,20.11748258875936,16.07655984545288,6.5,54.911778854218085,4.5,1000.0,7116.75,Global_Kaggle_Baseline
Global Baseline,2020,Mixed Grain Baseline,1664.37,37.84304709184553,32.84,43.84,65.0,18.5,67.97169307193803,20.020739050988794,16.007222677566425,6.5,55.052589553100354,4.5,1000.0,6901.86,Global_Kaggle_Baseline
Global Baseline,2020,Mixed Grain Baseline,1636.7,38.04927887066782,33.05,44.05,65.0,18.5,60.99523918800621,19.91797622420437,17.888737156750672,6.5,55.112831911391815,4.5,1000.0,6955.2,Global_Kaggle_Baseline
Global Baseline,2020,Mixed Grain Baseline,1604.57,36.107547238528966,31.11,42.11,65.0,18.5,68.160318460976,20.973101431470184,16.18938341710281,6.5,65.0085768049021,4.5,1000.0,6924.44,Global_Kaggle_Baseline
Global Baseline,2020,Mixed Grain Baseline,1609.6,37.01127508857439,32.01,43.01,65.0,18.5,62.841560982115965,20.06703908281901,18.10551575774977,6.5,59.891711853628586,4.5,1000.0,6984.18,Global_Kaggle_Baseline
Global Baseline,2020,Mixed Grain Baseline,1582.8,35.92375501407944,30.92,41.92,65.0,18.5,65.093331787384,21.051705172896327,16.098478659907205,6.5,54.95219039734595,4.5,1000.0,7017.47,Global_Kaggle_Baseline
Global Baseline,2020,Mixed Grain Baseline,1731.72,39.90786015663202,34.91,45.91,65.0,18.5,66.98958981825773,17.969743335645454,14.891114372453709,6.5,55.9228118496701,4.5,1000.0,7088.3,Global_Kaggle_Baseline
Global Baseline,2020,Mixed Grain Baseline,1670.3,38.0112266663557,33.01,44.01,65.0,18.5,67.98060444223141,19.959971784845,15.983338539587049,6.5,55.1914670717048,4.5,1000.0,6934.56,Global_Kaggle_Baseline
Global Baseline,2020,Mixed Grain Baseline,1625.5,36.88000001746719,31.88,42.88,65.0,18.5,66.9395960265321,17.88897137226022,15.052921504327706,6.5,65.08914549671456,4.5,1000.0,6813.38,Global_Kaggle_Baseline
Global Baseline,2020,Mixed Grain Baseline,1586.79,36.08645572656478,31.09,42.09,65.0,18.5,64.75299284529925,18.91451312433999,15.06333456056805,6.5,54.89519656885161,4.5,1000.0,7016.39,Global_Kaggle_Baseline
Global Baseline,2020,Mixed Grain Baseline,1670.15,38.02978906271462,33.03,44.03,65.0,18.5,67.82081389572049,19.86215998334636,15.997027312169514,6.5,55.09283208202312,4.5,1000.0,7044.97,Global_Kaggle_Baseline
Global Baseline,2020,Mixed Grain Baseline,1556.14,35.86585853569638,30.87,41.87,65.0,18.5,60.16694537525065,21.13747083970907,15.843939448190987,6.5,55.18393443781081,4.5,1000.0,6880.85,Global_Kaggle_Baseline
Global Baseline,2020,Mixed Grain Baseline,1654.59,37.98775351290252,32.99,43.99,65.0,18.5,65.00409324777954,18.805047964589907,17.119573346834017,6.5,54.76306404596215,4.5,1000.0,7000.94,Global_Kaggle_Baseline
Global Baseline,2020,Mixed Grain Baseline,1666.98,37.93013633117288,32.93,43.93,65.0,18.5,67.88472921587517,19.98121361353506,15.750872454426572,6.5,55.13704698411799,4.5,1000.0,6943.29,Global_Kaggle_Baseline
Global Baseline,2020,Mixed Grain Baseline,1582.53,35.933643859302485,30.93,41.93,65.0,18.5,64.97025660993133,20.893036922567205,16.065138281485932,6.5,55.11050565150597,4.5,1000.0,6958.48,Global_Kaggle_Baseline
Global Baseline,2020,Mixed Grain Baseline,1593.6,35.82497548898385,30.82,41.82,65.0,18.5,67.9448622913945,20.923460630703484,15.890380769032827,6.5,64.7753185962916,4.5,1000.0,6987.99,Global_Kaggle_Baseline
Global Baseline,2020,Mixed Grain Baseline,1607.31,36.94004275532498,31.94,42.94,65.0,18.5,62.88146391675715,20.163947288568192,18.05243018122292,6.5,59.81205832711955,4.5,1000.0,7142.86,Global_Kaggle_Baseline
Global Baseline,2020,Mixed Grain Baseline,1733.73,39.96844569313058,34.97,45.97,65.0,18.5,66.96615371292285,17.970056744560026,14.957916678245327,6.5,56.027955957908105,4.5,1000.0,7134.45,Global_Kaggle_Baseline
Global Baseline,2020,Mixed Grain Baseline,1630.22,36.99389820794367,31.99,42.99,65.0,18.5,67.08649267759186,17.996493705120823,15.007113538874831,6.5,64.95372751330406,4.5,1000.0,7182.98,Global_Kaggle_Baseline
Global Baseline,2020,Mixed Grain Baseline,1627.42,36.93193504757041,31.93,42.93,65.0,18.5,66.9612244346063,18.075146528316804,15.099806210610208,6.5,65.15148273403425,4.5,1000.0,6929.84,Global_Kaggle_Baseline
Global Baseline,2020,Mixed Grain Baseline,1672.74,38.06435909420188,33.06,44.06,65.0,18.5,68.09817043172367,20.02821538935063,16.0631856765929,6.5,54.80381238654507,4.5,1000.0,6911.23,Global_Kaggle_Baseline
Global Baseline,2020,Mixed Grain Baseline,1662.18,38.20110745755816,33.2,44.2,65.0,18.5,65.02815688056168,18.907392224544694,16.90866080914036,6.5,54.99481710373375,4.5,1000.0,6849.0,Global_Kaggle_Baseline
Global Baseline,2020,Mixed Grain Baseline,1669.91,39.12173554581037,34.12,45.12,65.0,18.5,60.13018823723768,20.15537990963354,15.92808591689258,6.5,60.03077999959561,4.5,1000.0,7116.61,Global_Kaggle_Baseline
Global Baseline,2020,Mixed Grain Baseline,1598.25,35.95456727615112,30.95,41.95,65.0,18.5,67.96889043256665,20.90900424123917,15.817050087296712,6.5,64.92465711086172,4.5,1000.0,6990.62,Global_Kaggle_Baseline
Global Baseline,2020,Mixed Grain Baseline,1650.96,37.90502169296504,32.91,43.91,65.0,18.5,64.85676123637698,19.06590971718763,17.02395776015001,6.5,54.9272125834307,4.5,1000.0,7047.73,Global_Kaggle_Baseline
Global Baseline,2020,Mixed Grain Baseline,1605.54,36.8562534005378,31.86,42.86,65.0,18.5,63.114154010059806,20.07249303696555,18.051565324786544,6.5,60.02138393154359,4.5,1000.0,7009.75,Global_Kaggle_Baseline
Global Baseline,2020,Mixed Grain Baseline,1657.42,38.05069790235945,33.05,44.05,65.0,18.5,65.12844385975318,19.007890186657644,16.965067838065057,6.5,54.87835069198564,4.5,1000.0,6877.88,Global_Kaggle_Baseline
Global Baseline,2020,Mixed Grain Baseline,1584.93,35.98622185591467,30.99,41.99,65.0,18.5,65.08256225725584,20.95846923679276,16.109696321506615,6.5,55.006666185413096,4.5,1000.0,7081.17,Global_Kaggle_Baseline
Global Baseline,2020,Mixed Grain Baseline,1617.62,37.21325522853597,32.21,43.21,65.0,18.5,63.03108711526519,20.010529081969747,18.1624229495323,6.5,59.88039479710724,4.5,1000.0,6750.21,Global_Kaggle_Baseline
Global Baseline,2020,Mixed Grain Baseline,1617.16,36.0745182079023,31.07,42.07,65.0,18.5,70.91019242105855,20.84682032902576,17.01056646479902,6.5,72.20807563254994,4.5,1000.0,6884.29,Global_Kaggle_Baseline
Global Baseline,2020,Mixed Grain Baseline,1650.91,37.87783056525726,32.88,43.88,65.0,18.5,65.03712184152376,19.00839696060437,17.08122309280739,6.5,54.9048609092814,4.5,1000.0,6950.58,Global_Kaggle_Baseline
Global Baseline,2020,Mixed Grain Baseline,1617.33,36.07109943604392,31.07,42.07,65.0,18.5,70.96758869645049,20.981837620553733,16.85751288909046,6.5,72.06913330642816,4.5,1000.0,7057.21,Global_Kaggle_Baseline
Global Baseline,2020,Mixed Grain Baseline,1631.85,37.89846224766311,32.9,43.9,65.0,18.5,61.07991819664984,19.96586450767816,18.122470128090686,6.5,55.05700004077254,4.5,1000.0,6919.12,Global_Kaggle_Baseline
Global Baseline,2020,Mixed Grain Baseline,1613.48,37.07609323710078,32.08,43.08,65.0,18.5,63.162716962757074,19.864330897999206,18.04955502538409,6.5,59.96178005770292,4.5,1000.0,7047.97,Global_Kaggle_Baseline
Global Baseline,2020,Mixed Grain Baseline,1591.96,36.23213439995753,31.23,42.23,65.0,18.5,64.76770483808328,21.177891098684604,16.05062609712365,6.5,55.11412680161288,4.5,1000.0,7067.33,Global_Kaggle_Baseline
Global Baseline,2020,Mixed Grain Baseline,1632.06,37.044836533612745,32.04,43.04,65.0,18.5,67.09816009698652,18.06495096064828,15.003358644847305,6.5,64.97479920936028,4.5,1000.0,7146.14,Global_Kaggle_Baseline
Global Baseline,2020,Mixed Grain Baseline,1667.2,39.05975646581884,34.06,45.06,65.0,18.5,60.02170632758911,19.92861761456149,15.94814589690924,6.5,60.13190062224768,4.5,1000.0,6996.26,Global_Kaggle_Baseline
Global Baseline,2020,Mixed Grain Baseline,1589.63,36.11114951650472,31.11,42.11,65.0,18.5,65.14780402537713,18.927575490521072,15.235910332391311,6.5,55.1487596789144,4.5,1000.0,7028.1,Global_Kaggle_Baseline
Global Baseline,2020,Mixed Grain Baseline,1631.6,37.03386914968048,32.03,43.03,65.0,18.5,67.08198949919266,17.95742751397167,15.073388675283203,6.5,64.8987541846024,4.5,1000.0,7029.71,Global_Kaggle_Baseline
Global Baseline,2020,Mixed Grain Baseline,1586.81,36.04305932488519,31.04,42.04,65.0,18.5,65.06032795691354,21.03131674593614,15.91866134014179,6.5,55.0342211673868,4.5,1000.0,7119.62,Global_Kaggle_Baseline
Global Baseline,2020,Mixed Grain Baseline,1621.27,36.76976412046336,31.77,42.77,65.0,18.5,66.86606374223193,18.03812291991449,14.959358415532098,6.5,65.03409395666517,4.5,1000.0,6975.24,Global_Kaggle_Baseline
Global Baseline,2020,Mixed Grain Baseline,1627.52,36.92804423490354,31.93,42.93,65.0,18.5,67.00838137166654,18.037283240394675,14.815032464066515,6.5,65.05456563508464,4.5,1000.0,7219.99,Global_Kaggle_Baseline
Global Baseline,2020,Mixed Grain Baseline,1561.04,36.03875477173695,31.04,42.04,65.0,18.5,59.93652846579736,21.119387429162472,15.940332259377064,6.5,54.92943611603449,4.5,1000.0,7204.1,Global_Kaggle_Baseline
Global Baseline,2020,Mixed Grain Baseline,1652.03,37.89543501221506,32.9,43.9,65.0,18.5,65.13838783368153,19.101282772981698,16.931613427293687,6.5,55.12333160162326,4.5,1000.0,7200.47,Global_Kaggle_Baseline
Global Baseline,2020,Mixed Grain Baseline,1602.21,36.04569134934838,31.05,42.05,65.0,18.5,68.12215962028652,20.943138554862777,16.0050743094941,6.5,64.91689187129747,4.5,1000.0,7058.04,Global_Kaggle_Baseline
Global Baseline,2020,Mixed Grain Baseline,1660.36,38.8698593367573,33.87,44.87,65.0,18.5,59.98275779913209,20.20053389719255,15.997729814607132,6.5,60.10250188657968,4.5,1000.0,6995.21,Global_Kaggle_Baseline
Global Baseline,2020,Mixed Grain Baseline,1661.97,38.18248800375116,33.18,44.18,65.0,18.5,65.11657559615712,19.048105226593997,17.130180771874375,6.5,54.840109880595485,4.5,1000.0,7107.75,Global_Kaggle_Baseline
Global Baseline,2020,Mixed Grain Baseline,1737.51,40.06733067765207,35.07,46.07,65.0,18.5,67.03144814322762,18.10676541445456,15.12699701356187,6.5,55.997760412062206,4.5,1000.0,7014.92,Global_Kaggle_Baseline
Global Baseline,2020,Mixed Grain Baseline,1656.95,38.04638873609077,33.05,44.05,65.0,18.5,65.06536809976231,18.900774325859185,16.950061432564553,6.5,54.99576185597542,4.5,1000.0,6979.72,Global_Kaggle_Baseline
Global Baseline,2020,Mixed Grain Baseline,1736.67,40.04039217939952,35.04,46.04,65.0,18.5,67.05111103116022,17.900242629239283,14.978088595077756,6.5,56.22586124701154,4.5,1000.0,6913.74,Global_Kaggle_Baseline
Global Baseline,2020,Mixed Grain Baseline,1614.47,37.14823511747955,32.15,43.15,65.0,18.5,62.85570865266179,19.908221532985003,17.95236774989295,6.5,60.00663685291987,4.5,1000.0,6972.98,Global_Kaggle_Baseline
Global Baseline,2020,Mixed Grain Baseline,1657.36,38.07447710321209,33.07,44.07,65.0,18.5,64.95059423075641,19.13449086042887,17.095094258442487,6.5,54.9789031624465,4.5,1000.0,6981.55,Global_Kaggle_Baseline
Global Baseline,2020,Mixed Grain Baseline,1658.34,38.1027106876457,33.1,44.1,65.0,18.5,64.94950003456819,18.809495493376254,16.91503334170901,6.5,55.00095981692039,4.5,1000.0,6926.68,Global_Kaggle_Baseline
Global Baseline,2020,Mixed Grain Baseline,1558.16,35.94873088398428,30.95,41.95,65.0,18.5,59.99000912854735,21.10910022738752,15.900595782225132,6.5,55.03592578653617,4.5,1000.0,6982.58,Global_Kaggle_Baseline
Global Baseline,2020,Mixed Grain Baseline,1565.5,36.14415516712676,31.14,42.14,65.0,18.5,60.090754742022966,21.042799658013998,15.886915202190066,6.5,54.96820980555493,4.5,1000.0,6922.74,Global_Kaggle_Baseline
Global Baseline,2020,Mixed Grain Baseline,1561.03,36.01930402042797,31.02,42.02,65.0,18.5,60.07056041444315,20.941466128976437,16.084551880729524,6.5,54.93902962542657,4.5,1000.0,7025.19,Global_Kaggle_Baseline
Global Baseline,2020,Mixed Grain Baseline,1586.44,36.03529685558156,31.04,42.04,65.0,18.5,65.04107687446307,19.093862581014932,14.996552985858417,6.5,54.95678529637655,4.5,1000.0,6989.79,Global_Kaggle_Baseline
Global Baseline,2020,Mixed Grain Baseline,1661.73,38.91800036999838,33.92,44.92,65.0,18.5,59.91968526778898,20.242977059207178,15.94795836929998,6.5,59.91131465485403,4.5,1000.0,7032.26,Global_Kaggle_Baseline
Global Baseline,2020,Mixed Grain Baseline,1585.87,36.003842112934045,31.0,42.0,65.0,18.5,65.14704689065877,18.912960581652605,15.014107753777935,6.5,55.09023181874041,4.5,1000.0,6775.52,Global_Kaggle_Baseline
Global Baseline,2020,Mixed Grain Baseline,1584.77,36.01072996454522,31.01,42.01,65.0,18.5,64.8795775035415,18.95978838089598,14.833458209144167,6.5,55.08786236156864,4.5,1000.0,6890.39,Global_Kaggle_Baseline
Global Baseline,2020,Mixed Grain Baseline,1665.72,39.02597117605579,34.03,45.03,65.0,18.5,59.96121980856506,20.03347140986049,15.845575086615622,6.5,59.93410150033177,4.5,1000.0,6759.91,Global_Kaggle_Baseline
Global Baseline,2020,Mixed Grain Baseline,1652.66,37.9374543099929,32.94,43.94,65.0,18.5,64.96912476153301,19.092451043976013,17.1536058605683,6.5,54.91340466208917,4.5,1000.0,6974.61,Global_Kaggle_Baseline
Global Baseline,2020,Mixed Grain Baseline,1665.86,39.03875527072027,34.04,45.04,65.0,18.5,59.90019309929281,20.00269968890518,15.87147877970145,6.5,59.98239861305731,4.5,1000.0,6890.76,Global_Kaggle_Baseline
Global Baseline,2020,Mixed Grain Baseline,1739.31,40.10140147358938,35.1,46.1,65.0,18.5,67.15269764104958,18.24753071365898,14.998104739812982,6.5,55.98291645931511,4.5,1000.0,7074.87,Global_Kaggle_Baseline
Global Baseline,2020,Mixed Grain Baseline,1599.88,36.00468951112755,31.0,42.0,65.0,18.5,67.94237852583302,21.038399489285645,16.03205134436146,6.5,65.0019388894904,4.5,1000.0,6960.03,Global_Kaggle_Baseline
Global Baseline,2020,Mixed Grain Baseline,1583.4,35.9648499512829,30.96,41.96,65.0,18.5,64.92584423889555,21.15547185407224,16.120314966364,6.5,54.98303944156535,4.5,1000.0,6880.55,Global_Kaggle_Baseline
Global Baseline,2020,Mixed Grain Baseline,1660.23,38.87878768126849,33.88,44.88,65.0,18.5,59.89394005837497,20.03504062094925,15.876922574988852,6.5,60.18113718121344,4.5,1000.0,7088.74,Global_Kaggle_Baseline
Global Baseline,2020,Mixed Grain Baseline,1611.93,37.054610091554885,32.05,43.05,65.0,18.5,63.00335104943319,20.16057639625911,18.02785941452573,6.5,60.05130866311076,4.5,1000.0,6966.15,Global_Kaggle_Baseline
Global Baseline,2020,Mixed Grain Baseline,1664.64,37.87316105379247,32.87,43.87,65.0,18.5,67.81659702801176,19.960273321445733,15.838440564002193,6.5,54.98689312220619,4.5,1000.0,6864.86,Global_Kaggle_Baseline
Global Baseline,2020,Mixed Grain Baseline,1641.78,38.20426949967912,33.2,44.2,65.0,18.5,60.92612891094751,19.9788904346779,18.146122941771637,6.5,55.00515088735757,4.5,1000.0,7085.36,Global_Kaggle_Baseline
Global Baseline,2020,Mixed Grain Baseline,1634.01,37.10440700276092,32.1,43.1,65.0,18.5,67.072016974261,17.91141295166556,15.038978297753951,6.5,64.9842334542369,4.5,1000.0,7070.39,Global_Kaggle_Baseline
Global Baseline,2020,Mixed Grain Baseline,1654.93,37.99351538182568,32.99,43.99,65.0,18.5,65.03202290557091,18.89241020672427,16.95718030901148,6.5,55.004408016606256,4.5,1000.0,7216.76,Global_Kaggle_Baseline
Global Baseline,2020,Mixed Grain Baseline,1631.83,37.91087458560794,32.91,43.91,65.0,18.5,60.98947933566655,19.924204232461825,17.952274642749533,6.5,54.96730718389404,4.5,1000.0,6794.59,Global_Kaggle_Baseline
Global Baseline,2020,Mixed Grain Baseline,1671.55,38.05358486250119,33.05,44.05,65.0,18.5,67.93493179449999,19.902229823595235,15.876947880984948,6.5,54.86549674948149,4.5,1000.0,7074.27,Global_Kaggle_Baseline
Global Baseline,2020,Mixed Grain Baseline,1593.3,35.812251265388895,30.81,41.81,65.0,18.5,67.97387942978416,21.02592278627714,16.026136140377986,6.5,65.06127029058459,4.5,1000.0,7030.52,Global_Kaggle_Baseline
Global Baseline,2020,Mixed Grain Baseline,1645.66,37.730071360408985,32.73,43.73,65.0,18.5,65.0214998847612,18.962029400761825,16.998255407274502,6.5,54.88096203714616,4.5,1000.0,6751.93,Global_Kaggle_Baseline
Global Baseline,2020,Mixed Grain Baseline,1670.75,38.02495340501814,33.02,44.02,65.0,18.5,67.97621382245522,19.905886752947747,15.85025980169598,6.5,55.056837467327945,4.5,1000.0,7078.76,Global_Kaggle_Baseline
Global Baseline,2020,Mixed Grain Baseline,1636.08,38.0258669162179,33.03,44.03,65.0,18.5,61.03403181047926,20.062734184006583,17.873873491203025,6.5,54.93978400039986,4.5,1000.0,7010.45,Global_Kaggle_Baseline
Global Baseline,2020,Mixed Grain Baseline,1655.39,38.01518171124635,33.02,44.02,65.0,18.5,64.97127385184955,19.079245245673125,17.12914017770296,6.5,55.12558288258976,4.5,1000.0,6840.94,Global_Kaggle_Baseline
Global Baseline,2020,Mixed Grain Baseline,1634.87,38.00984684434948,33.01,44.01,65.0,18.5,60.90439931299446,20.035976683356317,18.030026327017318,6.5,55.017734713774594,4.5,1000.0,7193.11,Global_Kaggle_Baseline
Global Baseline,2020,Mixed Grain Baseline,1558.34,35.93940550437146,30.94,41.94,65.0,18.5,60.09250442309735,21.13615362181045,16.19887464079871,6.5,55.08335055169464,4.5,1000.0,7037.46,Global_Kaggle_Baseline
Global Baseline,2020,Mixed Grain Baseline,1665.82,39.01713571497333,34.02,45.02,65.0,18.5,60.044962514366375,19.865742340377725,16.09398489205228,6.5,59.9965039746872,4.5,1000.0,7140.68,Global_Kaggle_Baseline
Global Baseline,2020,Mixed Grain Baseline,1662.94,38.92219207407236,33.92,44.92,65.0,18.5,60.13338282635251,20.04577498433829,16.062173496491376,6.5,59.95897002212399,4.5,1000.0,6944.7,Global_Kaggle_Baseline
Global Baseline,2020,Mixed Grain Baseline,1637.05,38.04516539139279,33.05,44.05,65.0,18.5,61.093146623327456,19.841580509805265,17.951982755786172,6.5,54.96826734880253,4.5,1000.0,7014.35,Global_Kaggle_Baseline
Global Baseline,2020,Mixed Grain Baseline,1582.59,35.92808907306206,30.93,41.93,65.0,18.5,65.0221600220769,20.877623670065844,15.901800915697338,6.5,55.00187468708719,4.5,1000.0,7020.47,Global_Kaggle_Baseline
Global Baseline,2020,Mixed Grain Baseline,1560.0,35.99322575649307,30.99,41.99,65.0,18.5,60.047312473928734,20.996078600742933,16.018528627919164,6.5,55.00016684055048,4.5,1000.0,6981.65,Global_Kaggle_Baseline
Global Baseline,2020,Mixed Grain Baseline,1734.98,40.005025175898005,35.01,46.01,65.0,18.5,66.96090967975468,17.894582056545865,14.9376674897506,6.5,56.076570089290215,4.5,1000.0,6959.17,Global_Kaggle_Baseline
Global Baseline,2020,Mixed Grain Baseline,1587.0,36.06521684936832,31.07,42.07,65.0,18.5,64.942911181344,19.11533604877143,14.79629721964843,6.5,54.99305974091024,4.5,1000.0,6973.37,Global_Kaggle_Baseline
Global Baseline,2020,Mixed Grain Baseline,1583.74,35.9898094108434,30.99,41.99,65.0,18.5,64.82001306332502,18.944039831784504,15.04615224991967,6.5,55.09413393336995,4.5,1000.0,6987.55,Global_Kaggle_Baseline
Global Baseline,2020,Mixed Grain Baseline,1603.3,36.0993368293828,31.1,42.1,65.0,18.5,67.96509140140358,20.74899319281836,15.828332092107503,6.5,65.15173733510005,4.5,1000.0,7119.63,Global_Kaggle_Baseline
Global Baseline,2020,Mixed Grain Baseline,1634.19,37.977192816217006,32.98,43.98,65.0,18.5,60.998037324236485,19.973746479222044,18.046718996113476,6.5,55.00640010996284,4.5,1000.0,6839.7,Global_Kaggle_Baseline
Global Baseline,2020,Mixed Grain Baseline,1628.89,36.96504213269601,31.97,42.97,65.0,18.5,67.02197908317753,18.037966165203866,14.952809715235878,6.5,65.08365957391315,4.5,1000.0,7109.97,Global_Kaggle_Baseline
Global Baseline,2020,Mixed Grain Baseline,1557.06,35.9056729821727,30.91,41.91,65.0,18.5,60.07229755942144,20.96170228971312,16.03126729396148,6.5,54.788892958832506,4.5,1000.0,7012.52,Global_Kaggle_Baseline
Global Baseline,2020,Mixed Grain Baseline,1729.52,39.84114683822029,34.84,45.84,65.0,18.5,67.01661610552733,18.053491482524592,14.962674758783288,6.5,55.853619301921405,4.5,1000.0,7009.72,Global_Kaggle_Baseline
Global Baseline,2020,Mixed Grain Baseline,1736.09,40.0193851508788,35.02,46.02,65.0,18.5,67.08139591452756,17.86345395460337,14.88605986053499,6.5,56.28317862356166,4.5,1000.0,6871.54,Global_Kaggle_Baseline
Global Baseline,2020,Mixed Grain Baseline,1612.37,37.06766232935305,32.07,43.07,65.0,18.5,63.00029064101849,20.02802413973433,17.847705671205027,6.5,60.07144854222627,4.5,1000.0,7082.32,Global_Kaggle_Baseline
Global Baseline,2020,Mixed Grain Baseline,1586.54,36.05301079580512,31.05,42.05,65.0,18.5,64.93699795452926,18.86130026099145,15.007215652081172,6.5,54.95370448590311,4.5,1000.0,6767.42,Global_Kaggle_Baseline
Global Baseline,2020,Mixed Grain Baseline,1556.29,35.89708888267854,30.9,41.9,65.0,18.5,59.97838936750559,21.11115011547533,16.055966934791318,6.5,54.88722142302071,4.5,1000.0,7012.42,Global_Kaggle_Baseline
Global Baseline,2020,Mixed Grain Baseline,1561.68,36.05469581493828,31.05,42.05,65.0,18.5,59.953108187088354,20.851961456964407,15.781279135184064,6.5,55.09908911050852,4.5,1000.0,6958.06,Global_Kaggle_Baseline
Global Baseline,2020,Mixed Grain Baseline,1633.23,37.117000750255066,32.12,43.12,65.0,18.5,66.82683073875005,18.06907791126272,14.926326907599943,6.5,64.96623241934064,4.5,1000.0,6984.46,Global_Kaggle_Baseline
Global Baseline,2020,Mixed Grain Baseline,1587.36,36.07090519062006,31.07,42.07,65.0,18.5,64.97655777663701,20.954032643014564,15.785037992285654,6.5,54.94288846337757,4.5,1000.0,6995.48,Global_Kaggle_Baseline
Global Baseline,2020,Mixed Grain Baseline,1736.52,40.06730183076281,35.07,46.07,65.0,18.5,66.83309235058718,18.033185030979435,15.040633038895129,6.5,55.91101419759157,4.5,1000.0,6948.02,Global_Kaggle_Baseline
Global Baseline,2020,Mixed Grain Baseline,1613.88,37.10782496280944,32.11,43.11,65.0,18.5,63.02065968528101,19.7238741691382,17.91264630295789,6.5,60.00211002557865,4.5,1000.0,7005.68,Global_Kaggle_Baseline
Global Baseline,2020,Mixed Grain Baseline,1657.71,38.07811782554504,33.08,44.08,65.0,18.5,64.99547332014872,18.94233012494024,17.116922827295454,6.5,54.88303284005434,4.5,1000.0,6969.0,Global_Kaggle_Baseline
Global Baseline,2020,Mixed Grain Baseline,1620.75,36.14206906402923,31.14,42.14,65.0,18.5,71.15489875504149,21.14928668765407,17.01867092460435,6.5,72.0176932789079,4.5,1000.0,6912.42,Global_Kaggle_Baseline
Global Baseline,2020,Mixed Grain Baseline,1627.99,37.818634920084506,32.82,43.82,65.0,18.5,60.86744879290602,19.98625005598851,17.908124035610975,6.5,55.08395790267183,4.5,1000.0,6816.61,Global_Kaggle_Baseline
Global Baseline,2020,Mixed Grain Baseline,1632.49,37.89532813030155,32.9,43.9,65.0,18.5,61.22996702014053,20.27417126359749,17.91113129888504,6.5,54.99343383824382,4.5,1000.0,7211.5,Global_Kaggle_Baseline
Global Baseline,2020,Mixed Grain Baseline,1559.4,35.97998848036448,30.98,41.98,65.0,18.5,60.0206944844908,21.11015398498769,15.844676988145055,6.5,55.00566523035295,4.5,1000.0,6988.29,Global_Kaggle_Baseline
Global Baseline,2020,Mixed Grain Baseline,1606.49,36.16834660873534,31.17,42.17,65.0,18.5,68.12016331468546,20.97038444364651,15.948711647006569,6.5,65.03295731887351,4.5,1000.0,7206.02,Global_Kaggle_Baseline
Global Baseline,2020,Mixed Grain Baseline,1590.02,36.12169037153151,31.12,42.12,65.0,18.5,65.1513990084006,18.821321397687328,14.977742120319446,6.5,55.174764745422834,4.5,1000.0,7136.49,Global_Kaggle_Baseline
Global Baseline,2020,Mixed Grain Baseline,1632.9,37.94382974742652,32.94,43.94,65.0,18.5,60.97383815938249,19.979699291362824,18.052877717420756,6.5,54.82059169582635,4.5,1000.0,6845.86,Global_Kaggle_Baseline
Global Baseline,2020,Mixed Grain Baseline,1582.07,35.91260901980022,30.91,41.91,65.0,18.5,65.02491197862099,20.70111422360822,16.06850869111731,6.5,55.02115899859822,4.5,1000.0,7089.98,Global_Kaggle_Baseline
Global Baseline,2020,Mixed Grain Baseline,1605.79,36.17749991908181,31.18,42.18,65.0,18.5,67.91525881461044,20.99927384319574,15.904811132305303,6.5,65.02459636128722,4.5,1000.0,7021.62,Global_Kaggle_Baseline
Global Baseline,2020,Mixed Grain Baseline,1658.88,38.821505112584106,33.82,44.82,65.0,18.5,60.025765126449954,20.06841648388093,16.11890840896527,6.5,59.91098281772141,4.5,1000.0,7031.65,Global_Kaggle_Baseline
Global Baseline,2020,Mixed Grain Baseline,1651.68,37.91694678252357,32.92,43.92,65.0,18.5,64.91718150189875,18.97770258283258,17.06611105150089,6.5,54.881079921736685,4.5,1000.0,7073.15,Global_Kaggle_Baseline
Global Baseline,2020,Mixed Grain Baseline,1632.44,37.9190038746984,32.92,43.92,65.0,18.5,61.05533570041577,19.9297640535836,18.126278800356825,6.5,55.12934754121006,4.5,1000.0,7001.31,Global_Kaggle_Baseline
Global Baseline,2020,Mixed Grain Baseline,1605.39,36.14058634362829,31.14,42.14,65.0,18.5,68.09416172697124,21.103386105051463,15.919959698351818,6.5,65.23022384790134,4.5,1000.0,7123.59,Global_Kaggle_Baseline
Global Baseline,2020,Mixed Grain Baseline,1665.0,39.0,34.0,45.0,65.0,18.5,60.0,18.0,15.0,6.5,50.0,4.5,1000.0,6000.0,Global_Kaggle_Baseline
Global Baseline,2020,Mixed Grain Baseline,1590.0,37.0,32.0,43.0,65.0,18.5,59.0,19.0,15.0,6.5,50.0,4.5,1000.0,6000.0,Global_Kaggle_Baseline
Global Baseline,2020,Mixed Grain Baseline,1665.0,39.0,34.0,45.0,65.0,18.5,60.0,18.0,15.0,6.5,60.0,4.5,1000.0,6000.0,Global_Kaggle_Baseline
Global Baseline,2020,Mixed Grain Baseline,1670.0,39.0,34.0,45.0,65.0,18.5,61.0,18.0,16.0,6.5,55.0,4.5,1000.0,6000.0,Global_Kaggle_Baseline
Global Baseline,2020,Mixed Grain Baseline,1665.0,39.0,34.0,45.0,65.0,18.5,60.0,18.0,15.0,6.5,60.0,4.5,1000.0,6000.0,Global_Kaggle_Baseline
Global Baseline,2020,Mixed Grain Baseline,1690.0,39.0,34.0,45.0,65.0,18.5,65.0,18.0,15.0,6.5,60.0,4.5,1000.0,6000.0,Global_Kaggle_Baseline
Global Baseline,2020,Mixed Grain Baseline,1595.0,37.0,32.0,43.0,65.0,18.5,60.0,18.0,15.0,6.5,50.0,4.5,1000.0,6000.0,Global_Kaggle_Baseline
Global Baseline,2020,Mixed Grain Baseline,1690.0,39.0,34.0,45.0,65.0,18.5,65.0,19.0,16.0,6.5,65.0,4.5,1000.0,6000.0,Global_Kaggle_Baseline
Global Baseline,2020,Mixed Grain Baseline,1700.0,40.0,35.0,46.0,65.0,18.5,60.0,18.0,15.0,6.5,50.0,4.5,1000.0,6000.0,Global_Kaggle_Baseline
Global Baseline,2020,Mixed Grain Baseline,1672.11,39.04555589152292,34.05,45.05,65.0,18.5,61.10238596156178,18.14063579196405,16.01011420163833,6.5,55.01974444255944,4.5,1000.0,5975.34,Global_Kaggle_Baseline
Global Baseline,2020,Mixed Grain Baseline,1663.9,38.9748795434725,33.97,44.97,65.0,18.5,59.95680774742854,18.01178545542193,14.964091190211612,6.5,49.99251094751202,4.5,1000.0,5657.0,Global_Kaggle_Baseline
Global Baseline,2020,Mixed Grain Baseline,1695.34,39.162347633667935,34.16,45.16,65.0,18.5,64.93130305785954,19.1203268916626,16.214564747985158,6.5,65.06244175974044,4.5,1000.0,6025.04,Global_Kaggle_Baseline
Global Baseline,2020,Mixed Grain Baseline,1593.99,37.11707266747529,32.12,43.12,65.0,18.5,58.97834461633983,19.129495795943544,15.197201162694094,6.5,50.04270895835129,4.5,1000.0,5893.57,Global_Kaggle_Baseline
Global Baseline,2020,Mixed Grain Baseline,1665.91,39.00031462613988,34.0,45.0,65.0,18.5,60.180027337879686,17.93617040177206,14.89247084371458,6.5,60.11093481462801,4.5,1000.0,5921.28,Global_Kaggle_Baseline
Global Baseline,2020,Mixed Grain Baseline,1692.89,39.064906585871285,34.06,45.06,65.0,18.5,65.12378116017096,18.888050556815667,15.999941301576609,6.5,64.86541711979234,4.5,1000.0,5935.72,Global_Kaggle_Baseline
Global Baseline,2020,Mixed Grain Baseline,1664.15,38.96956107331935,33.97,44.97,65.0,18.5,60.04323739748629,18.08154036893553,15.078617935567728,6.5,59.817317944453336,4.5,1000.0,6098.23,Global_Kaggle_Baseline
Global Baseline,2020,Mixed Grain Baseline,1696.26,39.88378958370901,34.88,45.88,65.0,18.5,60.065277793127706,17.723223305135086,14.974164040231214,6.5,50.05255485332719,4.5,1000.0,6114.47,Global_Kaggle_Baseline
Global Baseline,2020,Mixed Grain Baseline,1669.94,39.00931187078652,34.01,45.01,65.0,18.5,60.9235256439885,18.02220604103572,16.112955495202353,6.5,54.89573610128158,4.5,1000.0,6111.74,Global_Kaggle_Baseline
Global Baseline,2020,Mixed Grain Baseline,1662.13,38.91966825325213,33.92,44.92,65.0,18.5,59.98809497313648,18.00163408390235,14.82675804624895,6.5,59.919120792282655,4.5,1000.0,6025.02,Global_Kaggle_Baseline
Global Baseline,2020,Mixed Grain Baseline,1663.14,38.80978163472808,33.81,44.81,65.0,18.5,60.95965969370983,17.807972492268764,15.784276385836195,6.5,55.02979707359557,4.5,1000.0,5897.98,Global_Kaggle_Baseline
Global Baseline,2020,Mixed Grain Baseline,1597.6,37.07680380664327,32.08,43.08,65.0,18.5,59.98251849148557,18.05260045689423,15.10701628622508,6.5,50.30207801568538,4.5,1000.0,5953.63,Global_Kaggle_Baseline
Global Baseline,2020,Mixed Grain Baseline,1692.0,39.07929426212474,34.08,45.08,65.0,18.5,64.84513894605413,18.02866974689257,15.12032963782405,6.5,60.111564710919126,4.5,1000.0,6027.64,Global_Kaggle_Baseline
Global Baseline,2020,Mixed Grain Baseline,1603.52,37.21129123218952,32.21,43.21,65.0,18.5,60.224216375770496,18.045540290101847,14.954027855226087,6.5,49.91522822240668,4.5,1000.0,6174.18,Global_Kaggle_Baseline
Global Baseline,2020,Mixed Grain Baseline,1659.5,38.85116397117272,33.85,44.85,65.0,18.5,59.941774771314606,18.09625868563141,14.714460481126952,6.5,50.18417861176155,4.5,1000.0,5990.09,Global_Kaggle_Baseline
Global Baseline,2020,Mixed Grain Baseline,1696.66,39.93313527240092,34.93,45.93,65.0,18.5,59.800367970837286,17.88245185462957,15.036205924510496,6.5,49.99809625577819,4.5,1000.0,6008.91,Global_Kaggle_Baseline
Global Baseline,2020,Mixed Grain Baseline,1704.06,40.09813814256317,35.1,46.1,65.0,18.5,60.12458279243465,17.867702785233902,15.023106719727936,6.5,50.11247949614224,4.5,1000.0,5934.93,Global_Kaggle_Baseline
Global Baseline,2020,Mixed Grain Baseline,1587.78,36.94590399488034,31.95,42.95,65.0,18.5,58.93502000748245,19.314381903156864,15.06933643345,6.5,50.09803687010653,4.5,1000.0,5894.23,Global_Kaggle_Baseline
Global Baseline,2020,Mixed Grain Baseline,1591.35,36.92113190086853,31.92,42.92,65.0,18.5,59.822799953601056,18.03735741909229,14.741796795352773,6.5,49.96444216951021,4.5,1000.0,6110.16,Global_Kaggle_Baseline
Global Baseline,2020,Mixed Grain Baseline,1688.87,38.9791840155359,33.98,44.98,65.0,18.5,64.91922905977091,17.955560592570787,15.05313596140972,6.5,59.977952932474174,4.5,1000.0,6047.13,Global_Kaggle_Baseline
Global Baseline,2020,Mixed Grain Baseline,1700.2,40.01386241524794,35.01,46.01,65.0,18.5,59.94312096270667,18.04421267808461,14.843543779687565,6.5,50.07146328792471,4.5,1000.0,5863.96,Global_Kaggle_Baseline
Global Baseline,2020,Mixed Grain Baseline,1595.25,37.01526811515357,32.02,43.02,65.0,18.5,59.943056619814826,17.87478344173561,15.087097190016165,6.5,49.87433788498349,4.5,1000.0,6130.35,Global_Kaggle_Baseline
Global Baseline,2020,Mixed Grain Baseline,1589.38,36.96982986031866,31.97,42.97,65.0,18.5,59.087849594143066,19.13096616406312,15.0844230194461,6.5,50.056930650367946,4.5,1000.0,5985.21,Global_Kaggle_Baseline
Global Baseline,2020,Mixed Grain Baseline,1590.83,37.01521864647658,32.02,43.02,65.0,18.5,59.0599899304589,19.102962868736853,14.88411494996334,6.5,50.05151066656968,4.5,1000.0,5978.14,Global_Kaggle_Baseline
Global Baseline,2020,Mixed Grain Baseline,1696.95,39.19605614002533,34.2,45.2,65.0,18.5,65.01675022421124,18.83584231154765,15.894599767304788,6.5,65.02274574030034,4.5,1000.0,6185.23,Global_Kaggle_Baseline
Global Baseline,2020,Mixed Grain Baseline,1694.8,39.15480177003565,34.15,45.15,65.0,18.5,64.87582569014025,17.98755690774992,14.994970045621844,6.5,59.96807687065324,4.5,1000.0,5967.42,Global_Kaggle_Baseline
Global Baseline,2020,Mixed Grain Baseline,1594.83,37.14902221604066,32.15,43.15,65.0,18.5,58.922138632271576,19.18339771694052,14.896859903023277,6.5,49.98964597906187,4.5,1000.0,6243.73,Global_Kaggle_Baseline
Global Baseline,2020,Mixed Grain Baseline,1668.28,38.944398738198245,33.94,44.94,65.0,18.5,61.04509540575967,17.936744467741523,16.145672107867732,6.5,55.02084133514567,4.5,1000.0,5960.08,Global_Kaggle_Baseline
Global Baseline,2020,Mixed Grain Baseline,1591.1,37.054413122831846,32.05,43.05,65.0,18.5,58.83946573456275,19.10724930338956,14.951957402410242,6.5,49.97836902421341,4.5,1000.0,6050.08,Global_Kaggle_Baseline
Global Baseline,2020,Mixed Grain Baseline,1702.31,40.06898042072064,35.07,46.07,65.0,18.5,59.97936948207673,18.039750689125302,15.009316756530316,6.5,49.81587794188023,4.5,1000.0,5962.53,Global_Kaggle_Baseline
Global Baseline,2020,Mixed Grain Baseline,1664.84,38.8490294916012,33.85,44.85,65.0,18.5,61.0248671360846,18.118976282899197,15.90424536606919,6.5,55.00173573064792,4.5,1000.0,5966.98,Global_Kaggle_Baseline
Global Baseline,2020,Mixed Grain Baseline,1665.32,39.01348268725021,34.01,45.01,65.0,18.5,59.969445865400175,18.018616237374527,15.043195521194566,6.5,60.04717256529914,4.5,1000.0,6004.91,Global_Kaggle_Baseline
Global Baseline,2020,Mixed Grain Baseline,1671.38,39.03688115946014,34.04,45.04,65.0,18.5,61.01697602844976,18.016791489818345,15.911309897385363,6.5,55.02645726871093,4.5,1000.0,5922.55,Global_Kaggle_Baseline
Global Baseline,2020,Mixed Grain Baseline,1667.17,39.08557275647208,34.09,45.09,65.0,18.5,59.83571234979368,18.130641959285096,14.949268605821066,6.5,49.83274662094255,4.5,1000.0,5885.94,Global_Kaggle_Baseline
Global Baseline,2020,Mixed Grain Baseline,1597.31,37.20592108229914,32.21,43.21,65.0,18.5,59.0210770667934,18.998999731337605,14.956058263165335,6.5,49.984601085076974,4.5,1000.0,6017.14,Global_Kaggle_Baseline
Global Baseline,2020,Mixed Grain Baseline,1666.46,39.04140767010173,34.04,45.04,65.0,18.5,60.00266477682223,18.17835086363095,15.114049649289948,6.5,59.84895940131891,4.5,1000.0,5786.51,Global_Kaggle_Baseline
Global Baseline,2020,Mixed Grain Baseline,1663.13,38.95236675505066,33.95,44.95,65.0,18.5,59.9594461020866,17.979230806917027,14.947587117039966,6.5,59.85614829322012,4.5,1000.0,6005.07,Global_Kaggle_Baseline
Global Baseline,2020,Mixed Grain Baseline,1667.94,39.06891450557652,34.07,45.07,65.0,18.5,60.1046690565119,17.9429458086875,14.905590561352527,6.5,59.842682078776654,4.5,1000.0,5992.98,Global_Kaggle_Baseline
Global Baseline,2020,Mixed Grain Baseline,1656.08,38.73445401797762,33.73,44.73,65.0,18.5,60.075234919149246,17.83328532122606,15.089525180489408,6.5,59.98826557538776,4.5,1000.0,5995.47,Global_Kaggle_Baseline
Global Baseline,2020,Mixed Grain Baseline,1663.48,38.96571333997654,33.97,44.97,65.0,18.5,59.93549553471385,17.99863985322304,15.043446766615473,6.5,50.12972300196648,4.5,1000.0,6248.12,Global_Kaggle_Baseline
Global Baseline,2020,Mixed Grain Baseline,1593.75,36.95139254525091,31.95,42.95,65.0,18.5,60.089533954747886,18.005213717751314,15.049526529290077,6.5,50.02126592506129,4.5,1000.0,5957.21,Global_Kaggle_Baseline
Global Baseline,2020,Mixed Grain Baseline,1596.18,37.19493882897818,32.19,43.19,65.0,18.5,58.87101546488938,18.855876842618237,14.965433066680813,6.5,50.08533693719282,4.5,1000.0,6014.09,Global_Kaggle_Baseline
Global Baseline,2020,Mixed Grain Baseline,1667.92,38.95418925021953,33.95,44.95,65.0,18.5,60.904721094247634,18.046450003841283,15.965403058962048,6.5,55.11425785295116,4.5,1000.0,5849.51,Global_Kaggle_Baseline
Global Baseline,2020,Mixed Grain Baseline,1700.99,40.05642281346214,35.06,46.06,65.0,18.5,59.80369295610939,18.04064637790996,15.043685379833883,6.5,50.01013618928005,4.5,1000.0,6054.49,Global_Kaggle_Baseline
Global Baseline,2020,Mixed Grain Baseline,1588.98,36.97087268370494,31.97,42.97,65.0,18.5,58.99901735999914,18.91285532138061,14.96953561409942,6.5,50.09920605410918,4.5,1000.0,6019.12,Global_Kaggle_Baseline
Global Baseline,2020,Mixed Grain Baseline,1665.97,39.034670042975065,34.03,45.03,65.0,18.5,59.95119979839962,17.901725222726963,15.092755617161943,6.5,59.871625776741205,4.5,1000.0,6021.73,Global_Kaggle_Baseline
Global Baseline,2020,Mixed Grain Baseline,1665.57,39.027907850696224,34.03,45.03,65.0,18.5,59.9194089520397,17.817529271028114,15.15024021629646,6.5,59.960355898112695,4.5,1000.0,5949.7,Global_Kaggle_Baseline
Global Baseline,2020,Mixed Grain Baseline,1690.9,39.03419008030792,34.03,45.03,65.0,18.5,64.9399007009829,18.915630754005008,16.074507906267222,6.5,65.187094419559,4.5,1000.0,6091.12,Global_Kaggle_Baseline
Global Baseline,2020,Mixed Grain Baseline,1594.12,36.96928438687397,31.97,42.97,65.0,18.5,60.03924479212506,18.099373999212315,15.04750794377619,6.5,50.01746002065839,4.5,1000.0,6087.22,Global_Kaggle_Baseline
Global Baseline,2020,Mixed Grain Baseline,1664.01,38.98447152003222,33.98,44.98,65.0,18.5,59.91108283568068,17.9866409446299,15.045017250891586,6.5,59.99710927407361,4.5,1000.0,6027.54,Global_Kaggle_Baseline
Global Baseline,2020,Mixed Grain Baseline,1596.96,37.04701026987207,32.05,43.05,65.0,18.5,60.06318392447471,17.925935221838177,14.92520009151705,6.5,49.9865627270437,4.5,1000.0,5894.68,Global_Kaggle_Baseline
Global Baseline,2020,Mixed Grain Baseline,1661.02,38.8901463479138,33.89,44.89,65.0,18.5,59.9731271275743,18.0680179671506,14.850773928651869,6.5,50.18891079408471,4.5,1000.0,6012.11,Global_Kaggle_Baseline
Global Baseline,2020,Mixed Grain Baseline,1669.85,39.116449375874936,34.12,45.12,65.0,18.5,60.15410992922229,18.061648635360104,14.924007941196448,6.5,59.99632808507801,4.5,1000.0,5850.37,Global_Kaggle_Baseline
Global Baseline,2020,Mixed Grain Baseline,1662.41,38.93782001602128,33.94,44.94,65.0,18.5,59.91748133676601,18.097419372437287,14.928834506388664,6.5,50.14792997291312,4.5,1000.0,5848.62,Global_Kaggle_Baseline
Global Baseline,2020,Mixed Grain Baseline,1691.65,39.02810673240053,34.03,45.03,65.0,18.5,65.13285512741454,17.950161054715725,15.097416336589196,6.5,60.298247874880815,4.5,1000.0,5876.92,Global_Kaggle_Baseline
Global Baseline,2020,Mixed Grain Baseline,1686.21,38.87111948847575,33.87,44.87,65.0,18.5,65.14390254389586,17.844725346191105,15.01162724848062,6.5,60.11077142305451,4.5,1000.0,5995.45,Global_Kaggle_Baseline
Global Baseline,2020,Mixed Grain Baseline,1685.27,38.87026388280099,33.87,44.87,65.0,18.5,64.96191820677168,19.04176193771923,16.16732084182215,6.5,64.91134994771286,4.5,1000.0,6012.84,Global_Kaggle_Baseline
Global Baseline,2020,Mixed Grain Baseline,1696.8,39.90919202803956,34.91,45.91,65.0,18.5,59.9958173431271,18.125955851231065,14.975558345669372,6.5,50.19817192711726,4.5,1000.0,5909.97,Global_Kaggle_Baseline
Global Baseline,2020,Mixed Grain Baseline,1684.3,38.86800460592536,33.87,44.87,65.0,18.5,64.78412632744478,18.07152244457661,14.951615806932924,6.5,59.999041414196434,4.5,1000.0,5971.7,Global_Kaggle_Baseline
Global Baseline,2020,Mixed Grain Baseline,1584.47,36.825951818887845,31.83,42.83,65.0,18.5,59.11200040096896,18.94428161530629,15.082159344885026,6.5,49.875219225892586,4.5,1000.0,5941.85,Global_Kaggle_Baseline
Global Baseline,2020,Mixed Grain Baseline,1696.01,39.16601843289207,34.17,45.17,65.0,18.5,65.03982438243446,18.96823040300276,16.04665346743026,6.5,64.9887334439591,4.5,1000.0,5897.88,Global_Kaggle_Baseline
Global Baseline,2020,Mixed Grain Baseline,1665.13,38.87889623889089,33.88,44.88,65.0,18.5,60.87284553113909,18.061337857259737,15.96488888444554,6.5,54.9085817138849,4.5,1000.0,5987.14,Global_Kaggle_Baseline
Global Baseline,2020,Mixed Grain Baseline,1685.67,38.88695070193274,33.89,44.89,65.0,18.5,64.92626996628957,19.001037936115328,16.124818781507088,6.5,64.9810619737479,4.5,1000.0,6029.33,Global_Kaggle_Baseline
Global Baseline,2020,Mixed Grain Baseline,1674.67,39.14019114759639,34.14,45.14,65.0,18.5,60.95251783174428,18.06301104782079,16.221435551403083,6.5,54.877889938060406,4.5,1000.0,6094.02,Global_Kaggle_Baseline
Global Baseline,2020,Mixed Grain Baseline,1697.29,39.94614624351525,34.95,45.95,65.0,18.5,59.83464092960375,18.05147158486337,14.945283669557815,6.5,50.04884572636674,4.5,1000.0,6050.15,Global_Kaggle_Baseline
Global Baseline,2020,Mixed Grain Baseline,1672.99,39.07026235914418,34.07,45.07,65.0,18.5,61.10692109492871,18.020367527524733,16.000705778644303,6.5,54.77591420406094,4.5,1000.0,6018.99,Global_Kaggle_Baseline
Global Baseline,2020,Mixed Grain Baseline,1683.67,38.808049205526885,33.81,44.81,65.0,18.5,65.07816086214459,19.14147785850599,16.036486185136443,6.5,64.96971468585154,4.5,1000.0,6026.72,Global_Kaggle_Baseline
Global Baseline,2020,Mixed Grain Baseline,1690.44,39.02150750298568,34.02,45.02,65.0,18.5,64.9384134052195,17.877356278606594,14.936145191429588,6.5,59.940730167369225,4.5,1000.0,6019.04,Global_Kaggle_Baseline
Global Baseline,2020,Mixed Grain Baseline,1596.31,37.04572576743326,32.05,43.05,65.0,18.5,59.94100099759129,17.88118801006339,14.986338202286897,6.5,49.9472417503379,4.5,1000.0,6293.19,Global_Kaggle_Baseline
Global Baseline,2020,Mixed Grain Baseline,1695.16,39.10795303079375,34.11,45.11,65.0,18.5,65.27572641563538,18.06129016339663,14.94708838231471,6.5,60.19220470515134,4.5,1000.0,5967.14,Global_Kaggle_Baseline
Global Baseline,2020,Mixed Grain Baseline,1661.57,38.93017073704419,33.93,44.93,65.0,18.5,59.80300257856189,17.970588645905014,14.880481536957454,6.5,50.04002672557656,4.5,1000.0,5930.48,Global_Kaggle_Baseline
Global Baseline,2020,Mixed Grain Baseline,1665.48,38.99544120271069,34.0,45.0,65.0,18.5,60.12768813856159,17.91951803666981,14.865126493493452,6.5,60.04151133805623,4.5,1000.0,5887.72,Global_Kaggle_Baseline
Global Baseline,2020,Mixed Grain Baseline,1689.99,39.00447485975374,34.0,45.0,65.0,18.5,64.96595425523472,18.912086087958365,16.079805841231135,6.5,65.09521413107244,4.5,1000.0,6100.69,Global_Kaggle_Baseline
Global Baseline,2020,Mixed Grain Baseline,1669.12,39.111615332384105,34.11,45.11,65.0,18.5,60.0429021871691,17.886478446794296,14.930278449739829,6.5,49.99277193267969,4.5,1000.0,6023.83,Global_Kaggle_Baseline
Global Baseline,2020,Mixed Grain Baseline,1689.83,39.0188271851877,34.02,45.02,65.0,18.5,64.83479146089117,18.84433780625837,15.978744812768111,6.5,65.08139700596374,4.5,1000.0,6011.93,Global_Kaggle_Baseline
Global Baseline,2020,Mixed Grain Baseline,1690.14,39.01432029050724,34.01,45.01,65.0,18.5,64.92849315355517,18.959897258691363,16.00764534486796,6.5,64.96247957413199,4.5,1000.0,5875.41,Global_Kaggle_Baseline
Global Baseline,2020,Mixed Grain Baseline,1670.56,39.15978647944335,34.16,45.16,65.0,18.5,59.993413151785134,18.004340034703986,14.903591780773755,6.5,60.07551933125448,4.5,1000.0,6160.88,Global_Kaggle_Baseline
Global Baseline,2020,Mixed Grain Baseline,1663.56,38.95591169816511,33.96,44.96,65.0,18.5,60.02016337141916,18.0419226949848,15.086792297375228,6.5,50.01781961407449,4.5,1000.0,6053.95,Global_Kaggle_Baseline
Global Baseline,2020,Mixed Grain Baseline,1661.62,38.90726706653701,33.91,44.91,65.0,18.5,59.97398960857844,17.962229069045446,14.80178976875681,6.5,60.15188995554728,4.5,1000.0,6033.36,Global_Kaggle_Baseline
Global Baseline,2020,Mixed Grain Baseline,1663.16,38.95871185719472,33.96,44.96,65.0,18.5,59.92189909916202,17.90098555770362,15.033606640242002,6.5,60.003273074684735,4.5,1000.0,5972.6,Global_Kaggle_Baseline
Global Baseline,2020,Mixed Grain Baseline,1690.97,39.03329169655892,34.03,45.03,65.0,18.5,64.96097738642624,17.920140553317964,15.026809426771877,6.5,60.04610834783993,4.5,1000.0,6042.74,Global_Kaggle_Baseline
Global Baseline,2020,Mixed Grain Baseline,1668.98,39.09293669250867,34.09,45.09,65.0,18.5,60.14563884481107,18.0219879193776,14.986083854528324,6.5,49.97002895917039,4.5,1000.0,5918.77,Global_Kaggle_Baseline
Global Baseline,2020,Mixed Grain Baseline,1689.43,38.99812335936151,34.0,45.0,65.0,18.5,64.89821708421665,19.031982071210997,15.909286305371586,6.5,64.8749707965236,4.5,1000.0,5836.38,Global_Kaggle_Baseline
Global Baseline,2020,Mixed Grain Baseline,1668.83,39.09201511676531,34.09,45.09,65.0,18.5,60.12165013137076,18.182174792059133,15.074409817713445,6.5,59.93978925301678,4.5,1000.0,5834.18,Global_Kaggle_Baseline
Global Baseline,2020,Mixed Grain Baseline,1697.24,39.21137506880822,34.21,45.21,65.0,18.5,64.96828258545277,18.863251139253965,15.985678855171646,6.5,64.94000387201032,4.5,1000.0,6183.02,Global_Kaggle_Baseline
Global Baseline,2020,Mixed Grain Baseline,1598.28,37.07582047711802,32.08,43.08,65.0,18.5,60.12427298340142,18.005896233711578,15.194722032793091,6.5,50.09557497584778,4.5,1000.0,5954.48,Global_Kaggle_Baseline
Global Baseline,2020,Mixed Grain Baseline,1593.04,36.95640335226675,31.96,42.96,65.0,18.5,59.91400078091427,17.89052320368671,14.944539563954873,6.5,50.094321618655016,4.5,1000.0,6002.1,Global_Kaggle_Baseline
Global Baseline,2020,Mixed Grain Baseline,1688.99,38.98434709723168,33.98,44.98,65.0,18.5,64.9065814688112,17.904077414678568,15.027404949344476,6.5,60.03690142323127,4.5,1000.0,5952.33,Global_Kaggle_Baseline
Global Baseline,2020,Mixed Grain Baseline,1587.26,36.91723659245275,31.92,42.92,65.0,18.5,59.03081229636941,18.859515820143137,15.093822540260216,6.5,50.05323868677895,4.5,1000.0,6081.53,Global_Kaggle_Baseline
Global Baseline,2020,Mixed Grain Baseline,1589.24,36.83890703594773,31.84,42.84,65.0,18.5,59.97577349767335,17.91603880094776,14.945264456086116,6.5,49.961306352600914,4.5,1000.0,5851.01,Global_Kaggle_Baseline
Global Baseline,2020,Mixed Grain Baseline,1599.07,37.11326129404649,32.11,43.11,65.0,18.5,60.02214915538245,17.898341767886045,14.849349366342096,6.5,50.04355627906874,4.5,1000.0,5875.24,Global_Kaggle_Baseline
Global Baseline,2020,Mixed Grain Baseline,1695.61,39.16438902354145,34.16,45.16,65.0,18.5,64.9705990811713,17.882117647475837,14.980948250332087,6.5,60.05434451604326,4.5,1000.0,5959.7,Global_Kaggle_Baseline
Global Baseline,2020,Mixed Grain Baseline,1666.04,39.04944831105982,34.05,45.05,65.0,18.5,59.86220408274724,18.07531953685989,14.981636267420848,6.5,59.97285911283654,4.5,1000.0,6164.52,Global_Kaggle_Baseline
Global Baseline,2020,Mixed Grain Baseline,1591.03,37.0247474400119,32.02,43.02,65.0,18.5,59.03280945357198,19.103686872073546,14.906015689229225,6.5,49.98058282630127,4.5,1000.0,6020.0,Global_Kaggle_Baseline
Global Baseline,2020,Mixed Grain Baseline,1685.14,38.84999242178917,33.85,44.85,65.0,18.5,65.07784024474789,18.854800553024877,16.214100301585795,6.5,64.85376826870748,4.5,1000.0,6064.66,Global_Kaggle_Baseline
Global Baseline,2020,Mixed Grain Baseline,1687.44,38.93307439724044,33.93,44.93,65.0,18.5,64.957079068194,19.093602140497836,16.008105182078637,6.5,65.01884139427884,4.5,1000.0,6141.41,Global_Kaggle_Baseline
Global Baseline,2020,Mixed Grain Baseline,1661.25,38.90731191001837,33.91,44.91,65.0,18.5,59.899435946036,18.031284760422064,14.991718654840517,6.5,50.084896344832856,4.5,1000.0,5871.24,Global_Kaggle_Baseline
Global Baseline,2020,Mixed Grain Baseline,1667.57,38.929442908266616,33.93,44.93,65.0,18.5,61.007357977095545,17.990630777468446,16.06626222306056,6.5,55.01519556340805,4.5,1000.0,5965.13,Global_Kaggle_Baseline
Global Baseline,2020,Mixed Grain Baseline,1690.28,39.01205855426669,34.01,45.01,65.0,18.5,64.97084057590858,18.97870709740185,15.906694091879295,6.5,65.02711273150095,4.5,1000.0,6049.44,Global_Kaggle_Baseline
Global Baseline,2020,Mixed Grain Baseline,1591.64,36.91758530336394,31.92,42.92,65.0,18.5,59.90548790467791,18.217210598914367,14.931889098630352,6.5,49.7556072554437,4.5,1000.0,5850.32,Global_Kaggle_Baseline
Global Baseline,2020,Mixed Grain Baseline,1672.91,39.231433681741606,34.23,45.23,65.0,18.5,59.96137437849231,18.128960758581982,14.904685530110036,6.5,60.12104971125724,4.5,1000.0,5926.87,Global_Kaggle_Baseline
Global Baseline,2020,Mixed Grain Baseline,1705.47,40.16125172724932,35.16,46.16,65.0,18.5,59.96506298660788,17.94949967205737,15.08435063755639,6.5,49.97823091973348,4.5,1000.0,5748.85,Global_Kaggle_Baseline
Global Baseline,2020,Mixed Grain Baseline,1662.82,38.94507968736752,33.95,44.95,65.0,18.5,59.94878599826136,17.823550948868682,14.828427021790567,6.5,49.97994925742517,4.5,1000.0,6058.5,Global_Kaggle_Baseline
Global Baseline,2020,Mixed Grain Baseline,1661.04,38.88585451552272,33.89,44.89,65.0,18.5,60.00772249055633,17.86581983048674,14.994364463397083,6.5,49.95694383639599,4.5,1000.0,6107.06,Global_Kaggle_Baseline
Global Baseline,2020,Mixed Grain Baseline,1665.55,39.02823614867622,34.03,45.03,65.0,18.5,59.913289703041926,17.940366630549335,14.98069110447763,6.5,49.89205214601071,4.5,1000.0,5988.69,Global_Kaggle_Baseline
Global Baseline,2020,Mixed Grain Baseline,1662.48,38.91919403502495,33.92,44.92,65.0,18.5,60.06249216947207,18.195024209595395,14.934115949473318,6.5,59.94073436701359,4.5,1000.0,5967.53,Global_Kaggle_Baseline
Global Baseline,2020,Mixed Grain Baseline,1669.38,39.11713937015201,34.12,45.12,65.0,18.5,60.05587801443808,18.033767133684204,14.950639228353316,6.5,49.90882721140376,4.5,1000.0,5972.77,Global_Kaggle_Baseline
Global Baseline,2020,Mixed Grain Baseline,1696.78,39.91271044681519,34.91,45.91,65.0,18.5,59.96680635056335,17.91032682867863,14.783774692469368,6.5,49.94648700313234,4.5,1000.0,6047.03,Global_Kaggle_Baseline
Global Baseline,2020,Mixed Grain Baseline,1671.35,39.05233631759242,34.05,45.05,65.0,18.5,60.904525882130415,17.998667412663536,16.04488349461064,6.5,55.0015147624131,4.5,1000.0,5993.34,Global_Kaggle_Baseline
Global Baseline,2020,Mixed Grain Baseline,1662.6,38.94435434580876,33.94,44.94,65.0,18.5,59.91050437239252,18.06328140163289,14.835940857825772,6.5,50.053234042240845,4.5,1000.0,6123.83,Global_Kaggle_Baseline
Global Baseline,2020,Mixed Grain Baseline,1692.66,39.080470711741214,34.08,45.08,65.0,18.5,64.96834329235064,19.092008365589205,16.09491284678104,6.5,65.13519126825955,4.5,1000.0,5916.26,Global_Kaggle_Baseline
Global Baseline,2020,Mixed Grain Baseline,1661.98,38.91508825469916,33.92,44.92,65.0,18.5,59.98979407420008,18.04964521334417,14.817493315439014,6.5,50.01910015539652,4.5,1000.0,6088.93,Global_Kaggle_Baseline
Global Baseline,2020,Mixed Grain Baseline,1593.99,36.98265160847606,31.98,42.98,65.0,18.5,59.920094249588864,17.957424753108757,14.84678680600738,6.5,50.138512913035605,4.5,1000.0,5910.45,Global_Kaggle_Baseline
Global Baseline,2020,Mixed Grain Baseline,1699.43,39.95772454090157,34.96,45.96,65.0,18.5,60.18203752668596,18.13952603924008,15.018765585862791,6.5,49.8547549788042,4.5,1000.0,6116.09,Global_Kaggle_Baseline
Global Baseline,2020,Mixed Grain Baseline,1690.42,39.01987708114678,34.02,45.02,65.0,18.5,64.94429862762082,17.944061804965862,15.121015727141582,6.5,60.04793964826876,4.5,1000.0,5943.6,Global_Kaggle_Baseline
Global Baseline,2020,Mixed Grain Baseline,1689.17,39.00291960036324,34.0,45.0,65.0,18.5,64.81311268716878,18.941640829698905,16.064356558193175,6.5,65.02110580023795,4.5,1000.0,5984.18,Global_Kaggle_Baseline
Global Baseline,2020,Mixed Grain Baseline,1669.51,39.09944071788254,34.1,45.1,65.0,18.5,60.205939187898096,18.0480724315813,14.872656825414042,6.5,59.91162505556226,4.5,1000.0,6130.4,Global_Kaggle_Baseline
Global Baseline,2020,Mixed Grain Baseline,1686.18,38.903449350551085,33.9,44.9,65.0,18.5,64.91165499122897,17.910449525897363,14.872612223630274,6.5,60.15423891938924,4.5,1000.0,5913.48,Global_Kaggle_Baseline
Global Baseline,2020,Mixed Grain Baseline,1601.46,37.16492084938103,32.16,43.16,65.0,18.5,60.13798670883039,18.002475956600335,15.058236916861777,6.5,49.93162195827219,4.5,1000.0,5970.94,Global_Kaggle_Baseline
Global Baseline,2020,Mixed Grain Baseline,1600.75,37.17863346146759,32.18,43.18,65.0,18.5,59.90047979089697,17.932033264245618,15.011844647945656,6.5,50.03348583880719,4.5,1000.0,6003.31,Global_Kaggle_Baseline
Global Baseline,2020,Mixed Grain Baseline,1700.18,40.03343135279876,35.03,46.03,65.0,18.5,59.80121212409392,18.078410317014345,15.043464791418389,6.5,49.99112935697841,4.5,1000.0,5916.31,Global_Kaggle_Baseline
Global Baseline,2020,Mixed Grain Baseline,1593.52,36.97967811676213,31.98,42.98,65.0,18.5,59.84570930929598,17.966612525147024,14.99560965233385,6.5,49.90162576913139,4.5,1000.0,6105.01,Global_Kaggle_Baseline
Global Baseline,2020,Mixed Grain Baseline,1668.85,39.10712087745237,34.11,45.11,65.0,18.5,60.01978236735496,17.890262502054203,15.109269131949963,6.5,59.83280108274895,4.5,1000.0,5951.06,Global_Kaggle_Baseline
Global Baseline,2020,Mixed Grain Baseline,1688.01,38.96701617974576,33.97,44.97,65.0,18.5,64.83314691409055,19.14512938785543,16.11032475819224,6.5,64.94515581683497,4.5,1000.0,5884.96,Global_Kaggle_Baseline
Global Baseline,2020,Mixed Grain Baseline,1664.0,38.96860040964496,33.97,44.97,65.0,18.5,60.01926972176081,18.088498896954388,15.020908834169328,6.5,59.97886970072869,4.5,1000.0,5873.32,Global_Kaggle_Baseline
Global Baseline,2020,Mixed Grain Baseline,1662.08,38.91411805684898,33.91,44.91,65.0,18.5,60.01636757341853,17.914281941606635,14.960255382625316,6.5,59.87379204083825,4.5,1000.0,5898.61,Global_Kaggle_Baseline
Global Baseline,2020,Mixed Grain Baseline,1662.2,38.9124649735576,33.91,44.91,65.0,18.5,60.05184087320825,18.1065038566804,14.935856523198662,6.5,59.76524003554643,4.5,1000.0,5923.19,Global_Kaggle_Baseline
Global Baseline,2020,Mixed Grain Baseline,1595.91,37.02529194796978,32.03,43.03,65.0,18.5,60.00510925975385,18.1342337130664,15.066052002028131,6.5,49.89216028401843,4.5,1000.0,5985.96,Global_Kaggle_Baseline
Global Baseline,2020,Mixed Grain Baseline,1685.19,38.87463617842035,33.87,44.87,65.0,18.5,64.916417735084,19.198421692746745,16.08967832988633,6.5,65.0657751090252,4.5,1000.0,6051.52,Global_Kaggle_Baseline
Global Baseline,2020,Mixed Grain Baseline,1669.36,39.11444378325731,34.11,45.11,65.0,18.5,60.07020075039019,18.019099066422463,14.908448775105668,6.5,49.91644334401269,4.5,1000.0,5886.81,Global_Kaggle_Baseline
Global Baseline,2020,Mixed Grain Baseline,1701.94,40.02678658315151,35.03,46.03,65.0,18.5,60.20028379770278,18.03282745751634,14.974250076296928,6.5,50.026246965560254,4.5,1000.0,5908.77,Global_Kaggle_Baseline
Global Baseline,2020,Mixed Grain Baseline,1592.53,37.05413513290098,32.05,43.05,65.0,18.5,59.12743393239816,18.93917879410138,15.029612594885435,6.5,50.153611690280925,4.5,1000.0,5841.69,Global_Kaggle_Baseline
Global Baseline,2020,Mixed Grain Baseline,1663.97,38.96610385825036,33.97,44.97,65.0,18.5,60.03200599286652,18.100698367125435,15.0339035069321,6.5,60.073334765498494,4.5,1000.0,6009.64,Global_Kaggle_Baseline
Global Baseline,2020,Mixed Grain Baseline,1690.21,39.00328823645164,34.0,45.0,65.0,18.5,65.01953700367635,17.80191204912119,14.905991042716249,6.5,60.01576701209993,4.5,1000.0,6025.41,Global_Kaggle_Baseline
Global Baseline,2020,Mixed Grain Baseline,1666.26,39.00980736925377,34.01,45.01,65.0,18.5,60.18267922234087,17.923210767592092,15.061524933242536,6.5,60.145931991235706,4.5,1000.0,5953.35,Global_Kaggle_Baseline
Global Baseline,2020,Mixed Grain Baseline,1595.78,37.15981645619078,32.16,43.16,65.0,18.5,59.03643598094003,18.982206560271685,14.94810748250901,6.5,50.01218733060048,4.5,1000.0,6129.82,Global_Kaggle_Baseline
Global Baseline,2020,Mixed Grain Baseline,1659.3,38.8528307493738,33.85,44.85,65.0,18.5,59.88958816004098,18.210429314370305,14.90757725166106,6.5,60.00186679777703,4.5,1000.0,6044.79,Global_Kaggle_Baseline
Global Baseline,2020,Mixed Grain Baseline,1670.89,39.147227322550464,34.15,45.15,65.0,18.5,60.14645801227156,17.77300524986858,15.094982772969091,6.5,59.848451363457976,4.5,1000.0,5960.42,Global_Kaggle_Baseline
Global Baseline,2020,Mixed Grain Baseline,1663.53,38.96637354135848,33.97,44.97,65.0,18.5,59.94151218703343,18.061700495793986,15.016396575899323,6.5,50.150259430539776,4.5,1000.0,5757.46,Global_Kaggle_Baseline
Global Baseline,2020,Mixed Grain Baseline,1695.78,39.16308046624728,34.16,45.16,65.0,18.5,65.01345759023776,18.95344856803895,16.251397853285127,6.5,65.11174645457422,4.5,1000.0,5917.45,Global_Kaggle_Baseline
Global Baseline,2020,Mixed Grain Baseline,1665.45,39.00366203409968,34.0,45.0,65.0,18.5,60.06408726321804,17.918325048505913,14.850226602616294,6.5,60.15522919282331,4.5,1000.0,6185.42,Global_Kaggle_Baseline
Global Baseline,2020,Mixed Grain Baseline,1694.2,39.13354261310792,34.13,45.13,65.0,18.5,64.90476339092848,18.87129737589935,16.16761285381119,6.5,64.82567609015675,4.5,1000.0,5966.53,Global_Kaggle_Baseline
Global Baseline,2020,Mixed Grain Baseline,1686.65,38.90033929151111,33.9,44.9,65.0,18.5,65.02782411371109,19.12116314470553,15.904668540125918,6.5,64.94470361422617,4.5,1000.0,5929.42,Global_Kaggle_Baseline
Global Baseline,2020,Mixed Grain Baseline,1583.97,36.81937234911548,31.82,42.82,65.0,18.5,59.05787097844132,18.95431181839063,14.915814585918678,6.5,49.841370413475474,4.5,1000.0,5967.82,Global_Kaggle_Baseline
Global Baseline,2020,Mixed Grain Baseline,1692.83,39.08211939774948,34.08,45.08,65.0,18.5,64.99165559611258,17.85599307893795,14.882543769948631,6.5,60.04694876078783,4.5,1000.0,5942.24,Global_Kaggle_Baseline
Global Baseline,2020,Mixed Grain Baseline,1691.83,39.03191928404719,34.03,45.03,65.0,18.5,65.1426686297214,17.8114264475607,15.167746063263545,6.5,59.99794310669631,4.5,1000.0,5911.68,Global_Kaggle_Baseline
Global Baseline,2020,Mixed Grain Baseline,1674.36,39.1136877434527,34.11,45.11,65.0,18.5,61.07602489703629,18.02666173280596,16.047106635375318,6.5,54.94267575214288,4.5,1000.0,6173.55,Global_Kaggle_Baseline
Global Baseline,2020,Mixed Grain Baseline,1593.18,36.96220982445565,31.96,42.96,65.0,18.5,59.90020839338601,17.91934426487391,15.077191421902617,6.5,49.927612406947226,4.5,1000.0,6110.97,Global_Kaggle_Baseline
Global Baseline,2020,Mixed Grain Baseline,1662.5,38.946218872370224,33.95,44.95,65.0,18.5,59.87691012188013,17.944293301714957,15.153331021400575,6.5,49.7514355255106,4.5,1000.0,5957.69,Global_Kaggle_Baseline
Global Baseline,2020,Mixed Grain Baseline,1669.4,39.1066599187532,34.11,45.11,65.0,18.5,60.13292711278772,17.940708894194042,15.132198956321812,6.5,60.11608965586852,4.5,1000.0,6052.9,Global_Kaggle_Baseline
Global Baseline,2020,Mixed Grain Baseline,1668.52,39.08530586541237,34.09,45.09,65.0,18.5,60.10674156950667,18.032829091032767,15.016834646703014,6.5,60.06266050363672,4.5,1000.0,6024.85,Global_Kaggle_Baseline
Global Baseline,2020,Mixed Grain Baseline,1665.56,39.01468168537044,34.01,45.01,65.0,18.5,60.00923754167785,18.19517660857189,14.94533642787856,6.5,60.06769775154544,4.5,1000.0,6144.99,Global_Kaggle_Baseline
Global Baseline,2020,Mixed Grain Baseline,1692.25,39.072527936326594,34.07,45.07,65.0,18.5,64.9420783579553,18.03191254022206,15.021845823965778,6.5,60.03541717308342,4.5,1000.0,5881.11,Global_Kaggle_Baseline
Global Baseline,2020,Mixed Grain Baseline,1585.08,36.86329665863707,31.86,42.86,65.0,18.5,58.972484971785065,18.92964858506128,14.97459035322296,6.5,50.03721299895556,4.5,1000.0,5908.76,Global_Kaggle_Baseline
Global Baseline,2020,Mixed Grain Baseline,1689.07,38.97321391767844,33.97,44.97,65.0,18.5,65.00095600662016,19.086404543835123,15.957453769789389,6.5,65.16068051107602,4.5,1000.0,5896.3,Global_Kaggle_Baseline
Global Baseline,2020,Mixed Grain Baseline,1684.21,38.82460133728964,33.82,44.82,65.0,18.5,65.06942883034391,18.93347529184189,16.027332724121912,6.5,64.99369534770015,4.5,1000.0,5879.43,Global_Kaggle_Baseline
Global Baseline,2020,Mixed Grain Baseline,1586.59,36.90172645219951,31.9,42.9,65.0,18.5,59.00558374374192,19.11173160233464,14.902552457414687,6.5,50.01064689664258,4.5,1000.0,5777.35,Global_Kaggle_Baseline
Global Baseline,2020,Mixed Grain Baseline,1595.68,37.03007671997321,32.03,43.03,65.0,18.5,59.924557082342886,17.975033309777196,15.060040339682711,6.5,50.08262243251499,4.5,1000.0,5956.01,Global_Kaggle_Baseline
Global Baseline,2020,Mixed Grain Baseline,1687.26,38.90913829701096,33.91,44.91,65.0,18.5,65.0880241515117,18.058866980353734,15.120883374250669,6.5,60.18339772517788,4.5,1000.0,5990.3,Global_Kaggle_Baseline
Global Baseline,2020,Mixed Grain Baseline,1692.56,39.07264051935363,34.07,45.07,65.0,18.5,65.004136756697,19.062825369549035,15.885479114164394,6.5,65.17538426896608,4.5,1000.0,6015.29,Global_Kaggle_Baseline
Global Baseline,2020,Mixed Grain Baseline,1662.97,38.94204354967559,33.94,44.94,65.0,18.5,59.99876815375024,18.147253379228356,15.010975826563918,6.5,59.97609237917008,4.5,1000.0,6130.23,Global_Kaggle_Baseline
Global Baseline,2020,Mixed Grain Baseline,1697.72,39.93012655810339,34.93,45.93,65.0,18.5,60.03360085958661,18.11911859379262,15.14145767646031,6.5,50.066059547695104,4.5,1000.0,6153.84,Global_Kaggle_Baseline
Global Baseline,2020,Mixed Grain Baseline,1663.64,38.931440735898704,33.93,44.93,65.0,18.5,60.20840517341795,17.900496025928327,15.103210937227528,6.5,59.92798739046949,4.5,1000.0,5997.63,Global_Kaggle_Baseline
Global Baseline,2020,Mixed Grain Baseline,1595.75,37.02174939345048,32.02,43.02,65.0,18.5,59.998563809584766,18.154768673267714,14.9247904183277,6.5,50.04513681786037,4.5,1000.0,5992.95,Global_Kaggle_Baseline
Global Baseline,2020,Mixed Grain Baseline,1590.55,37.01818352265662,32.02,43.02,65.0,18.5,58.98332956513295,18.950472616691297,14.972134459927029,6.5,49.92471668020189,4.5,1000.0,6115.6,Global_Kaggle_Baseline
Global Baseline,2020,Mixed Grain Baseline,1680.94,38.74392942567589,33.74,44.74,65.0,18.5,64.97978647509038,19.07320937502269,15.885400382306727,6.5,65.00424472265539,4.5,1000.0,6091.13,Global_Kaggle_Baseline
Global Baseline,2020,Mixed Grain Baseline,1703.54,40.079470602581885,35.08,46.08,65.0,18.5,60.15132111511278,18.109817949329397,15.060560106367458,6.5,49.87202924225267,4.5,1000.0,5954.39,Global_Kaggle_Baseline
Global Baseline,2020,Mixed Grain Baseline,1692.26,39.06918451730926,34.07,45.07,65.0,18.5,64.96773557058978,17.97376791617632,14.867440369743752,6.5,60.01056164089809,4.5,1000.0,5902.08,Global_Kaggle_Baseline
Global Baseline,2020,Mixed Grain Baseline,1692.77,39.0807880829694,34.08,45.08,65.0,18.5,64.98909996159476,18.070913454931333,15.201812907716045,6.5,59.98281392056979,4.5,1000.0,6009.98,Global_Kaggle_Baseline
Global Baseline,2020,Mixed Grain Baseline,1599.42,37.12052345191274,32.12,43.12,65.0,18.5,60.0397031413817,17.94230294280982,14.96505763485475,6.5,50.14064705153768,4.5,1000.0,6062.25,Global_Kaggle_Baseline
Global Baseline,2020,Mixed Grain Baseline,1664.83,39.00606520679922,34.01,45.01,65.0,18.5,59.92283862881805,18.078862131618624,14.978285278331686,6.5,59.91764477147952,4.5,1000.0,6020.28,Global_Kaggle_Baseline
Global Baseline,2020,Mixed Grain Baseline,1670.5,39.16149218469332,34.16,45.16,65.0,18.5,59.970063445480456,17.920692922243493,14.978938276019491,6.5,59.79209067142346,4.5,1000.0,6007.58,Global_Kaggle_Baseline
Global Baseline,2020,Mixed Grain Baseline,1595.71,37.01576776593872,32.02,43.02,65.0,18.5,60.03258026791562,18.06402070305964,14.995359883591473,6.5,49.825978956346034,4.5,1000.0,6062.63,Global_Kaggle_Baseline
Global Baseline,2020,Mixed Grain Baseline,1656.8,38.77648888736136,33.78,44.78,65.0,18.5,59.92483569744284,18.072898310759264,14.85302264406337,6.5,60.109961141030766,4.5,1000.0,5967.02,Global_Kaggle_Baseline
Global Baseline,2020,Mixed Grain Baseline,1601.41,37.19732258962222,32.2,43.2,65.0,18.5,59.9004839978594,18.041938084271976,15.00629967303951,6.5,49.97114446523817,4.5,1000.0,6087.87,Global_Kaggle_Baseline
Global Baseline,2020,Mixed Grain Baseline,1665.84,38.88014250521326,33.88,44.88,65.0,18.5,61.00758805249019,18.04912010879242,16.11169190540714,6.5,55.065545708869216,4.5,1000.0,5954.63,Global_Kaggle_Baseline
Global Baseline,2020,Mixed Grain Baseline,1590.55,36.88027893798848,31.88,42.88,65.0,18.5,59.94718870281233,17.85570381975613,15.04265324430221,6.5,50.02514633962903,4.5,1000.0,5985.98,Global_Kaggle_Baseline
Global Baseline,2020,Mixed Grain Baseline,1595.7,37.02796619250728,32.03,43.03,65.0,18.5,59.943698924358,17.994730378893546,15.147632530070751,6.5,50.02282971463346,4.5,1000.0,6263.3,Global_Kaggle_Baseline
Global Baseline,2020,Mixed Grain Baseline,1687.37,38.93609034543805,33.94,44.94,65.0,18.5,64.92191419861645,18.073403615675225,15.114604868130328,6.5,60.20076142028644,4.5,1000.0,5947.14,Global_Kaggle_Baseline
Global Baseline,2020,Mixed Grain Baseline,1593.87,37.08956415818903,32.09,43.09,65.0,18.5,59.14692001799695,19.0670074437857,15.20468876777552,6.5,49.84036481810579,4.5,1000.0,6117.09,Global_Kaggle_Baseline
Global Baseline,2020,Mixed Grain Baseline,1591.22,37.03497793325411,32.03,43.03,65.0,18.5,58.998682217036176,18.973639561029117,14.967568333198525,6.5,49.97993533715551,4.5,1000.0,6071.3,Global_Kaggle_Baseline
Global Baseline,2020,Mixed Grain Baseline,1669.4,39.00081831961397,34.0,45.0,65.0,18.5,60.87517379981831,18.10191232328388,15.980008969497996,6.5,55.02739643246114,4.5,1000.0,5987.73,Global_Kaggle_Baseline
Global Baseline,2020,Mixed Grain Baseline,1668.9,39.111995584570224,34.11,45.11,65.0,18.5,59.996160816814346,17.957163973168896,14.90329364672689,6.5,60.03630408262611,4.5,1000.0,5978.18,Global_Kaggle_Baseline
Global Baseline,2020,Mixed Grain Baseline,1671.64,39.04451692137744,34.04,45.04,65.0,18.5,61.01570845615583,18.10696583810636,15.997204086923956,6.5,55.17979645936624,4.5,1000.0,6214.49,Global_Kaggle_Baseline
Global Baseline,2020,Mixed Grain Baseline,1586.75,36.90776034792156,31.91,42.91,65.0,18.5,58.99605532210122,19.038910152063018,14.973432987758793,6.5,50.11282488617695,4.5,1000.0,6021.85,Global_Kaggle_Baseline
Global Baseline,2020,Mixed Grain Baseline,1688.5,38.95281668416288,33.95,44.95,65.0,18.5,65.02964725068877,18.7856849796176,16.014834774911378,6.5,64.95011247714385,4.5,1000.0,5957.63,Global_Kaggle_Baseline
Global Baseline,2020,Mixed Grain Baseline,1672.39,39.08021284912239,34.08,45.08,65.0,18.5,60.916634250532034,17.91602179210803,15.88608446210405,6.5,54.94096279984868,4.5,1000.0,5927.72,Global_Kaggle_Baseline
Global Baseline,2020,Mixed Grain Baseline,1601.25,37.18099128828317,32.18,43.18,65.0,18.5,59.98210193192062,18.0040241957248,14.927661390862214,6.5,49.92602769406243,4.5,1000.0,5998.08,Global_Kaggle_Baseline
Global Baseline,2020,Mixed Grain Baseline,1674.38,39.10784820718796,34.11,45.11,65.0,18.5,61.120405385885256,18.056187617886543,16.083880857254776,6.5,54.86534969835838,4.5,1000.0,6061.48,Global_Kaggle_Baseline
Global Baseline,2020,Mixed Grain Baseline,1667.77,39.10087064530345,34.1,45.1,65.0,18.5,59.84746258415505,18.07231801428984,14.972524503039372,6.5,50.15996744045909,4.5,1000.0,6165.36,Global_Kaggle_Baseline
Global Baseline,2020,Mixed Grain Baseline,1687.26,38.92328028004506,33.92,44.92,65.0,18.5,64.98886457854721,17.92082845528591,15.0396288937209,6.5,60.21209728104432,4.5,1000.0,6034.64,Global_Kaggle_Baseline
Global Baseline,2020,Mixed Grain Baseline,1665.0,39.0,34.0,45.0,65.0,18.5,60.0,18.0,15.0,6.5,60.0,4.5,1000.0,5500.0,Global_Kaggle_Baseline
Global Baseline,2020,Mixed Grain Baseline,1665.79,39.01558922893426,34.02,45.02,65.0,18.5,60.04849343870412,18.12356013323809,14.94024031634576,6.5,59.91090098032232,4.5,1000.0,5700.02,Global_Kaggle_Baseline
Global Baseline,2020,Mixed Grain Baseline,1662.62,38.91812460869182,33.92,44.92,65.0,18.5,60.096651054677245,18.089600548457096,15.330707266094716,6.5,60.05413551282598,4.5,1000.0,5496.74,Global_Kaggle_Baseline
Global Baseline,2020,Mixed Grain Baseline,1668.68,39.11546292689171,34.12,45.12,65.0,18.5,59.92776434103728,18.002645289498584,14.960490121597193,6.5,60.13842441856721,4.5,1000.0,5218.21,Global_Kaggle_Baseline
Global Baseline,2020,Mixed Grain Baseline,1663.29,38.93422941304208,33.93,44.93,65.0,18.5,60.11886153898279,18.08582454798743,15.141431778228124,6.5,59.79561599050147,4.5,1000.0,5575.28,Global_Kaggle_Baseline
Global Baseline,2020,Mixed Grain Baseline,1668.65,39.08433652990512,34.08,45.08,65.0,18.5,60.13981098286152,18.009709736317852,14.986394457181852,6.5,60.02760463490037,4.5,1000.0,5475.75,Global_Kaggle_Baseline
Global Baseline,2020,Mixed Grain Baseline,1671.11,39.15581110705529,34.16,45.16,65.0,18.5,60.13137441853066,17.905069828097826,14.778136268986524,6.5,60.00412281347016,4.5,1000.0,5468.53,Global_Kaggle_Baseline
Global Baseline,2020,Mixed Grain Baseline,1663.69,38.94841575290697,33.95,44.95,65.0,18.5,60.09985309550223,18.049157776677543,15.15035017401035,6.5,59.95915738529161,4.5,1000.0,5501.87,Global_Kaggle_Baseline
Global Baseline,2020,Mixed Grain Baseline,1666.54,39.02558448622109,34.03,45.03,65.0,18.5,60.12846039853528,17.947818440301095,15.153854069604945,6.5,59.98410857148177,4.5,1000.0,5376.9,Global_Kaggle_Baseline
Global Baseline,2020,Mixed Grain Baseline,1666.27,39.03121536192664,34.03,45.03,65.0,18.5,60.0351065873547,18.091658923927497,14.94192197033845,6.5,59.82760702890787,4.5,1000.0,5525.86,Global_Kaggle_Baseline
Global Baseline,2020,Mixed Grain Baseline,1670.0,39.1354989460912,34.14,45.14,65.0,18.5,60.052275466010975,17.878727644667304,15.08624858444343,6.5,59.699740931256834,4.5,1000.0,5417.84,Global_Kaggle_Baseline
Global Baseline,2020,Mixed Grain Baseline,1660.67,38.87693515418033,33.88,44.88,65.0,18.5,59.99451708887291,18.011015674907178,14.766775148491568,6.5,60.08691959168534,4.5,1000.0,5647.22,Global_Kaggle_Baseline
Global Baseline,2020,Mixed Grain Baseline,1665.76,39.03294129166917,34.03,45.03,65.0,18.5,59.92082508916484,17.980330085773733,15.113527470187693,6.5,59.89100325358108,4.5,1000.0,5589.25,Global_Kaggle_Baseline
Global Baseline,2020,Mixed Grain Baseline,1665.67,39.00170445632332,34.0,45.0,65.0,18.5,60.12166399232727,17.885731554148766,14.927194543240962,6.5,59.77176672865746,4.5,1000.0,5569.41,Global_Kaggle_Baseline
Global Baseline,2020,Mixed Grain Baseline,1666.43,39.03070273852696,34.03,45.03,65.0,18.5,60.07019091791887,17.94065238830068,15.01742006778217,6.5,59.94380927417157,4.5,1000.0,5581.28,Global_Kaggle_Baseline
Global Baseline,2020,Mixed Grain Baseline,1670.12,39.133965087896,34.13,45.13,65.0,18.5,60.08716019268847,18.025046614290627,14.90319488546352,6.5,59.9213479147168,4.5,1000.0,5486.58,Global_Kaggle_Baseline
Global Baseline,2020,Mixed Grain Baseline,1662.12,38.90828071286827,33.91,44.91,65.0,18.5,60.06525882420397,18.015836534773275,14.91619084963634,6.5,60.26919510313895,4.5,1000.0,5302.43,Global_Kaggle_Baseline
Global Baseline,2020,Mixed Grain Baseline,1662.63,38.90430594712058,33.9,44.9,65.0,18.5,60.196809947458505,18.056293648202697,14.919653490744135,6.5,60.01160966185071,4.5,1000.0,5702.0,Global_Kaggle_Baseline
Global Baseline,2020,Mixed Grain Baseline,1667.21,39.08224191414899,34.08,45.08,65.0,18.5,59.86589217513221,17.947252194902383,15.04100618499804,6.5,60.08953652497995,4.5,1000.0,5612.37,Global_Kaggle_Baseline
Global Baseline,2020,Mixed Grain Baseline,1662.54,38.92413030593332,33.92,44.92,65.0,18.5,60.039958571892,17.84217877394741,15.187051195572074,6.5,59.904323666948656,4.5,1000.0,5462.36,Global_Kaggle_Baseline
Global Baseline,2020,Mixed Grain Baseline,1664.32,38.98160707557643,33.98,44.98,65.0,18.5,59.99308167041659,18.02359705014463,15.022561473510116,6.5,60.136484710516825,4.5,1000.0,5610.48,Global_Kaggle_Baseline
Global Baseline,2020,Mixed Grain Baseline,1668.59,39.09051776092611,34.09,45.09,65.0,18.5,60.08429368104653,17.74934100115236,15.006213130586174,6.5,60.01271226436448,4.5,1000.0,5435.88,Global_Kaggle_Baseline
Global Baseline,2020,Mixed Grain Baseline,1666.9,39.05555163386117,34.06,45.06,65.0,18.5,59.99104343772532,17.899063652696547,15.138781283324963,6.5,60.02328129569506,4.5,1000.0,5456.49,Global_Kaggle_Baseline
Global Baseline,2020,Mixed Grain Baseline,1662.12,38.94798278994936,33.95,44.95,65.0,18.5,59.7880595763678,17.960351523471473,14.966095818577974,6.5,59.94913366907152,4.5,1000.0,5427.89,Global_Kaggle_Baseline
Global Baseline,2020,Mixed Grain Baseline,1667.63,39.09021076617912,34.09,45.09,65.0,18.5,59.89483466648378,18.06689874336409,15.011576894089854,6.5,60.04748922884386,4.5,1000.0,5719.42,Global_Kaggle_Baseline
Global Baseline,2020,Mixed Grain Baseline,1670.69,39.155074025451626,34.16,45.16,65.0,18.5,60.0525351788069,17.873806349472677,14.880984467745105,6.5,60.11404526376408,4.5,1000.0,5618.52,Global_Kaggle_Baseline
Global Baseline,2020,Mixed Grain Baseline,1665.58,39.02114365825235,34.02,45.02,65.0,18.5,59.96790855296953,18.004671493852392,15.014417948530026,6.5,59.70234738993168,4.5,1000.0,5610.89,Global_Kaggle_Baseline
Global Baseline,2020,Mixed Grain Baseline,1662.1,38.91961610413312,33.92,44.92,65.0,18.5,59.98347741120102,18.178515393138596,14.917182762570985,6.5,60.0546635195815,4.5,1000.0,5398.19,Global_Kaggle_Baseline
Global Baseline,2020,Mixed Grain Baseline,1662.73,38.91970130010882,33.92,44.92,65.0,18.5,60.10830950039267,18.14966872205178,14.944764526991824,6.5,60.08662386840705,4.5,1000.0,5410.27,Global_Kaggle_Baseline
Global Baseline,2020,Mixed Grain Baseline,1665.72,39.01359669681288,34.01,45.01,65.0,18.5,60.04953476664915,18.062457847816148,14.966951200957974,6.5,60.07717583917664,4.5,1000.0,5454.94,Global_Kaggle_Baseline
Global Baseline,2020,Mixed Grain Baseline,1666.76,39.05460062796601,34.05,45.05,65.0,18.5,59.96978047951832,18.1702555259326,15.217845473767118,6.5,60.02823534892694,4.5,1000.0,5577.75,Global_Kaggle_Baseline
Global Baseline,2020,Mixed Grain Baseline,1660.81,38.91057000547084,33.91,44.91,65.0,18.5,59.78876408054022,17.9895234904514,14.99083485423904,6.5,60.04691299708618,4.5,1000.0,5601.13,Global_Kaggle_Baseline
Global Baseline,2020,Mixed Grain Baseline,1669.24,39.12131066123774,34.12,45.12,65.0,18.5,59.9986705705351,17.969056765811356,14.933636826478883,6.5,60.1179156994378,4.5,1000.0,5286.03,Global_Kaggle_Baseline
Global Baseline,2020,Mixed Grain Baseline,1662.01,38.927809166532576,33.93,44.93,65.0,18.5,59.90686454978454,17.9419312623819,15.073942541469943,6.5,59.93966033476665,4.5,1000.0,5599.34,Global_Kaggle_Baseline
Global Baseline,2020,Mixed Grain Baseline,1668.23,39.06371350707101,34.06,45.06,65.0,18.5,60.199895747042405,17.944994667465494,14.898806733951464,6.5,59.98410642105914,4.5,1000.0,5349.12,Global_Kaggle_Baseline
Global Baseline,2020,Mixed Grain Baseline,1661.23,38.92050950365704,33.92,44.92,65.0,18.5,59.80205138306314,17.945388712774452,15.092384350089803,6.5,60.10986158666742,4.5,1000.0,5412.04,Global_Kaggle_Baseline
Global Baseline,2020,Mixed Grain Baseline,1661.95,38.92873756741847,33.93,44.93,65.0,18.5,59.8891466526524,17.928325684851576,15.15824128164447,6.5,59.95590033453591,4.5,1000.0,5455.96,Global_Kaggle_Baseline
Global Baseline,2020,Mixed Grain Baseline,1669.05,39.121545136721146,34.12,45.12,65.0,18.5,59.95857736247064,18.082491127949048,14.93789535660953,6.5,60.13852236904916,4.5,1000.0,5565.93,Global_Kaggle_Baseline
Global Baseline,2020,Mixed Grain Baseline,1662.5,38.934376904205074,33.93,44.93,65.0,18.5,59.959133716566924,17.994972290987086,14.923300977184148,6.5,59.99892252823055,4.5,1000.0,5561.98,Global_Kaggle_Baseline
Global Baseline,2020,Mixed Grain Baseline,1665.34,39.02317455504529,34.02,45.02,65.0,18.5,59.90550267055351,18.228701442815,15.123160896800696,6.5,59.88753154611293,4.5,1000.0,5488.46,Global_Kaggle_Baseline
Global Baseline,2020,Mixed Grain Baseline,1663.57,38.933318996684925,33.93,44.93,65.0,18.5,60.1809788949379,18.105936846420377,15.03327693950599,6.5,59.9429824713522,4.5,1000.0,5476.01,Global_Kaggle_Baseline
Global Baseline,2020,Mixed Grain Baseline,1669.04,39.11134331116384,34.11,45.11,65.0,18.5,60.02957633752676,18.04315783031764,14.880988212653936,6.5,59.986617713924765,4.5,1000.0,5517.67,Global_Kaggle_Baseline
Global Baseline,2020,Mixed Grain Baseline,1663.75,38.94080639208245,33.94,44.94,65.0,18.5,60.16393559493159,17.90660650443684,15.184745564657891,6.5,60.03236843033816,4.5,1000.0,5400.48,Global_Kaggle_Baseline
Global Baseline,2020,Mixed Grain Baseline,1661.56,38.93456304973631,33.93,44.93,65.0,18.5,59.77012029188259,17.954551141623604,15.032631569036475,6.5,60.01100159061846,4.5,1000.0,5466.14,Global_Kaggle_Baseline
Global Baseline,2020,Mixed Grain Baseline,1659.78,38.88569430881247,33.89,44.89,65.0,18.5,59.75566698714225,17.873629953266242,14.895572855125868,6.5,59.69188677027059,4.5,1000.0,5450.25,Global_Kaggle_Baseline
Global Baseline,2020,Mixed Grain Baseline,1663.98,38.95086221771113,33.95,44.95,65.0,18.5,60.14085791528006,18.049445625238373,15.027594671275445,6.5,60.17754900641516,4.5,1000.0,5486.76,Global_Kaggle_Baseline
Global Baseline,2020,Mixed Grain Baseline,1667.5,39.07595916485095,34.08,45.08,65.0,18.5,59.96844493347747,17.921712575813807,15.00615843297012,6.5,60.01293011157959,4.5,1000.0,5481.44,Global_Kaggle_Baseline
Global Baseline,2020,Mixed Grain Baseline,1663.85,38.938308882216496,33.94,44.94,65.0,18.5,60.20151051632062,17.98230204087851,15.031248871996818,6.5,60.01610947964078,4.5,1000.0,5670.97,Global_Kaggle_Baseline
Global Baseline,2020,Mixed Grain Baseline,1664.58,39.00531016440428,34.01,45.01,65.0,18.5,59.87835039637184,18.0178845923728,15.005773143815892,6.5,59.89968372335807,4.5,1000.0,5533.82,Global_Kaggle_Baseline
Global Baseline,2020,Mixed Grain Baseline,1666.05,39.038349746672296,34.04,45.04,65.0,18.5,59.94118300267651,17.894727384850423,14.918074977710903,6.5,59.884760438983264,4.5,1000.0,5484.36,Global_Kaggle_Baseline
Global Baseline,2020,Mixed Grain Baseline,1670.65,39.16360320365365,34.16,45.16,65.0,18.5,59.98411846436286,17.972664017681325,15.071331105365562,6.5,60.02925080777376,4.5,1000.0,5623.1,Global_Kaggle_Baseline
Global Baseline,2020,Mixed Grain Baseline,1667.53,39.083801767573874,34.08,45.08,65.0,18.5,59.91930069966365,18.046529397455227,14.888802455479636,6.5,60.10575018367671,4.5,1000.0,5645.8,Global_Kaggle_Baseline
Global Baseline,2020,Mixed Grain Baseline,1671.76,39.18404729374014,34.18,45.18,65.0,18.5,60.064488314125214,17.954982314028758,14.96715447755003,6.5,59.923705312472045,4.5,1000.0,5457.43,Global_Kaggle_Baseline
Global Baseline,2020,Mixed Grain Baseline,1667.46,39.07653747481503,34.08,45.08,65.0,18.5,59.9552555732765,18.14280668906992,15.03880256194716,6.5,60.05009195099345,4.5,1000.0,5530.65,Global_Kaggle_Baseline
Global Baseline,2020,Mixed Grain Baseline,1670.65,39.15899385548238,34.16,45.16,65.0,18.5,60.01627825608328,18.034866268600787,15.145891436315678,6.5,59.88818749808983,4.5,1000.0,5428.18,Global_Kaggle_Baseline
Global Baseline,2020,Mixed Grain Baseline,1666.84,39.05694795192968,34.06,45.06,65.0,18.5,59.96868446176598,18.01727477586791,14.704882559717248,6.5,60.12975652572973,4.5,1000.0,5348.81,Global_Kaggle_Baseline
Global Baseline,2020,Mixed Grain Baseline,1669.34,39.11207666455546,34.11,45.11,65.0,18.5,60.08420274780831,18.04602205512858,15.055521974411938,6.5,60.02426210651343,4.5,1000.0,5444.89,Global_Kaggle_Baseline
Global Baseline,2020,Mixed Grain Baseline,1668.6,39.08173786342703,34.08,45.08,65.0,18.5,60.14844705858008,18.033295747545463,14.91510165408436,6.5,60.04057635960476,4.5,1000.0,5604.6,Global_Kaggle_Baseline
Global Baseline,2020,Mixed Grain Baseline,1666.46,39.02560096142751,34.03,45.03,65.0,18.5,60.11207411213181,18.03890026691141,15.06781183478165,6.5,60.17292101853396,4.5,1000.0,5372.81,Global_Kaggle_Baseline
Global Baseline,2020,Mixed Grain Baseline,1665.56,39.00274652372771,34.0,45.0,65.0,18.5,60.09342550205088,17.90145949365417,15.066926352886412,6.5,60.05849868225601,4.5,1000.0,5468.39,Global_Kaggle_Baseline
Global Baseline,2020,Mixed Grain Baseline,1659.69,38.86074287953777,33.86,44.86,65.0,18.5,59.91366529533392,17.921443518083077,14.904783617747963,6.5,59.86638469407534,4.5,1000.0,5296.65,Global_Kaggle_Baseline
Global Baseline,2020,Mixed Grain Baseline,1661.84,38.91814411426509,33.92,44.92,65.0,18.5,59.94106237830977,17.923165626801662,15.039425276790432,6.5,59.97304886273133,4.5,1000.0,5473.58,Global_Kaggle_Baseline
Global Baseline,2020,Mixed Grain Baseline,1664.24,38.98047814477658,33.98,44.98,65.0,18.5,59.98392370784255,17.98213252704514,15.107948771021682,6.5,59.88308315153207,4.5,1000.0,5576.79,Global_Kaggle_Baseline
Global Baseline,2020,Mixed Grain Baseline,1664.57,38.98966984200922,33.99,44.99,65.0,18.5,59.98548734453719,18.057241348118566,14.998798452560944,6.5,60.04396382363463,4.5,1000.0,5328.75,Global_Kaggle_Baseline
Global Baseline,2020,Mixed Grain Baseline,1662.78,38.93709651821443,33.94,44.94,65.0,18.5,59.99621640288328,17.9454473792824,15.019086820068752,6.5,60.09888513643372,4.5,1000.0,5405.34,Global_Kaggle_Baseline
Global Baseline,2020,Mixed Grain Baseline,1668.61,39.100071865227264,34.1,45.1,65.0,18.5,60.02116237434425,17.89402887469874,15.05001481055564,6.5,59.87694972452439,4.5,1000.0,5680.77,Global_Kaggle_Baseline
Global Baseline,2020,Mixed Grain Baseline,1664.66,38.98266260112486,33.98,44.98,65.0,18.5,60.05322034161512,18.023446108651743,14.975301347221844,6.5,60.15921593264058,4.5,1000.0,5489.99,Global_Kaggle_Baseline
Global Baseline,2020,Mixed Grain Baseline,1664.47,39.00038941740088,34.0,45.0,65.0,18.5,59.89128219919706,18.070559636409797,15.162592905131987,6.5,60.02674369945424,4.5,1000.0,5457.76,Global_Kaggle_Baseline
Global Baseline,2020,Mixed Grain Baseline,1662.11,38.91022598628725,33.91,44.91,65.0,18.5,60.05057305978448,18.0148028559216,14.96517263290312,6.5,59.82304078096711,4.5,1000.0,5629.94,Global_Kaggle_Baseline
Global Baseline,2020,Mixed Grain Baseline,1669.03,39.11006945543537,34.11,45.11,65.0,18.5,60.035444380308505,17.99941719025403,15.00806922113986,6.5,59.95396506044781,4.5,1000.0,5415.84,Global_Kaggle_Baseline
Global Baseline,2020,Mixed Grain Baseline,1660.45,38.8359464578904,33.84,44.84,65.0,18.5,60.23822818423092,18.066861256584303,15.091350322898188,6.5,59.88638610531017,4.5,1000.0,5508.5,Global_Kaggle_Baseline
Global Baseline,2020,Mixed Grain Baseline,1668.87,39.12795355971402,34.13,45.13,65.0,18.5,59.87835750271171,18.055389329427705,14.945480052152016,6.5,59.95996021336556,4.5,1000.0,5589.73,Global_Kaggle_Baseline
Global Baseline,2020,Mixed Grain Baseline,1669.64,39.14172759655485,34.14,45.14,65.0,18.5,59.9356953362805,18.060041260908733,14.990664421338083,6.5,59.93294321419301,4.5,1000.0,5332.14,Global_Kaggle_Baseline
Global Baseline,2020,Mixed Grain Baseline,1669.08,39.10777368994781,34.11,45.11,65.0,18.5,60.06142607642285,17.988962311495374,14.922973191794616,6.5,60.24975646542502,4.5,1000.0,5583.14,Global_Kaggle_Baseline
Global Baseline,2020,Mixed Grain Baseline,1660.64,38.87839817467591,33.88,44.88,65.0,18.5,59.97909228024327,18.08378842072016,15.12057979503212,6.5,59.75698204099772,4.5,1000.0,5719.94,Global_Kaggle_Baseline
Global Baseline,2020,Mixed Grain Baseline,1660.0,38.85117162992709,33.85,44.85,65.0,18.5,60.04215553968479,17.873253807710785,15.141798078347136,6.5,59.836891410845936,4.5,1000.0,5493.83,Global_Kaggle_Baseline
Global Baseline,2020,Mixed Grain Baseline,1666.79,39.044636824085,34.04,45.04,65.0,18.5,60.045879880151,18.06681174555254,14.811384293345796,6.5,60.2208930853628,4.5,1000.0,5576.72,Global_Kaggle_Baseline
Global Baseline,2020,Mixed Grain Baseline,1658.24,38.82436670153494,33.82,44.82,65.0,18.5,59.87827761503026,18.193708063297564,14.989290827655667,6.5,60.15609959463924,4.5,1000.0,5525.99,Global_Kaggle_Baseline
Global Baseline,2020,Mixed Grain Baseline,1666.72,39.03863419832146,34.04,45.04,65.0,18.5,60.07400797348386,18.248861569665884,14.960264581932451,6.5,59.81266294164072,4.5,1000.0,5484.74,Global_Kaggle_Baseline
Global Baseline,2020,Mixed Grain Baseline,1674.4,39.27248411214708,34.27,45.27,65.0,18.5,59.97270307324629,18.09447793041144,15.261146171741435,6.5,60.15535547212664,4.5,1000.0,5697.32,Global_Kaggle_Baseline
Global Baseline,2020,Mixed Grain Baseline,1672.01,39.20945337967973,34.21,45.21,65.0,18.5,59.935491596734806,18.202622559162418,15.10271312409677,6.5,60.00826978837191,4.5,1000.0,5306.88,Global_Kaggle_Baseline
Global Baseline,2020,Mixed Grain Baseline,1659.9,38.87305766409024,33.87,44.87,65.0,18.5,59.86855604911033,17.987720178870234,15.01107489130783,6.5,59.96282829500225,4.5,1000.0,5492.31,Global_Kaggle_Baseline
Global Baseline,2020,Mixed Grain Baseline,1659.5,38.83538271974654,33.84,44.84,65.0,18.5,60.05228881641305,17.941972552508474,15.116363661478069,6.5,59.92526191993394,4.5,1000.0,5526.26,Global_Kaggle_Baseline
Global Baseline,2020,Mixed Grain Baseline,1664.62,38.99845658887602,34.0,45.0,65.0,18.5,59.93525132319358,18.149048350863254,14.957199124283758,6.5,60.0529036223889,4.5,1000.0,5562.0,Global_Kaggle_Baseline
Global Baseline,2020,Mixed Grain Baseline,1665.35,39.02322213686022,34.02,45.02,65.0,18.5,59.90843886417162,17.90736523228129,14.946392099550424,6.5,60.18926322477222,4.5,1000.0,5575.29,Global_Kaggle_Baseline
Global Baseline,2020,Mixed Grain Baseline,1663.4,38.97697441428152,33.98,44.98,65.0,18.5,59.84145363748951,18.074394630187257,14.923794584983376,6.5,60.06641908347948,4.5,1000.0,5512.48,Global_Kaggle_Baseline
Global Baseline,2020,Mixed Grain Baseline,1662.56,38.96374699815761,33.96,44.96,65.0,18.5,59.76600075520917,17.96129762693991,14.93114217070373,6.5,60.05798897910507,4.5,1000.0,5473.81,Global_Kaggle_Baseline
Global Baseline,2020,Mixed Grain Baseline,1658.3,38.83552478679532,33.84,44.84,65.0,18.5,59.81172158900743,17.97203659676423,14.94663893417895,6.5,60.19350379304254,4.5,1000.0,5520.75,Global_Kaggle_Baseline
Global Baseline,2020,Mixed Grain Baseline,1663.65,38.95013879625303,33.95,44.95,65.0,18.5,60.07880039215512,17.894159870914198,14.981406612337976,6.5,59.95293926836575,4.5,1000.0,5589.45,Global_Kaggle_Baseline
Global Baseline,2020,Mixed Grain Baseline,1667.96,39.1023129110982,34.1,45.1,65.0,18.5,59.87522294030525,18.077758701683056,14.963994249981196,6.5,60.0090739002409,4.5,1000.0,5493.29,Global_Kaggle_Baseline
Global Baseline,2020,Mixed Grain Baseline,1661.47,38.914179605386686,33.91,44.91,65.0,18.5,59.89389469191731,17.871311855681345,14.914916728994235,6.5,59.852476331539314,4.5,1000.0,5565.48,Global_Kaggle_Baseline
Global Baseline,2020,Mixed Grain Baseline,1665.71,38.9914729158698,33.99,44.99,65.0,18.5,60.2018158054786,18.16216565356029,14.935946874440155,6.5,60.13234371208937,4.5,1000.0,5583.86,Global_Kaggle_Baseline
Global Baseline,2020,Mixed Grain Baseline,1664.21,38.96052442549325,33.96,44.96,65.0,18.5,60.11932073204164,18.147987358380245,15.12315933051699,6.5,60.01796274503418,4.5,1000.0,5632.05,Global_Kaggle_Baseline
Global Baseline,2020,Mixed Grain Baseline,1665.07,38.9829570299922,33.98,44.98,65.0,18.5,60.13364952811768,18.009764555476405,14.875997910473156,6.5,60.02425560577457,4.5,1000.0,5613.1,Global_Kaggle_Baseline
Global Baseline,2020,Mixed Grain Baseline,1664.86,39.00571752545825,34.01,45.01,65.0,18.5,59.93149258414768,17.901048340397473,15.09753157503344,6.5,59.978523655186684,4.5,1000.0,5506.32,Global_Kaggle_Baseline
Global Baseline,2020,Mixed Grain Baseline,1670.24,39.145725607098086,34.15,45.15,65.0,18.5,60.02882575176229,17.99906724387805,15.057941546038334,6.5,59.94914456283903,4.5,1000.0,5553.7,Global_Kaggle_Baseline
Global Baseline,2020,Mixed Grain Baseline,1661.48,38.91237431614231,33.91,44.91,65.0,18.5,59.90975755432135,17.77641204347634,15.164353018091026,6.5,60.207252571384736,4.5,1000.0,5461.49,Global_Kaggle_Baseline
Global Baseline,2020,Mixed Grain Baseline,1660.11,38.85543848243083,33.86,44.86,65.0,18.5,60.0336815556951,18.042536879218467,15.088958384414603,6.5,59.81589428937664,4.5,1000.0,5499.53,Global_Kaggle_Baseline
Global Baseline,2020,Mixed Grain Baseline,1664.06,38.95984835298364,33.96,44.96,65.0,18.5,60.09240223811617,17.983480750587347,15.093179206218917,6.5,60.08354281202511,4.5,1000.0,5362.55,Global_Kaggle_Baseline
Global Baseline,2020,Mixed Grain Baseline,1666.53,39.03649147743654,34.04,45.04,65.0,18.5,60.05106007876238,18.075234852838047,14.983593443041162,6.5,59.99575544770743,4.5,1000.0,5423.92,Global_Kaggle_Baseline
Global Baseline,2020,Mixed Grain Baseline,1664.85,38.97708825282955,33.98,44.98,65.0,18.5,60.13000949920918,18.08354644621704,14.95460734053138,6.5,59.94111378251328,4.5,1000.0,5446.42,Global_Kaggle_Baseline
Global Baseline,2020,Mixed Grain Baseline,1665.36,39.0063264992945,34.01,45.01,65.0,18.5,60.02783618754472,17.990368277837177,14.87400320478216,6.5,59.84605156895291,4.5,1000.0,5629.99,Global_Kaggle_Baseline
Global Baseline,2020,Mixed Grain Baseline,1667.09,39.04665154795234,34.05,45.05,65.0,18.5,60.0907046539943,18.000168042851435,14.904452296051565,6.5,59.97088020737262,4.5,1000.0,5607.21,Global_Kaggle_Baseline
Global Baseline,2020,Mixed Grain Baseline,1664.86,39.00005630970306,34.0,45.0,65.0,18.5,59.97138334349995,17.91425848687636,15.066951947409803,6.5,59.98113894428327,4.5,1000.0,5427.31,Global_Kaggle_Baseline
Global Baseline,2020,Mixed Grain Baseline,1669.24,39.14472118080639,34.14,45.14,65.0,18.5,59.834811486185934,18.183451010047055,14.939506115849458,6.5,59.864137563149086,4.5,1000.0,5467.49,Global_Kaggle_Baseline
Global Baseline,2020,Mixed Grain Baseline,1665.59,39.01178522725359,34.01,45.01,65.0,18.5,60.03452177523572,18.26584118520304,14.964274386198044,6.5,60.0697522747912,4.5,1000.0,5603.03,Global_Kaggle_Baseline
Global Baseline,2020,Mixed Grain Baseline,1665.47,38.99204159644584,33.99,44.99,65.0,18.5,60.14934346137751,18.064812030486443,15.161258974908511,6.5,60.07188536617351,4.5,1000.0,5669.49,Global_Kaggle_Baseline
Global Baseline,2020,Mixed Grain Baseline,1667.95,39.077858593316215,34.08,45.08,65.0,18.5,60.04534709675353,17.93690771295809,14.998927044423446,6.5,59.93391256878693,4.5,1000.0,5429.44,Global_Kaggle_Baseline
Global Baseline,2020,Mixed Grain Baseline,1664.78,39.01218978846477,34.01,45.01,65.0,18.5,59.86982460475522,17.901116385508402,14.858450834036532,6.5,59.97178531681187,4.5,1000.0,5493.05,Global_Kaggle_Baseline
Global Baseline,2020,Mixed Grain Baseline,1665.06,39.01688835308336,34.02,45.02,65.0,18.5,59.89394760140251,18.252632662097582,14.950836387293222,6.5,59.96432303053517,4.5,1000.0,5495.22,Global_Kaggle_Baseline
Global Baseline,2020,Mixed Grain Baseline,1664.38,39.00194266063507,34.0,45.0,65.0,18.5,59.86295707294478,18.073159482239923,14.90475024297538,6.5,59.92584802743654,4.5,1000.0,5582.77,Global_Kaggle_Baseline
Global Baseline,2020,Mixed Grain Baseline,1664.08,38.95475938474772,33.95,44.95,65.0,18.5,60.13353787903859,18.04926375745541,15.108732973742322,6.5,60.14912714145058,4.5,1000.0,5602.83,Global_Kaggle_Baseline
Global Baseline,2020,Mixed Grain Baseline,1664.71,38.999859607732574,34.0,45.0,65.0,18.5,59.94367625303492,17.88731392460272,14.86797049358195,6.5,60.1061989320057,4.5,1000.0,5450.82,Global_Kaggle_Baseline
Global Baseline,2020,Mixed Grain Baseline,1672.0,39.19594355303809,34.2,45.2,65.0,18.5,60.0284478737934,17.892483620316025,14.987934122462086,6.5,60.30400795317468,4.5,1000.0,5512.87,Global_Kaggle_Baseline
Global Baseline,2020,Mixed Grain Baseline,1659.42,38.86728774271788,33.87,44.87,65.0,18.5,59.812463333471165,17.957998104058245,14.954633260975802,6.5,59.96457449772053,4.5,1000.0,5411.35,Global_Kaggle_Baseline
Global Baseline,2020,Mixed Grain Baseline,1663.14,38.93834156008155,33.94,44.94,65.0,18.5,60.06009770682851,18.23023010317484,14.920062325987242,6.5,60.02083323999065,4.5,1000.0,5437.27,Global_Kaggle_Baseline
Global Baseline,2020,Mixed Grain Baseline,1669.83,39.1150118237426,34.12,45.12,65.0,18.5,60.16101370486079,17.935453681184296,15.014862109822854,6.5,60.05618386995122,4.5,1000.0,5570.14,Global_Kaggle_Baseline
Global Baseline,2020,Mixed Grain Baseline,1667.15,39.09200528105801,34.09,45.09,65.0,18.5,59.78524538631326,18.096173167800345,14.957466788532573,6.5,60.11481526319798,4.5,1000.0,5649.64,Global_Kaggle_Baseline
Global Baseline,2020,Mixed Grain Baseline,1668.27,39.10816650844063,34.11,45.11,65.0,18.5,59.89743186767811,17.89141390260199,15.089524813145626,6.5,59.9369740771673,4.5,1000.0,5527.7,Global_Kaggle_Baseline
Global Baseline,2020,Mixed Grain Baseline,1656.27,38.74413057658708,33.74,44.74,65.0,18.5,60.04429317692257,18.088283932562724,15.038410288074097,6.5,60.14991911076099,4.5,1000.0,5514.81,Global_Kaggle_Baseline
Global Baseline,2020,Mixed Grain Baseline,1667.11,39.06538216975023,34.07,45.07,65.0,18.5,59.96507710341676,18.142540742228437,14.870276609315953,6.5,60.10987348562798,4.5,1000.0,5526.97,Global_Kaggle_Baseline
Global Baseline,2020,Mixed Grain Baseline,1662.53,38.94209936403134,33.94,44.94,65.0,18.5,59.91120017687838,18.06903339630705,14.889558564103227,6.5,59.99812854047852,4.5,1000.0,5580.26,Global_Kaggle_Baseline
Global Baseline,2020,Mixed Grain Baseline,1664.76,38.98659993843253,33.99,44.99,65.0,18.5,60.04495987396562,18.02611609719757,15.011628003135248,6.5,59.91571124897952,4.5,1000.0,5505.67,Global_Kaggle_Baseline
Global Baseline,2020,Mixed Grain Baseline,1667.5,39.077421094101176,34.08,45.08,65.0,18.5,59.957799005646976,18.08101285849737,15.043677868126856,6.5,59.96542071794397,4.5,1000.0,5517.97,Global_Kaggle_Baseline
Global Baseline,2020,Mixed Grain Baseline,1668.76,39.10025358648679,34.1,45.1,65.0,18.5,60.04975708839999,18.050303809934576,15.148590422921169,6.5,59.84434489076038,4.5,1000.0,5470.51,Global_Kaggle_Baseline
Global Baseline,2020,Mixed Grain Baseline,1665.38,39.012148178369216,34.01,45.01,65.0,18.5,59.99101012792404,17.852329510112042,14.88270549867041,6.5,59.90954801538253,4.5,1000.0,5572.71,Global_Kaggle_Baseline
Global Baseline,2020,Mixed Grain Baseline,1664.69,38.99542977140827,34.0,45.0,65.0,18.5,59.96935230696772,18.134139464070373,15.04290517512916,6.5,60.11755379417529,4.5,1000.0,5591.67,Global_Kaggle_Baseline
Global Baseline,2020,Mixed Grain Baseline,1665.88,39.03623414661398,34.04,45.04,65.0,18.5,59.9226414099051,18.102554027120945,14.917497771883315,6.5,60.07721194454366,4.5,1000.0,5489.07,Global_Kaggle_Baseline
Global Baseline,2020,Mixed Grain Baseline,1661.84,38.92573964080968,33.93,44.93,65.0,18.5,59.88839258545526,18.014494973735147,14.987640267407963,6.5,60.24125124589124,4.5,1000.0,5428.23,Global_Kaggle_Baseline
Global Baseline,2020,Mixed Grain Baseline,1663.45,38.9497477337226,33.95,44.95,65.0,18.5,60.04177361487779,18.13045799946832,15.136212846226076,6.5,59.89755808344528,4.5,1000.0,5507.94,Global_Kaggle_Baseline
Global Baseline,2020,Mixed Grain Baseline,1668.39,39.11971592086795,34.12,45.12,65.0,18.5,59.84095720507263,17.83036638046818,14.844596540955472,6.5,60.07169113521121,4.5,1000.0,5543.57,Global_Kaggle_Baseline
Global Baseline,2020,Mixed Grain Baseline,1671.15,39.17255900074318,34.17,45.17,65.0,18.5,60.02283051264929,17.97933368183621,15.000568008344896,6.5,60.04415172467832,4.5,1000.0,5427.08,Global_Kaggle_Baseline
Global Baseline,2020,Mixed Grain Baseline,1662.43,38.93621567847608,33.94,44.94,65.0,18.5,59.93324005892017,18.001637522666513,15.083785598166306,6.5,59.90211146811087,4.5,1000.0,5748.53,Global_Kaggle_Baseline
Global Baseline,2020,Mixed Grain Baseline,1664.39,38.97849565249376,33.98,44.98,65.0,18.5,60.0287012996114,17.898148139159495,15.08254210024673,6.5,60.068314002864376,4.5,1000.0,5550.3,Global_Kaggle_Baseline
Global Baseline,2020,Mixed Grain Baseline,1666.86,39.05406536728588,34.05,45.05,65.0,18.5,59.99425976862319,17.85985382761881,14.965101396066524,6.5,60.06920031633538,4.5,1000.0,5641.0,Global_Kaggle_Baseline
Global Baseline,2020,Mixed Grain Baseline,1665.57,39.0159229821254,34.02,45.02,65.0,18.5,60.00240729186969,18.010525870635114,14.950038899076556,6.5,60.04269998206044,4.5,1000.0,5431.93,Global_Kaggle_Baseline
Global Baseline,2020,Mixed Grain Baseline,1669.37,39.13772177737059,34.14,45.14,65.0,18.5,59.90950532052361,17.82811752542568,14.934466546131777,6.5,59.97533956765048,4.5,1000.0,5453.64,Global_Kaggle_Baseline
Global Baseline,2020,Mixed Grain Baseline,1665.49,39.00225256933222,34.0,45.0,65.0,18.5,60.08150902520616,17.901101741027105,14.993592472003131,6.5,59.83461559385235,4.5,1000.0,5690.04,Global_Kaggle_Baseline
Global Baseline,2020,Mixed Grain Baseline,1665.03,39.01043813634325,34.01,45.01,65.0,18.5,59.93310506774464,18.002159993235598,14.959629846283743,6.5,60.047767086784106,4.5,1000.0,5395.91,Global_Kaggle_Baseline
Global Baseline,2020,Mixed Grain Baseline,1671.35,39.18661681355396,34.19,45.19,65.0,18.5,59.96381265022987,18.002238141009308,15.000596300205649,6.5,59.981775941781024,4.5,1000.0,5459.09,Global_Kaggle_Baseline
Global Baseline,2020,Mixed Grain Baseline,1665.06,38.998342464423736,34.0,45.0,65.0,18.5,60.02384404270696,18.01011706633597,15.044355212878504,6.5,60.24798844476295,4.5,1000.0,5510.08,Global_Kaggle_Baseline
Global Baseline,2020,Mixed Grain Baseline,1663.27,38.94902762112595,33.95,44.95,65.0,18.5,60.01159522450104,18.269074382533034,14.8258124542312,6.5,60.05537068830299,4.5,1000.0,5568.25,Global_Kaggle_Baseline
Global Baseline,2020,Mixed Grain Baseline,1669.05,39.11094074692546,34.11,45.11,65.0,18.5,60.032845758643816,18.10456626810377,14.911686020516608,6.5,59.94819649774335,4.5,1000.0,5504.82,Global_Kaggle_Baseline
Global Baseline,2020,Mixed Grain Baseline,1673.98,39.27933134877985,34.28,45.28,65.0,18.5,59.8414180663487,18.09178889321121,14.853917132058148,6.5,59.93778899146202,4.5,1000.0,5434.08,Global_Kaggle_Baseline
Global Baseline,2020,Mixed Grain Baseline,1669.4,39.11243951604807,34.11,45.11,65.0,18.5,60.09281739881273,18.03111992160432,14.994095254223463,6.5,60.13870133339587,4.5,1000.0,5323.88,Global_Kaggle_Baseline
Global Baseline,2020,Mixed Grain Baseline,1669.14,39.11886043169265,34.12,45.12,65.0,18.5,59.99539946292277,18.04488546503849,14.873255096658449,6.5,59.99318648097852,4.5,1000.0,5432.99,Global_Kaggle_Baseline
Global Baseline,2020,Mixed Grain Baseline,1666.19,39.02015825037431,34.02,45.02,65.0,18.5,60.09636582412498,17.911367296639387,15.058466601799536,6.5,60.00203934766835,4.5,1000.0,5516.88,Global_Kaggle_Baseline
Global Baseline,2020,Mixed Grain Baseline,1663.69,38.98338187134739,33.98,44.98,65.0,18.5,59.853799181548304,18.05579046300468,15.07847302672261,6.5,60.01952764024898,4.5,1000.0,5718.79,Global_Kaggle_Baseline
Global Baseline,2020,Mixed Grain Baseline,1663.11,38.94910003772942,33.95,44.95,65.0,18.5,59.97882896702743,17.952324296392238,14.908447430522816,6.5,60.101739977880726,4.5,1000.0,5674.02,Global_Kaggle_Baseline
Global Baseline,2020,Mixed Grain Baseline,1663.42,38.94264518015606,33.94,44.94,65.0,18.5,60.08592667349438,17.915212334578555,15.05405559593826,6.5,59.98772713081647,4.5,1000.0,5475.83,Global_Kaggle_Baseline
Global Baseline,2020,Mixed Grain Baseline,1661.61,38.9147007001292,33.91,44.91,65.0,18.5,59.91921761916155,17.864378745200625,15.064628194588291,6.5,59.8366516905633,4.5,1000.0,5348.39,Global_Kaggle_Baseline
Global Baseline,2020,Mixed Grain Baseline,1666.79,39.02703870652302,34.03,45.03,65.0,18.5,60.16826876381891,17.97675534829373,14.889315903597842,6.5,59.98186299118951,4.5,1000.0,5514.02,Global_Kaggle_Baseline
Global Baseline,2020,Mixed Grain Baseline,1666.33,39.03635825708513,34.04,45.04,65.0,18.5,60.01216971406705,18.00968708382372,14.978583752593156,6.5,59.937318688008766,4.5,1000.0,5595.79,Global_Kaggle_Baseline
Global Baseline,2020,Mixed Grain Baseline,1665.32,39.01650454494066,34.02,45.02,65.0,18.5,59.94784582296141,17.97127039520198,14.99210975511074,6.5,60.00795897317917,4.5,1000.0,5390.2,Global_Kaggle_Baseline
Global Baseline,2020,Mixed Grain Baseline,1662.28,38.93025753678182,33.93,44.93,65.0,18.5,59.94407185200868,17.946412659352873,14.74639646695138,6.5,60.20031649843762,4.5,1000.0,5391.14,Global_Kaggle_Baseline
Global Baseline,2020,Mixed Grain Baseline,1667.58,39.08526105674606,34.09,45.09,65.0,18.5,59.91854417469501,17.96558536882451,14.86063626550778,6.5,60.036329029256336,4.5,1000.0,5410.54,Global_Kaggle_Baseline
Global Baseline,2020,Mixed Grain Baseline,1660.26,38.85406572893224,33.85,44.85,65.0,18.5,60.07402563685277,18.157201249157723,15.07883274698035,6.5,60.16928928291911,4.5,1000.0,5427.32,Global_Kaggle_Baseline
Global Baseline,2020,Mixed Grain Baseline,1666.94,39.06533548776447,34.07,45.07,65.0,18.5,59.93146870903303,18.25523484753205,14.934665300861647,6.5,60.1279196752804,4.5,1000.0,5370.84,Global_Kaggle_Baseline
Global Baseline,2020,Mixed Grain Baseline,1667.26,39.059600968109976,34.06,45.06,65.0,18.5,60.03398146853405,18.002059878972986,14.898042365970564,6.5,59.86625529291085,4.5,1000.0,5447.02,Global_Kaggle_Baseline
Global Baseline,2020,Mixed Grain Baseline,1662.68,38.93750595998315,33.94,44.94,65.0,18.5,59.9727630385544,17.98428663794237,15.058652818343292,6.5,60.1518703714329,4.5,1000.0,5430.47,Global_Kaggle_Baseline
Global Baseline,2020,Mixed Grain Baseline,1664.31,38.98010235298637,33.98,44.98,65.0,18.5,60.00147930422897,18.0144960740822,14.931734312196468,6.5,59.92754409695087,4.5,1000.0,5569.29,Global_Kaggle_Baseline
Global Baseline,2020,Mixed Grain Baseline,1667.34,39.05146962070625,34.05,45.05,65.0,18.5,60.10851688053084,18.0885838452597,15.21077985282388,6.5,60.09085987211955,4.5,1000.0,5515.46,Global_Kaggle_Baseline
Global Baseline,2020,Mixed Grain Baseline,1664.09,38.99391963432607,33.99,44.99,65.0,18.5,59.86092138851168,18.02189105126295,15.170389139865152,6.5,59.94423419120034,4.5,1000.0,5609.33,Global_Kaggle_Baseline
Global Baseline,2020,Mixed Grain Baseline,1664.87,39.00732561247855,34.01,45.01,65.0,18.5,59.92367969722123,17.768698588420303,15.144890729544429,6.5,59.764517461276405,4.5,1000.0,5491.86,Global_Kaggle_Baseline
Global Baseline,2020,Mixed Grain Baseline,1669.38,39.11910104360559,34.12,45.12,65.0,18.5,60.04226846046453,17.855057958044362,15.014898728508046,6.5,59.82871808061304,4.5,1000.0,5420.92,Global_Kaggle_Baseline
Global Baseline,2020,Mixed Grain Baseline,1663.23,38.94436298038372,33.94,44.94,65.0,18.5,60.03497852320748,17.946114732068985,15.080183105340916,6.5,59.9139311991068,4.5,1000.0,5582.35,Global_Kaggle_Baseline
Global Baseline,2020,Mixed Grain Baseline,1660.87,38.90696192373072,33.91,44.91,65.0,18.5,59.82489889785182,17.86062225059175,15.07039281080548,6.5,59.99296480029892,4.5,1000.0,5537.0,Global_Kaggle_Baseline
Global Baseline,2020,Mixed Grain Baseline,1666.01,39.02260397276882,34.02,45.02,65.0,18.5,60.04474340498969,18.003837027314187,14.99749480225302,6.5,60.10883488235523,4.5,1000.0,5656.77,Global_Kaggle_Baseline
Global Baseline,2020,Mixed Grain Baseline,1665.82,39.027444125307,34.03,45.03,65.0,18.5,59.97202005413022,17.903917417196674,15.068344958281752,6.5,59.8676922325107,4.5,1000.0,5311.18,Global_Kaggle_Baseline
Global Baseline,2020,Mixed Grain Baseline,1666.05,39.04814590497331,34.05,45.05,65.0,18.5,59.87322016047506,17.84947849887628,14.902873214487856,6.5,60.07144593442872,4.5,1000.0,5511.35,Global_Kaggle_Baseline
Global Baseline,2020,Mixed Grain Baseline,1660.49,38.84495371162699,33.84,44.84,65.0,18.5,60.18374590770175,18.00460246037493,14.981487696527482,6.5,60.10297002579175,4.5,1000.0,5414.0,Global_Kaggle_Baseline
Global Baseline,2020,Mixed Grain Baseline,1663.91,38.98440557804769,33.98,44.98,65.0,18.5,59.89055060420892,18.191366272914465,14.950816056668558,6.5,60.025182741372895,4.5,1000.0,5653.71,Global_Kaggle_Baseline
Global Baseline,2020,Mixed Grain Baseline,1658.52,38.80658345492699,33.81,44.81,65.0,18.5,60.057383352146005,17.99541946210867,15.020778561612188,6.5,60.03775877218816,4.5,1000.0,5459.22,Global_Kaggle_Baseline
Global Baseline,2020,Mixed Grain Baseline,1657.63,38.81611041287052,33.82,44.82,65.0,18.5,59.81356608733471,17.94792407236479,15.00941072990024,6.5,60.02356137940215,4.5,1000.0,5384.73,Global_Kaggle_Baseline
Global Baseline,2020,Mixed Grain Baseline,1662.94,38.938883656787695,33.94,44.94,65.0,18.5,60.01563607499711,18.16686451147594,15.007770957153262,6.5,59.869349791677415,4.5,1000.0,5550.84,Global_Kaggle_Baseline
Global Baseline,2020,Mixed Grain Baseline,1669.59,39.12653204158587,34.13,45.13,65.0,18.5,60.03185322855175,18.075136353584696,15.016708306434616,6.5,59.981743118678246,4.5,1000.0,5457.76,Global_Kaggle_Baseline
Global Baseline,2020,Mixed Grain Baseline,1661.31,38.91780084609427,33.92,44.92,65.0,18.5,59.83687093275496,18.07977422230656,14.915025170294848,6.5,59.87627252446253,4.5,1000.0,5503.73,Global_Kaggle_Baseline
Global Baseline,2020,Mixed Grain Baseline,1665.84,39.0369593591951,34.04,45.04,65.0,18.5,59.90947030372031,17.982689375816232,14.91968785348988,6.5,60.021779505352114,4.5,1000.0,5609.07,Global_Kaggle_Baseline
Global Baseline,2020,Mixed Grain Baseline,1660.27,38.88847671862415,33.89,44.89,65.0,18.5,59.83433334250624,17.81162958589811,14.98583140782317,6.5,60.087958088010645,4.5,1000.0,5376.9,Global_Kaggle_Baseline
Global Baseline,2020,Mixed Grain Baseline,1654.91,38.70517883732064,33.71,44.71,65.0,18.5,60.04495879869851,17.923956844962138,14.966729792267286,6.5,60.09920188473854,4.5,1000.0,5355.75,Global_Kaggle_Baseline
Global Baseline,2020,Mixed Grain Baseline,1661.82,38.9024073186384,33.9,44.9,65.0,18.5,60.04659771196727,17.794501899381203,14.782144936603157,6.5,59.934654229332246,4.5,1000.0,5588.72,Global_Kaggle_Baseline
Global Baseline,2020,Mixed Grain Baseline,1663.51,38.964081311312896,33.96,44.96,65.0,18.5,59.95267198151951,17.921336848262264,14.973648636470028,6.5,59.99561933528417,4.5,1000.0,5510.5,Global_Kaggle_Baseline
Global Baseline,2020,Mixed Grain Baseline,1667.15,39.05651028600981,34.06,45.06,65.0,18.5,60.03454155177632,17.800621137312294,14.85909311361482,6.5,60.1406711894946,4.5,1000.0,5517.45,Global_Kaggle_Baseline
Global Baseline,2020,Mixed Grain Baseline,1662.11,38.93869652888981,33.94,44.94,65.0,18.5,59.85044162671716,18.018805709100445,15.081243564320646,6.5,60.14693680963429,4.5,1000.0,5446.18,Global_Kaggle_Baseline
Global Baseline,2020,Mixed Grain Baseline,1663.92,38.97307697765147,33.97,44.97,65.0,18.5,59.97342037012043,17.857534226105106,14.933916087982212,6.5,59.87416097445171,4.5,1000.0,5416.3,Global_Kaggle_Baseline
Global Baseline,2020,Mixed Grain Baseline,1661.3,38.92021139214904,33.92,44.92,65.0,18.5,59.81761493701028,18.103568192716125,15.388418717319222,6.5,60.18675476462742,4.5,1000.0,5150.75,Global_Kaggle_Baseline
Global Baseline,2020,Mixed Grain Baseline,1663.53,38.94592700220575,33.95,44.95,65.0,18.5,60.08431645901565,18.012222646308203,15.105106943107597,6.5,60.1624007295552,4.5,1000.0,5392.57,Global_Kaggle_Baseline
Global Baseline,2020,Mixed Grain Baseline,1662.09,38.92079283423536,33.92,44.92,65.0,18.5,59.97271074585061,18.034647796733047,14.82353659117782,6.5,60.05723036416809,4.5,1000.0,5590.8,Global_Kaggle_Baseline
Global Baseline,2020,Mixed Grain Baseline,1666.61,39.04247094552709,34.04,45.04,65.0,18.5,60.02399248121896,17.924068090825124,15.019170827786937,6.5,60.07542886951576,4.5,1000.0,5574.26,Global_Kaggle_Baseline
Global Baseline,2020,Mixed Grain Baseline,1660.29,38.908191758232654,33.91,44.91,65.0,18.5,59.70002810125313,18.168240743326496,15.027219544314738,6.5,60.03337524664418,4.5,1000.0,5595.86,Global_Kaggle_Baseline
Global Baseline,2020,Mixed Grain Baseline,1665.78,39.00029555445273,34.0,45.0,65.0,18.5,60.15469370049208,17.953927707425905,15.164013574959972,6.5,59.900711427079685,4.5,1000.0,5562.56,Global_Kaggle_Baseline
Global Baseline,2020,Mixed Grain Baseline,1661.86,38.90196929630503,33.9,44.9,65.0,18.5,60.05870895663063,18.053974494742832,14.894245086887564,6.5,59.952050266382926,4.5,1000.0,5401.55,Global_Kaggle_Baseline
Global Baseline,2020,Mixed Grain Baseline,1665.6,38.986435911948746,33.99,44.99,65.0,18.5,60.214286705251865,17.935138160976326,15.079205939131208,6.5,59.94017007520616,4.5,1000.0,5365.21,Global_Kaggle_Baseline
Global Baseline,2020,Mixed Grain Baseline,1665.63,39.01212467572563,34.01,45.01,65.0,18.5,60.04206055637367,18.01744723319077,14.875193928262364,6.5,59.99546183175545,4.5,1000.0,5412.22,Global_Kaggle_Baseline
Global Baseline,2020,Mixed Grain Baseline,1661.0,38.878664766369326,33.88,44.88,65.0,18.5,60.0496243483688,18.06393250626563,15.150885273038464,6.5,59.854607007819126,4.5,1000.0,5567.09,Global_Kaggle_Baseline
Global Baseline,2020,Mixed Grain Baseline,1672.23,39.21647677713131,34.22,45.22,65.0,18.5,59.93142399039982,17.99345159863182,14.901220723324377,6.5,59.9487978274956,4.5,1000.0,5540.94,Global_Kaggle_Baseline
Global Baseline,2020,Mixed Grain Baseline,1664.37,38.98345666555225,33.98,44.98,65.0,18.5,59.9903450790228,18.09210175265148,14.902711922844624,6.5,60.04734167674832,4.5,1000.0,5616.0,Global_Kaggle_Baseline
Global Baseline,2020,Mixed Grain Baseline,1659.42,38.84436083310573,33.84,44.84,65.0,18.5,59.9726272576111,18.028976474776137,14.994801581922422,6.5,59.75305178108667,4.5,1000.0,5520.95,Global_Kaggle_Baseline
Global Baseline,2020,Mixed Grain Baseline,1668.11,39.08179008793051,34.08,45.08,65.0,18.5,60.05023786021765,18.071753004161625,15.066536287737636,6.5,60.0482484030067,4.5,1000.0,5154.96,Global_Kaggle_Baseline
Global Baseline,2020,Mixed Grain Baseline,1671.05,39.159920286124645,34.16,45.16,65.0,18.5,60.09128670873535,18.128086750164613,15.068129772551591,6.5,60.03163833501562,4.5,1000.0,5559.5,Global_Kaggle_Baseline
Global Baseline,2020,Mixed Grain Baseline,1650.0,38.0,33.0,44.0,65.0,18.5,64.0,19.0,15.0,6.5,52.0,4.5,1000.0,6500.0,Global_Kaggle_Baseline
Global Baseline,2020,Mixed Grain Baseline,1715.0,39.0,34.0,45.0,65.0,18.5,70.0,20.0,16.0,6.5,70.0,4.5,1000.0,6500.0,Global_Kaggle_Baseline
Global Baseline,2020,Mixed Grain Baseline,1710.0,40.0,35.0,46.0,65.0,18.5,62.0,19.0,16.0,6.5,52.0,4.5,1000.0,6500.0,Global_Kaggle_Baseline
Global Baseline,2020,Mixed Grain Baseline,1690.0,39.0,34.0,45.0,65.0,18.5,65.0,19.0,17.0,6.5,60.0,4.5,1000.0,6500.0,Global_Kaggle_Baseline
Global Baseline,2020,Mixed Grain Baseline,1718.06,39.077219605795634,34.08,45.08,65.0,18.5,70.0713819020017,20.008208274343,16.062807275582394,6.5,69.99244467386424,4.5,1000.0,6322.42,Global_Kaggle_Baseline
Global Baseline,2020,Mixed Grain Baseline,1710.87,38.90178675416748,33.9,44.9,65.0,18.5,69.8605722998717,20.011975581000005,15.998196273518175,6.5,70.05832563578316,4.5,1000.0,6398.94,Global_Kaggle_Baseline
Global Baseline,2020,Mixed Grain Baseline,1646.62,37.89844490387696,32.9,43.9,65.0,18.5,64.03580914608341,19.08778122333101,15.01333210436817,6.5,51.93509690293065,4.5,1000.0,6418.2,Global_Kaggle_Baseline
Global Baseline,2020,Mixed Grain Baseline,1718.84,40.26018567120746,35.26,46.26,65.0,18.5,61.94721302761413,19.01557248039156,15.614319550042769,6.5,51.93194675307252,4.5,1000.0,6245.84,Global_Kaggle_Baseline
Global Baseline,2020,Mixed Grain Baseline,1691.92,39.02874337383235,34.03,45.03,65.0,18.5,65.18310653029867,19.034635538328068,17.160517096379,6.5,59.87109724399409,4.5,1000.0,6647.25,Global_Kaggle_Baseline
Global Baseline,2020,Mixed Grain Baseline,1688.67,38.967165140989856,33.97,44.97,65.0,18.5,64.96442916562604,19.024063913269977,17.033455688107104,6.5,60.07025174179486,4.5,1000.0,6527.17,Global_Kaggle_Baseline
Global Baseline,2020,Mixed Grain Baseline,1720.21,39.1507268827436,34.15,45.15,65.0,18.5,69.98606591813522,20.078189006531705,16.066290421079568,6.5,70.07605079373597,4.5,1000.0,6483.5,Global_Kaggle_Baseline
Global Baseline,2020,Mixed Grain Baseline,1716.91,39.03853387187392,34.04,45.04,65.0,18.5,70.11128253937018,19.886751844292125,16.095520260646676,6.5,69.97438080169128,4.5,1000.0,6642.9,Global_Kaggle_Baseline
Global Baseline,2020,Mixed Grain Baseline,1714.63,40.10801872766341,35.11,46.11,65.0,18.5,62.17010178454318,19.04636540990323,15.980447212420836,6.5,52.02583656696314,4.5,1000.0,6509.44,Global_Kaggle_Baseline
Global Baseline,2020,Mixed Grain Baseline,1705.7,39.894405367012425,34.89,45.89,65.0,18.5,61.88014882260292,18.8339707194753,15.861589175712036,6.5,51.83549860868998,4.5,1000.0,6406.19,Global_Kaggle_Baseline
Global Baseline,2020,Mixed Grain Baseline,1708.1,39.973981821866,34.97,45.97,65.0,18.5,61.80125161137799,19.18043904643661,15.908254128614354,6.5,52.12364678058302,4.5,1000.0,6625.65,Global_Kaggle_Baseline
Global Baseline,2020,Mixed Grain Baseline,1688.72,38.96255428422848,33.96,44.96,65.0,18.5,65.00518298858503,19.060402408234552,16.991560512784055,6.5,60.13854800750872,4.5,1000.0,6428.59,Global_Kaggle_Baseline
Global Baseline,2020,Mixed Grain Baseline,1645.83,37.86047831692774,32.86,43.86,65.0,18.5,64.14323246834549,19.07803336653252,15.036312314718188,6.5,52.21910179351516,4.5,1000.0,6392.31,Global_Kaggle_Baseline
Global Baseline,2020,Mixed Grain Baseline,1716.7,39.060999447644775,34.06,45.06,65.0,18.5,69.91294068686763,20.00818027932205,15.930123509675,6.5,69.96402815089283,4.5,1000.0,6522.94,Global_Kaggle_Baseline
Global Baseline,2020,Mixed Grain Baseline,1651.15,38.05051953392368,33.05,44.05,65.0,18.5,63.87712444945344,18.967290862151746,14.796104072477211,6.5,52.05578741371253,4.5,1000.0,6338.35,Global_Kaggle_Baseline
Global Baseline,2020,Mixed Grain Baseline,1708.28,38.799680422672935,33.8,44.8,65.0,18.5,70.05902132218496,19.934559338422957,15.980244652395111,6.5,69.99415605170785,4.5,1000.0,6620.51,Global_Kaggle_Baseline
Global Baseline,2020,Mixed Grain Baseline,1714.29,40.11745537082861,35.12,46.12,65.0,18.5,62.0354229942534,18.92316647729905,16.096835849011086,6.5,51.95188922607528,4.5,1000.0,6447.53,Global_Kaggle_Baseline
Global Baseline,2020,Mixed Grain Baseline,1691.15,39.02281296140899,34.02,45.02,65.0,18.5,65.06938040651178,18.967883601829755,16.95411399619433,6.5,60.10010548316183,4.5,1000.0,6585.38,Global_Kaggle_Baseline
Global Baseline,2020,Mixed Grain Baseline,1652.72,38.08009244552869,33.08,44.08,65.0,18.5,63.983442331782406,18.93547912278126,15.053871208147514,6.5,51.75273211953159,4.5,1000.0,6372.56,Global_Kaggle_Baseline
Global Baseline,2020,Mixed Grain Baseline,1650.04,38.00101903181241,33.0,44.0,65.0,18.5,64.00104351211503,18.907298104303663,15.023389209826396,6.5,51.9246613014662,4.5,1000.0,6572.56,Global_Kaggle_Baseline
Global Baseline,2020,Mixed Grain Baseline,1651.84,38.05891464511185,33.06,44.06,65.0,18.5,63.955563872705,18.904431970841536,15.045674249601316,6.5,51.842671216203385,4.5,1000.0,6604.76,Global_Kaggle_Baseline
Global Baseline,2020,Mixed Grain Baseline,1687.94,38.946455459229576,33.95,44.95,65.0,18.5,64.96377573387959,18.98939479396359,17.10651527121403,6.5,59.98648407417579,4.5,1000.0,6472.94,Global_Kaggle_Baseline
Global Baseline,2020,Mixed Grain Baseline,1707.85,39.94412557394821,34.94,45.94,65.0,18.5,61.96061235905746,18.86704040320921,16.1832888457031,6.5,51.96569791041433,4.5,1000.0,6512.11,Global_Kaggle_Baseline
Global Baseline,2020,Mixed Grain Baseline,1648.05,37.94471509233577,32.94,43.94,65.0,18.5,63.99790365543805,18.84983066639583,15.110336777025315,6.5,51.81505131230509,4.5,1000.0,6599.18,Global_Kaggle_Baseline
Global Baseline,2020,Mixed Grain Baseline,1706.12,39.908679093746905,34.91,45.91,65.0,18.5,61.862667368683205,18.988579094738185,15.95391263630004,6.5,51.96531551237925,4.5,1000.0,6224.63,Global_Kaggle_Baseline
Global Baseline,2020,Mixed Grain Baseline,1711.33,38.90019483371204,33.9,44.9,65.0,18.5,69.96455665019342,20.16200391214495,15.813488662570972,6.5,70.04340520486167,4.5,1000.0,6462.6,Global_Kaggle_Baseline
Global Baseline,2020,Mixed Grain Baseline,1707.73,39.94338771584014,34.94,45.94,65.0,18.5,61.94136305769411,19.03273534420986,16.020918458665182,6.5,51.9170449876527,4.5,1000.0,6552.67,Global_Kaggle_Baseline
Global Baseline,2020,Mixed Grain Baseline,1646.32,37.901137017613145,32.9,43.9,65.0,18.5,63.955782341285165,19.098833003040003,15.21792750678136,6.5,52.20201266293281,4.5,1000.0,6386.42,Global_Kaggle_Baseline
Global Baseline,2020,Mixed Grain Baseline,1694.67,39.11082634557281,34.11,45.11,65.0,18.5,65.15820338875459,19.102581733382948,16.82924669646181,6.5,60.06786116719663,4.5,1000.0,6494.83,Global_Kaggle_Baseline
Global Baseline,2020,Mixed Grain Baseline,1709.82,38.86874545973906,33.87,44.87,65.0,18.5,69.88182989747806,20.05348808636232,16.029854454327893,6.5,70.00748520321909,4.5,1000.0,6414.22,Global_Kaggle_Baseline
Global Baseline,2020,Mixed Grain Baseline,1708.21,39.93968679996677,34.94,45.94,65.0,18.5,62.06402219015757,18.86643021074032,15.954906095066042,6.5,52.003665740589554,4.5,1000.0,6528.4,Global_Kaggle_Baseline
Global Baseline,2020,Mixed Grain Baseline,1707.21,39.9289354851118,34.93,45.93,65.0,18.5,61.93877447321249,18.998608422608857,15.91685428572786,6.5,51.96715986070715,4.5,1000.0,6434.03,Global_Kaggle_Baseline
Global Baseline,2020,Mixed Grain Baseline,1711.61,38.90844059238179,33.91,44.91,65.0,18.5,69.96265099414327,19.929979200229003,15.916435682487126,6.5,70.0607176739618,4.5,1000.0,6480.02,Global_Kaggle_Baseline
Global Baseline,2020,Mixed Grain Baseline,1713.83,40.10193928782205,35.1,46.1,65.0,18.5,62.05257186921133,18.89116769172626,16.046177948461594,6.5,52.1795402416704,4.5,1000.0,6657.36,Global_Kaggle_Baseline
Global Baseline,2020,Mixed Grain Baseline,1686.51,38.9052383702532,33.91,44.91,65.0,18.5,64.96546440370447,19.204286399756175,17.02602758711977,6.5,60.00105482733934,4.5,1000.0,6513.79,Global_Kaggle_Baseline
Global Baseline,2020,Mixed Grain Baseline,1648.69,37.96511241538448,32.97,43.97,65.0,18.5,63.98189544456689,18.87809774002478,14.986999786604596,6.5,52.02440161120537,4.5,1000.0,6498.38,Global_Kaggle_Baseline
Global Baseline,2020,Mixed Grain Baseline,1648.19,37.95772054832469,32.96,43.96,65.0,18.5,63.934324759351874,19.065029307065423,14.984934497875056,6.5,52.23205936117628,4.5,1000.0,6445.88,Global_Kaggle_Baseline
Global Baseline,2020,Mixed Grain Baseline,1707.67,39.94797180658751,34.95,45.95,65.0,18.5,61.89883808766015,19.15119520330085,16.047201362439285,6.5,52.17467118914664,4.5,1000.0,6425.9,Global_Kaggle_Baseline
Global Baseline,2020,Mixed Grain Baseline,1690.21,39.01673429951284,34.02,45.02,65.0,18.5,64.9256744864541,19.06420121568,17.311797283596263,6.5,60.12990111188056,4.5,1000.0,6396.64,Global_Kaggle_Baseline
Global Baseline,2020,Mixed Grain Baseline,1710.21,40.03100690906173,35.03,46.03,65.0,18.5,61.8253813358847,19.155331143766336,16.15761139290999,6.5,52.01290888728428,4.5,1000.0,6381.18,Global_Kaggle_Baseline
Global Baseline,2020,Mixed Grain Baseline,1653.6,38.1053953178102,33.11,44.11,65.0,18.5,63.98203729531206,19.290696342591907,14.94280954353227,6.5,52.083058372749576,4.5,1000.0,6639.4,Global_Kaggle_Baseline
Global Baseline,2020,Mixed Grain Baseline,1707.53,39.94140926265495,34.94,45.94,65.0,18.5,61.915756165784536,18.886340053003533,15.860961999251026,6.5,51.94024391957156,4.5,1000.0,6307.08,Global_Kaggle_Baseline
Global Baseline,2020,Mixed Grain Baseline,1652.17,38.06770412459263,33.07,44.07,65.0,18.5,63.9597969420054,19.04536812196649,15.070592368968889,6.5,51.92907977336203,4.5,1000.0,6364.12,Global_Kaggle_Baseline
Global Baseline,2020,Mixed Grain Baseline,1717.63,39.06948149682497,34.07,45.07,65.0,18.5,70.0397824180607,19.91876393146213,15.92359474880071,6.5,70.02116568713292,4.5,1000.0,6554.1,Global_Kaggle_Baseline
Global Baseline,2020,Mixed Grain Baseline,1644.52,37.84213413937072,32.84,43.84,65.0,18.5,64.00878075314803,18.94851942321029,14.998071624620344,6.5,51.99247893203254,4.5,1000.0,6490.39,Global_Kaggle_Baseline
Global Baseline,2020,Mixed Grain Baseline,1709.3,39.98612832128308,34.99,45.99,65.0,18.5,61.95685071615754,18.983705314982554,16.034860850691302,6.5,52.08887376809238,4.5,1000.0,6578.09,Global_Kaggle_Baseline
Global Baseline,2020,Mixed Grain Baseline,1704.93,39.84636389544162,34.85,45.85,65.0,18.5,62.06165763772525,18.89964392824457,15.978759986683352,6.5,52.15386364903205,4.5,1000.0,6470.52,Global_Kaggle_Baseline
Global Baseline,2020,Mixed Grain Baseline,1651.71,38.03450605647393,33.03,44.03,65.0,18.5,64.10013256433534,19.054433445388096,15.06205963628614,6.5,51.9659050929022,4.5,1000.0,6565.76,Global_Kaggle_Baseline
Global Baseline,2020,Mixed Grain Baseline,1684.26,38.83457198704159,33.83,44.83,65.0,18.5,65.00998530189098,18.98802143995869,17.033377037859182,6.5,59.96657965277407,4.5,1000.0,6471.47,Global_Kaggle_Baseline
Global Baseline,2020,Mixed Grain Baseline,1712.16,38.94949692446894,33.95,44.95,65.0,18.5,69.78575272380111,19.877392097989684,16.012805096088226,6.5,70.01998347755152,4.5,1000.0,6521.56,Global_Kaggle_Baseline
Global Baseline,2020,Mixed Grain Baseline,1705.11,39.83811988859616,34.84,45.84,65.0,18.5,62.1548857037363,19.01245121401024,16.117955256430186,6.5,52.11704162734726,4.5,1000.0,6472.33,Global_Kaggle_Baseline
Global Baseline,2020,Mixed Grain Baseline,1713.71,38.95622672007561,33.96,44.96,65.0,18.5,70.04884220587022,20.029453739827837,16.058122607010297,6.5,69.94595508821583,4.5,1000.0,6449.91,Global_Kaggle_Baseline
Global Baseline,2020,Mixed Grain Baseline,1686.68,38.88571314207684,33.89,44.89,65.0,18.5,65.1367483257671,19.03075546072079,17.05331974407339,6.5,60.07478294015975,4.5,1000.0,6481.17,Global_Kaggle_Baseline
Global Baseline,2020,Mixed Grain Baseline,1718.91,39.10566482271162,34.11,45.11,65.0,18.5,70.04236344587234,20.26703918428401,15.99140024812234,6.5,69.77668343568511,4.5,1000.0,6547.25,Global_Kaggle_Baseline
Global Baseline,2020,Mixed Grain Baseline,1712.84,38.91954631039431,33.92,44.92,65.0,18.5,70.13204078116341,20.00587234907888,16.018508811627193,6.5,69.78465675675102,4.5,1000.0,6542.73,Global_Kaggle_Baseline
Global Baseline,2020,Mixed Grain Baseline,1645.81,37.88113598103792,32.88,43.88,65.0,18.5,63.9934520913672,18.95342416150061,15.012722996647256,6.5,51.83333155595638,4.5,1000.0,6484.88,Global_Kaggle_Baseline
Global Baseline,2020,Mixed Grain Baseline,1713.63,38.9560888211874,33.96,44.96,65.0,18.5,70.03418804488189,19.893094342960342,16.06875917313158,6.5,70.03916404469476,4.5,1000.0,6499.74,Global_Kaggle_Baseline
Global Baseline,2020,Mixed Grain Baseline,1689.6,39.00582189130132,34.01,45.01,65.0,18.5,64.87979683985526,18.98786726829052,16.931697623970965,6.5,60.05906341013123,4.5,1000.0,6492.18,Global_Kaggle_Baseline
Global Baseline,2020,Mixed Grain Baseline,1704.4,39.8436005176102,34.84,45.84,65.0,18.5,61.97424381622767,18.9913064056393,16.1610299644075,6.5,52.01070802718693,4.5,1000.0,6436.36,Global_Kaggle_Baseline
Global Baseline,2020,Mixed Grain Baseline,1687.76,38.91104553445191,33.91,44.91,65.0,18.5,65.17460364380308,19.238079126895585,16.953445591299573,6.5,59.812360841721,4.5,1000.0,6611.25,Global_Kaggle_Baseline
Global Baseline,2020,Mixed Grain Baseline,1708.75,39.96819618785605,34.97,45.97,65.0,18.5,61.97350266468681,18.85751452653789,16.061194550112127,6.5,52.09966038216984,4.5,1000.0,6489.16,Global_Kaggle_Baseline
Global Baseline,2020,Mixed Grain Baseline,1643.83,37.79930185429847,32.8,43.8,65.0,18.5,64.17184943150802,19.037583450243524,15.128893945670908,6.5,51.97198590294571,4.5,1000.0,6467.63,Global_Kaggle_Baseline
Global Baseline,2020,Mixed Grain Baseline,1708.5,38.80739773843434,33.81,44.81,65.0,18.5,70.04733930879704,19.986948187948144,15.988548458024582,6.5,69.88537459381332,4.5,1000.0,6481.06,Global_Kaggle_Baseline
Global Baseline,2020,Mixed Grain Baseline,1702.14,39.75599214526926,34.76,45.76,65.0,18.5,62.13701004452066,19.01894727812458,15.919891216458844,6.5,51.734354136545626,4.5,1000.0,6491.95,Global_Kaggle_Baseline
Global Baseline,2020,Mixed Grain Baseline,1712.64,40.06611368459326,35.07,46.07,65.0,18.5,62.06441239113023,19.04725657615569,16.02722711061755,6.5,51.98631307195366,4.5,1000.0,6525.23,Global_Kaggle_Baseline
Global Baseline,2020,Mixed Grain Baseline,1711.42,40.05044866328932,35.05,46.05,65.0,18.5,61.93057956974486,18.914091789325067,16.025493831170106,6.5,52.03777316442811,4.5,1000.0,6411.24,Global_Kaggle_Baseline
Global Baseline,2020,Mixed Grain Baseline,1711.3,40.03659864678655,35.04,46.04,65.0,18.5,62.00393913571292,19.042929697089,15.811802556841709,6.5,51.98922318642444,4.5,1000.0,6494.55,Global_Kaggle_Baseline
Global Baseline,2020,Mixed Grain Baseline,1705.24,39.871943198722775,34.87,45.87,65.0,18.5,61.94510121596208,18.91638341913118,15.976949730331384,6.5,51.96793895968886,4.5,1000.0,6491.52,Global_Kaggle_Baseline
Global Baseline,2020,Mixed Grain Baseline,1644.97,37.85740430161861,32.86,43.86,65.0,18.5,63.99133716982607,19.045494326006747,14.998278955644604,6.5,52.05938061957323,4.5,1000.0,6462.34,Global_Kaggle_Baseline
Global Baseline,2020,Mixed Grain Baseline,1693.37,39.07334399012761,34.07,45.07,65.0,18.5,65.16004839221286,19.031843021411596,17.159799691574552,6.5,59.93750816407062,4.5,1000.0,6793.18,Global_Kaggle_Baseline
Global Baseline,2020,Mixed Grain Baseline,1692.47,39.08946822205564,34.09,45.09,65.0,18.5,64.86711919743927,18.891492185716523,17.023400269992724,6.5,59.93441808945479,4.5,1000.0,6398.8,Global_Kaggle_Baseline
Global Baseline,2020,Mixed Grain Baseline,1713.52,38.980813253806446,33.98,44.98,65.0,18.5,69.83785423792767,20.037464016063904,15.93352488302817,6.5,70.14271621225716,4.5,1000.0,6475.67,Global_Kaggle_Baseline
Global Baseline,2020,Mixed Grain Baseline,1644.42,37.84482643920726,32.84,43.84,65.0,18.5,63.96934394197454,18.90646105040056,15.068765868343757,6.5,52.00780913080989,4.5,1000.0,6437.29,Global_Kaggle_Baseline
Global Baseline,2020,Mixed Grain Baseline,1718.28,39.11932698583852,34.12,45.12,65.0,18.5,69.82051501966299,19.77160128094159,15.9095926772991,6.5,69.99320033242198,4.5,1000.0,6395.32,Global_Kaggle_Baseline
Global Baseline,2020,Mixed Grain Baseline,1708.6,39.98510670298984,34.99,45.99,65.0,18.5,61.82414031772501,19.07710166961639,16.020551182927573,6.5,52.128101883828,4.5,1000.0,6501.8,Global_Kaggle_Baseline
Global Baseline,2020,Mixed Grain Baseline,1650.69,38.0167190816068,33.02,44.02,65.0,18.5,64.02077318017163,18.956368278676603,14.922999008711631,6.5,52.07322752717088,4.5,1000.0,6548.83,Global_Kaggle_Baseline
Global Baseline,2020,Mixed Grain Baseline,1713.89,38.96550135989672,33.97,44.97,65.0,18.5,70.01975905519276,19.96468838038282,16.07774174497562,6.5,70.0436474404696,4.5,1000.0,6583.48,Global_Kaggle_Baseline
Global Baseline,2020,Mixed Grain Baseline,1694.3,39.12650746757932,34.13,45.13,65.0,18.5,64.9741827726083,19.105218494265834,17.07400451548177,6.5,59.95809954240491,4.5,1000.0,6527.95,Global_Kaggle_Baseline
Global Baseline,2020,Mixed Grain Baseline,1651.7,38.03676277114143,33.04,44.04,65.0,18.5,64.08193798555267,19.07129510315222,14.910749834815997,6.5,52.09463449299462,4.5,1000.0,6485.88,Global_Kaggle_Baseline
Global Baseline,2020,Mixed Grain Baseline,1685.79,38.87380132720156,33.87,44.87,65.0,18.5,65.04079707881941,19.021580722604988,16.989210171254307,6.5,60.02629686387097,4.5,1000.0,6505.04,Global_Kaggle_Baseline
Global Baseline,2020,Mixed Grain Baseline,1715.18,40.16846242773354,35.17,46.17,65.0,18.5,61.8566435570593,18.82687473046866,15.873146837098878,6.5,52.02685611932618,4.5,1000.0,6528.92,Global_Kaggle_Baseline
Global Baseline,2020,Mixed Grain Baseline,1710.85,40.015745558681495,35.02,46.02,65.0,18.5,62.06013636555283,18.830971127740074,15.895829757813395,6.5,51.9920469895162,4.5,1000.0,6453.75,Global_Kaggle_Baseline
Global Baseline,2020,Mixed Grain Baseline,1653.01,38.093698863189445,33.09,44.09,65.0,18.5,63.94584709784409,19.06960051959712,14.882662512901492,6.5,51.94770336051323,4.5,1000.0,6501.28,Global_Kaggle_Baseline
Global Baseline,2020,Mixed Grain Baseline,1647.67,37.9488188513939,32.95,43.95,65.0,18.5,63.8921691278574,18.921201406242737,15.047053255231006,6.5,52.061440266711486,4.5,1000.0,6454.96,Global_Kaggle_Baseline
Global Baseline,2020,Mixed Grain Baseline,1686.93,38.92990869405434,33.93,44.93,65.0,18.5,64.8775330985241,18.889722843141573,16.897715589673577,6.5,59.87860908289291,4.5,1000.0,6624.99,Global_Kaggle_Baseline
Global Baseline,2020,Mixed Grain Baseline,1648.08,37.94726988908388,32.95,43.95,65.0,18.5,63.985305133675176,19.023917782771136,14.971520228089704,6.5,51.99649685933708,4.5,1000.0,6475.56,Global_Kaggle_Baseline
Global Baseline,2020,Mixed Grain Baseline,1712.41,40.06986877531665,35.07,46.07,65.0,18.5,61.992569357144106,19.021318616382104,15.851451130843827,6.5,52.12026881268531,4.5,1000.0,6631.52,Global_Kaggle_Baseline
Global Baseline,2020,Mixed Grain Baseline,1693.81,39.12342280822229,34.12,45.12,65.0,18.5,64.89796614475988,19.105838540066383,16.666438098039958,6.5,59.903382080979775,4.5,1000.0,6585.09,Global_Kaggle_Baseline
Global Baseline,2020,Mixed Grain Baseline,1711.82,40.04093648144177,35.04,46.04,65.0,18.5,62.07668275021587,19.05338753480113,15.957926193628555,6.5,52.06826154230933,4.5,1000.0,6209.85,Global_Kaggle_Baseline
Global Baseline,2020,Mixed Grain Baseline,1707.04,39.908683638727005,34.91,45.91,65.0,18.5,62.046800771779246,19.023285666058115,16.045218155520022,6.5,51.94511925276066,4.5,1000.0,6615.47,Global_Kaggle_Baseline
Global Baseline,2020,Mixed Grain Baseline,1709.13,39.982534373177856,34.98,45.98,65.0,18.5,61.94777130767595,18.924977700922504,15.997022573415322,6.5,52.02681615998254,4.5,1000.0,6585.18,Global_Kaggle_Baseline
Global Baseline,2020,Mixed Grain Baseline,1716.87,40.1724563570938,35.17,46.17,65.0,18.5,62.16707418288644,19.09347777876956,15.983045117576582,6.5,52.08731520742455,4.5,1000.0,6668.69,Global_Kaggle_Baseline
Global Baseline,2020,Mixed Grain Baseline,1706.04,39.88681224119063,34.89,45.89,65.0,18.5,62.00029513600014,19.10596452909483,16.03713006002954,6.5,51.92617339083269,4.5,1000.0,6547.03,Global_Kaggle_Baseline
Global Baseline,2020,Mixed Grain Baseline,1651.68,38.04011366669998,33.04,44.04,65.0,18.5,64.0553674600984,18.928960515851543,14.830661689255642,6.5,51.9449762486029,4.5,1000.0,6547.74,Global_Kaggle_Baseline
Global Baseline,2020,Mixed Grain Baseline,1646.68,37.903684849971945,32.9,43.9,65.0,18.5,64.01034054046985,18.886868783258983,14.931801767635498,6.5,52.04367200977385,4.5,1000.0,6422.79,Global_Kaggle_Baseline
Global Baseline,2020,Mixed Grain Baseline,1713.58,38.95453033433171,33.95,44.95,65.0,18.5,70.03470429506999,20.2204760426362,16.005884195884178,6.5,69.97597216856083,4.5,1000.0,6636.65,Global_Kaggle_Baseline
Global Baseline,2020,Mixed Grain Baseline,1649.29,37.97342090927329,32.97,43.97,65.0,18.5,64.04458732417638,18.97460552282384,15.13401837775073,6.5,51.923654807326805,4.5,1000.0,6629.16,Global_Kaggle_Baseline
Global Baseline,2020,Mixed Grain Baseline,1650.37,38.00867839491865,33.01,44.01,65.0,18.5,64.01362117753833,19.03300349693825,14.928249621951016,6.5,52.09952291183566,4.5,1000.0,6579.89,Global_Kaggle_Baseline
Global Baseline,2020,Mixed Grain Baseline,1710.66,40.019520611561774,35.02,46.02,65.0,18.5,61.99488298415303,18.89876936114393,16.12344515294095,6.5,51.96787389130523,4.5,1000.0,6432.26,Global_Kaggle_Baseline
Global Baseline,2020,Mixed Grain Baseline,1689.78,39.00584776357009,34.01,45.01,65.0,18.5,64.9155797189847,19.027633667210328,16.630225260029185,6.5,60.10667025148905,4.5,1000.0,6554.89,Global_Kaggle_Baseline
Global Baseline,2020,Mixed Grain Baseline,1687.46,38.93508906923866,33.94,44.94,65.0,18.5,64.9468882326356,19.002808998402944,17.033310981363893,6.5,60.12995447261778,4.5,1000.0,6307.67,Global_Kaggle_Baseline
Global Baseline,2020,Mixed Grain Baseline,1713.08,38.94912319984975,33.95,44.95,65.0,18.5,69.97247938808594,19.87716730346345,15.96908372721372,6.5,70.10217000470176,4.5,1000.0,6558.48,Global_Kaggle_Baseline
Global Baseline,2020,Mixed Grain Baseline,1687.4,38.91617018511406,33.92,44.92,65.0,18.5,65.06625689266534,19.001292675362595,16.969203281817865,6.5,60.148457903912,4.5,1000.0,6306.56,Global_Kaggle_Baseline
Global Baseline,2020,Mixed Grain Baseline,1688.54,38.9378020613609,33.94,44.94,65.0,18.5,65.14376111106955,19.056087002447008,17.059096144596367,6.5,59.99607938623556,4.5,1000.0,6439.42,Global_Kaggle_Baseline
Global Baseline,2020,Mixed Grain Baseline,1708.67,38.82421888677693,33.82,44.82,65.0,18.5,69.96424920635229,20.02307857353908,16.0896166372549,6.5,70.03280331442141,4.5,1000.0,6496.3,Global_Kaggle_Baseline
Global Baseline,2020,Mixed Grain Baseline,1655.77,38.163028741624935,33.16,44.16,65.0,18.5,64.01272235892233,19.04333398985608,15.162174761514908,6.5,51.86409540631842,4.5,1000.0,6427.47,Global_Kaggle_Baseline
Global Baseline,2020,Mixed Grain Baseline,1652.34,38.05740963405012,33.06,44.06,65.0,18.5,64.06688050214318,19.00861980271654,15.11142578490626,6.5,51.97985806880249,4.5,1000.0,6430.74,Global_Kaggle_Baseline
Global Baseline,2020,Mixed Grain Baseline,1703.68,39.82093973703772,34.82,45.82,65.0,18.5,61.98931220860644,19.011571476280643,15.71914009415441,6.5,51.885853015378565,4.5,1000.0,6478.57,Global_Kaggle_Baseline
Global Baseline,2020,Mixed Grain Baseline,1708.48,39.95829693741545,34.96,45.96,65.0,18.5,61.988538358280174,19.179608641794587,15.911149472938613,6.5,51.991392643186366,4.5,1000.0,6411.41,Global_Kaggle_Baseline
Global Baseline,2020,Mixed Grain Baseline,1682.07,38.76279301086474,33.76,44.76,65.0,18.5,65.0751318285013,18.769671007433296,16.966093006381758,6.5,59.85675390298375,4.5,1000.0,6408.82,Global_Kaggle_Baseline
Global Baseline,2020,Mixed Grain Baseline,1713.81,38.95959285524314,33.96,44.96,65.0,18.5,70.04546261338712,19.94142304729576,16.033304533850142,6.5,69.97754254821302,4.5,1000.0,6551.45,Global_Kaggle_Baseline
Global Baseline,2020,Mixed Grain Baseline,1714.92,39.0201419122036,34.02,45.02,65.0,18.5,69.84363770905904,19.947402083878863,15.98724996155391,6.5,69.98134161738903,4.5,1000.0,6498.24,Global_Kaggle_Baseline
Global Baseline,2020,Mixed Grain Baseline,1714.75,40.14445011155027,35.14,46.14,65.0,18.5,61.93831302880783,18.96659793225047,16.18755597690203,6.5,51.983554899850255,4.5,1000.0,6519.97,Global_Kaggle_Baseline
Global Baseline,2020,Mixed Grain Baseline,1712.3,38.9302864136055,33.93,44.93,65.0,18.5,69.94748476625695,19.784984363449976,16.009353535640116,6.5,69.8895920232906,4.5,1000.0,6411.87,Global_Kaggle_Baseline
Global Baseline,2020,Mixed Grain Baseline,1655.23,38.14501453518992,33.15,44.15,65.0,18.5,64.03146703662993,18.90927894754626,15.004911296275258,6.5,52.07136672155387,4.5,1000.0,6432.73,Global_Kaggle_Baseline
Global Baseline,2020,Mixed Grain Baseline,1719.09,39.11667248340184,34.12,45.12,65.0,18.5,70.00094864618168,19.811340338307968,15.7622103471564,6.5,69.98448453919019,4.5,1000.0,6470.18,Global_Kaggle_Baseline
Global Baseline,2020,Mixed Grain Baseline,1711.11,38.88538623083208,33.89,44.89,65.0,18.5,70.02436609368469,19.894549012749128,16.005735235870304,6.5,69.92142066316808,4.5,1000.0,6403.25,Global_Kaggle_Baseline
Global Baseline,2020,Mixed Grain Baseline,1683.76,38.82305862877042,33.82,44.82,65.0,18.5,64.99076259897868,19.22648768468874,17.016930380607935,6.5,60.09357676763971,4.5,1000.0,6465.56,Global_Kaggle_Baseline
Global Baseline,2020,Mixed Grain Baseline,1685.95,38.86592830199274,33.87,44.87,65.0,18.5,65.12839386383685,18.970131327466543,17.068021301556357,6.5,59.884821110524925,4.5,1000.0,6296.54,Global_Kaggle_Baseline
Global Baseline,2020,Mixed Grain Baseline,1650.99,38.039938038295325,33.04,44.04,65.0,18.5,63.9187781046381,18.94875958256389,15.087977218879942,6.5,52.012211993940674,4.5,1000.0,6344.1,Global_Kaggle_Baseline
Global Baseline,2020,Mixed Grain Baseline,1719.13,39.12456343000142,34.12,45.12,65.0,18.5,69.9548066078104,19.990850606296952,15.991408871607897,6.5,70.04845363059604,4.5,1000.0,6390.77,Global_Kaggle_Baseline
Global Baseline,2020,Mixed Grain Baseline,1709.4,39.9648866042116,34.96,45.96,65.0,18.5,62.12510206430244,19.064417882481045,15.919386208242662,6.5,51.95601857361764,4.5,1000.0,6460.27,Global_Kaggle_Baseline
Global Baseline,2020,Mixed Grain Baseline,1713.95,40.10749325418435,35.11,46.11,65.0,18.5,62.03826461194688,19.00759180185314,15.929088585653384,6.5,51.95316764945397,4.5,1000.0,6556.42,Global_Kaggle_Baseline
Global Baseline,2020,Mixed Grain Baseline,1707.99,39.9452740070949,34.95,45.95,65.0,18.5,61.98185846474273,18.953100901612963,15.93694045417264,6.5,51.79758535958584,4.5,1000.0,6394.56,Global_Kaggle_Baseline
Global Baseline,2020,Mixed Grain Baseline,1645.13,37.85661018828117,32.86,43.86,65.0,18.5,64.02956872597552,19.03432061496934,14.977794507948962,6.5,51.92555432562384,4.5,1000.0,6544.43,Global_Kaggle_Baseline
Global Baseline,2020,Mixed Grain Baseline,1720.77,39.16202581823256,34.16,45.16,65.0,18.5,70.0205419467232,20.06248822029856,16.013170238318956,6.5,70.19967537080355,4.5,1000.0,6686.49,Global_Kaggle_Baseline
Global Baseline,2020,Mixed Grain Baseline,1688.18,38.93861925296223,33.94,44.94,65.0,18.5,65.06610711031993,19.030776793748977,17.031200694748566,6.5,59.981111161745446,4.5,1000.0,6617.15,Global_Kaggle_Baseline
Global Baseline,2020,Mixed Grain Baseline,1710.29,38.84829773027639,33.85,44.85,65.0,18.5,70.12043816667028,20.16040094069753,15.88342253330547,6.5,70.05879506025848,4.5,1000.0,6624.06,Global_Kaggle_Baseline
Global Baseline,2020,Mixed Grain Baseline,1682.68,38.79218214412986,33.79,44.79,65.0,18.5,64.99100534563226,19.0093563829856,17.067130915123048,6.5,59.84286257814752,4.5,1000.0,6255.55,Global_Kaggle_Baseline
Global Baseline,2020,Mixed Grain Baseline,1708.07,39.93612241814148,34.94,45.94,65.0,18.5,62.0608603273135,18.99981568267872,16.049631328405006,6.5,51.91217660959856,4.5,1000.0,6358.88,Global_Kaggle_Baseline
Global Baseline,2020,Mixed Grain Baseline,1712.31,38.9095607428858,33.91,44.91,65.0,18.5,70.09534424042818,20.039878698505987,15.89198187796022,6.5,69.90484942596689,4.5,1000.0,6427.7,Global_Kaggle_Baseline
Global Baseline,2020,Mixed Grain Baseline,1691.08,39.04610520674509,34.05,45.05,65.0,18.5,64.892693229196,18.92132220309184,16.863177087801972,6.5,60.00029364760264,4.5,1000.0,6542.12,Global_Kaggle_Baseline
Global Baseline,2020,Mixed Grain Baseline,1683.02,38.782691169931766,33.78,44.78,65.0,18.5,65.12499384766052,19.038397751332347,17.012816297842775,6.5,60.03896614613208,4.5,1000.0,6562.22,Global_Kaggle_Baseline
Global Baseline,2020,Mixed Grain Baseline,1689.96,38.99159762008458,33.99,44.99,65.0,18.5,65.050041039871,19.00353707677446,16.90528252524926,6.5,60.1859084829986,4.5,1000.0,6471.63,Global_Kaggle_Baseline
Global Baseline,2020,Mixed Grain Baseline,1651.46,38.047811993093376,33.05,44.05,65.0,18.5,63.957147765727605,19.0665760664243,14.879173543495464,6.5,52.308635021000114,4.5,1000.0,6508.36,Global_Kaggle_Baseline
Global Baseline,2020,Mixed Grain Baseline,1693.4,39.088114028331226,34.09,45.09,65.0,18.5,65.06363019021883,19.09517712769989,16.962652504367735,6.5,59.98835640385919,4.5,1000.0,6466.31,Global_Kaggle_Baseline
Global Baseline,2020,Mixed Grain Baseline,1689.66,38.984079597577086,33.98,44.98,65.0,18.5,65.04292981303792,18.960393574779083,17.083707919276126,6.5,60.07333678483688,4.5,1000.0,6583.52,Global_Kaggle_Baseline
Global Baseline,2020,Mixed Grain Baseline,1717.78,39.07228114773724,34.07,45.07,65.0,18.5,70.05007186423116,20.14064267166072,15.983979125394937,6.5,70.18680069171563,4.5,1000.0,6649.71,Global_Kaggle_Baseline
Global Baseline,2020,Mixed Grain Baseline,1709.71,39.98629090509562,34.99,45.99,65.0,18.5,62.03846255998195,19.053309882720843,15.944630824400887,6.5,51.92496310536878,4.5,1000.0,6480.3,Global_Kaggle_Baseline
Global Baseline,2020,Mixed Grain Baseline,1709.87,40.01084776369287,35.01,46.01,65.0,18.5,61.898095133540224,19.00949624603117,15.953394190840676,6.5,52.01200609601237,4.5,1000.0,6485.45,Global_Kaggle_Baseline
Global Baseline,2020,Mixed Grain Baseline,1704.45,39.86775724246509,34.87,45.87,65.0,18.5,61.81525903997543,18.926534543275395,15.917114511048371,6.5,52.176896280712725,4.5,1000.0,6604.65,Global_Kaggle_Baseline
Global Baseline,2020,Mixed Grain Baseline,1720.73,39.13054067814841,34.13,45.13,65.0,18.5,70.23310830624587,19.93198689645176,15.992053163043089,6.5,69.94341776699164,4.5,1000.0,6322.22,Global_Kaggle_Baseline
Global Baseline,2020,Mixed Grain Baseline,1710.09,38.83106869228379,33.83,44.83,65.0,18.5,70.20095218762644,20.147694926707057,16.081659186875175,6.5,69.96735987113371,4.5,1000.0,6519.4,Global_Kaggle_Baseline
Global Baseline,2020,Mixed Grain Baseline,1708.45,39.95063803663884,34.95,45.95,65.0,18.5,62.03613063184184,19.02843957995264,16.041230110753915,6.5,52.20724434976981,4.5,1000.0,6403.84,Global_Kaggle_Baseline
Global Baseline,2020,Mixed Grain Baseline,1705.33,39.88181818043903,34.88,45.88,65.0,18.5,61.89352894439332,19.014355165671283,16.041777068615442,6.5,51.97055739406775,4.5,1000.0,6543.47,Global_Kaggle_Baseline
Global Baseline,2020,Mixed Grain Baseline,1686.0,38.87258730331447,33.87,44.87,65.0,18.5,65.09180787660215,19.151125126764303,17.018414348282157,6.5,60.06686783272367,4.5,1000.0,6515.92,Global_Kaggle_Baseline
Global Baseline,2020,Mixed Grain Baseline,1716.46,39.064093270047,34.06,45.06,65.0,18.5,69.843805532442,20.01865597323962,15.880122222186069,6.5,69.90142465826877,4.5,1000.0,6600.36,Global_Kaggle_Baseline
Global Baseline,2020,Mixed Grain Baseline,1685.77,38.89287313053335,33.89,44.89,65.0,18.5,64.90323541891789,19.12849177286652,17.15436665564024,6.5,59.91379680775416,4.5,1000.0,6314.23,Global_Kaggle_Baseline
Global Baseline,2020,Mixed Grain Baseline,1692.97,39.07981387409586,34.08,45.08,65.0,18.5,65.03484929702857,19.0699777366619,17.001577981661683,6.5,59.95498486037113,4.5,1000.0,6467.92,Global_Kaggle_Baseline
Global Baseline,2020,Mixed Grain Baseline,1652.01,38.04755848652832,33.05,44.05,65.0,18.5,64.0689726707442,18.908566660395355,15.05797340895465,6.5,52.06110126161808,4.5,1000.0,6430.97,Global_Kaggle_Baseline
Global Baseline,2020,Mixed Grain Baseline,1715.54,39.02075186922696,34.02,45.02,65.0,18.5,69.96249431772576,20.098916738767745,16.136427523118986,6.5,69.96533282951651,4.5,1000.0,6455.94,Global_Kaggle_Baseline
Global Baseline,2020,Mixed Grain Baseline,1708.08,39.92526189843417,34.93,45.93,65.0,18.5,62.13991767573218,19.00144142749138,15.891395597681878,6.5,52.1429986918377,4.5,1000.0,6383.48,Global_Kaggle_Baseline
Global Baseline,2020,Mixed Grain Baseline,1648.56,37.935573824652586,32.94,43.94,65.0,18.5,64.16276418042803,18.87502770048521,14.890140461909043,6.5,51.87452073274478,4.5,1000.0,6680.97,Global_Kaggle_Baseline
Global Baseline,2020,Mixed Grain Baseline,1718.56,39.11964202171478,34.12,45.12,65.0,18.5,69.87404732748776,19.97600140082958,16.008995826001513,6.5,70.01386663929534,4.5,1000.0,6763.8,Global_Kaggle_Baseline
Global Baseline,2020,Mixed Grain Baseline,1710.88,40.023572099738026,35.02,46.02,65.0,18.5,62.01019498894222,19.004689035538767,15.883028224597572,6.5,52.01993394177876,4.5,1000.0,6502.72,Global_Kaggle_Baseline
Global Baseline,2020,Mixed Grain Baseline,1709.2,39.97327896669168,34.97,45.97,65.0,18.5,62.02799860289844,19.010786825382887,15.90651109860964,6.5,51.92614060500937,4.5,1000.0,6539.72,Global_Kaggle_Baseline
Global Baseline,2020,Mixed Grain Baseline,1708.37,39.93885835475551,34.94,45.94,65.0,18.5,62.1025049543134,19.004402360714863,15.953799336159518,6.5,51.96240895177314,4.5,1000.0,6542.01,Global_Kaggle_Baseline
Global Baseline,2020,Mixed Grain Baseline,1713.11,40.115175150118056,35.12,46.12,65.0,18.5,61.81645043833887,19.101499998094187,16.04487180489747,6.5,52.08789488836624,4.5,1000.0,6554.84,Global_Kaggle_Baseline
Global Baseline,2020,Mixed Grain Baseline,1690.17,39.00696268791775,34.01,45.01,65.0,18.5,64.98465810153614,18.979223187646628,17.153960303582338,6.5,60.14954070442488,4.5,1000.0,6510.09,Global_Kaggle_Baseline
Global Baseline,2020,Mixed Grain Baseline,1712.49,40.043994559045935,35.04,46.04,65.0,18.5,62.19080647171611,19.18600940890306,16.090862295830398,6.5,51.91908071760534,4.5,1000.0,6359.33,Global_Kaggle_Baseline
Global Baseline,2020,Mixed Grain Baseline,1707.8,39.938870152697774,34.94,45.94,65.0,18.5,61.987193078540365,18.93056269810196,16.056364171005388,6.5,51.91599624340517,4.5,1000.0,6576.35,Global_Kaggle_Baseline
Global Baseline,2020,Mixed Grain Baseline,1711.06,38.90720513537088,33.91,44.91,65.0,18.5,69.86235594510399,19.95957412401204,16.034208867192422,6.5,70.10208673387994,4.5,1000.0,6597.32,Global_Kaggle_Baseline
Global Baseline,2020,Mixed Grain Baseline,1708.75,39.97054349970635,34.97,45.97,65.0,18.5,61.95627159202754,18.956576741858186,15.885020998467146,6.5,52.09833759194123,4.5,1000.0,6335.39,Global_Kaggle_Baseline
Global Baseline,2020,Mixed Grain Baseline,1713.66,38.98085740834579,33.98,44.98,65.0,18.5,69.86556596915833,20.09841472177903,15.917269629343584,6.5,70.12555770289079,4.5,1000.0,6476.95,Global_Kaggle_Baseline
Global Baseline,2020,Mixed Grain Baseline,1655.87,38.149947494325424,33.15,44.15,65.0,18.5,64.12455329993576,19.005062157497694,14.970225147528785,6.5,51.86494732058797,4.5,1000.0,6598.19,Global_Kaggle_Baseline
Global Baseline,2020,Mixed Grain Baseline,1691.58,39.06281830027177,34.06,45.06,65.0,18.5,64.87558170671332,19.10675507481449,16.90834903438952,6.5,60.26809377404723,4.5,1000.0,6526.92,Global_Kaggle_Baseline
Global Baseline,2020,Mixed Grain Baseline,1707.0,39.9378157509437,34.94,45.94,65.0,18.5,61.834862201937966,19.09160407040345,15.958175706442027,6.5,52.02963390058902,4.5,1000.0,6522.42,Global_Kaggle_Baseline
Global Baseline,2020,Mixed Grain Baseline,1653.66,38.11571667029023,33.12,44.12,65.0,18.5,63.92296898880138,19.042981665894917,15.103798605374331,6.5,52.022790900945886,4.5,1000.0,6511.31,Global_Kaggle_Baseline
Global Baseline,2020,Mixed Grain Baseline,1648.67,37.95463736725603,32.95,43.95,65.0,18.5,64.05176532281419,19.07661321951692,15.114858949059514,6.5,51.997461007122254,4.5,1000.0,6309.25,Global_Kaggle_Baseline
Global Baseline,2020,Mixed Grain Baseline,1689.1,38.98901690966341,33.99,44.99,65.0,18.5,64.8975405578326,18.943478305265906,17.006737988905638,6.5,60.09864009009471,4.5,1000.0,6494.02,Global_Kaggle_Baseline
Global Baseline,2020,Mixed Grain Baseline,1651.02,38.00262291251429,33.0,44.0,65.0,18.5,64.18546512662945,19.04973029293632,14.87598016426589,6.5,51.92274263179554,4.5,1000.0,6510.53,Global_Kaggle_Baseline
Global Baseline,2020,Mixed Grain Baseline,1712.48,38.93205305660427,33.93,44.93,65.0,18.5,69.97135887717288,20.16797990010723,16.116151420877472,6.5,70.00218608077753,4.5,1000.0,6421.51,Global_Kaggle_Baseline
Global Baseline,2020,Mixed Grain Baseline,1706.64,39.93764593564071,34.94,45.94,65.0,18.5,61.76501358952499,19.13110997175792,15.893356802474898,6.5,51.92517280803197,4.5,1000.0,6430.87,Global_Kaggle_Baseline
Global Baseline,2020,Mixed Grain Baseline,1650.19,38.02055171809198,33.02,44.02,65.0,18.5,63.89377029257751,18.884278225970597,14.984366338632311,6.5,51.82062019178332,4.5,1000.0,6374.76,Global_Kaggle_Baseline
Global Baseline,2020,Mixed Grain Baseline,1644.05,37.84980622213319,32.85,43.85,65.0,18.5,63.86186689621165,18.946776558258307,14.881961952712356,6.5,52.15963770682377,4.5,1000.0,6540.02,Global_Kaggle_Baseline
Global Baseline,2020,Mixed Grain Baseline,1711.63,40.04512303194845,35.05,46.05,65.0,18.5,62.00960407876063,19.09659269440048,16.00965686120314,6.5,52.01652915396172,4.5,1000.0,6571.44,Global_Kaggle_Baseline
Global Baseline,2020,Mixed Grain Baseline,1689.34,38.98087692920922,33.98,44.98,65.0,18.5,65.00127223501629,19.010579463744254,17.01274852711166,6.5,59.96472241384032,4.5,1000.0,6394.81,Global_Kaggle_Baseline
Global Baseline,2020,Mixed Grain Baseline,1648.58,37.949499448487344,32.95,43.95,65.0,18.5,64.06983413450621,19.03233851992918,15.011644670840369,6.5,51.936546973340704,4.5,1000.0,6495.61,Global_Kaggle_Baseline
Global Baseline,2020,Mixed Grain Baseline,1716.43,39.02863761479629,34.03,45.03,65.0,18.5,70.08583574012226,19.91917339242999,16.044465328851015,6.5,69.96676978274219,4.5,1000.0,6431.55,Global_Kaggle_Baseline
Global Baseline,2020,Mixed Grain Baseline,1694.86,39.127308709926645,34.13,45.13,65.0,18.5,65.08092570942819,18.982152478342154,16.89521063837947,6.5,60.09319892737473,4.5,1000.0,6436.68,Global_Kaggle_Baseline
Global Baseline,2020,Mixed Grain Baseline,1717.94,39.07841891123514,34.08,45.08,65.0,18.5,70.03848468587013,20.010495813302636,16.102964265019345,6.5,70.14500944867964,4.5,1000.0,6524.93,Global_Kaggle_Baseline
Global Baseline,2020,Mixed Grain Baseline,1710.9,40.023637208488175,35.02,46.02,65.0,18.5,62.01498767631434,18.94663367985139,15.993207463353,6.5,51.90263495650539,4.5,1000.0,6582.46,Global_Kaggle_Baseline
Global Baseline,2020,Mixed Grain Baseline,1708.1,39.94354141648133,34.94,45.94,65.0,18.5,62.01516658161914,19.04468635423636,16.026804524022804,6.5,52.12272443820749,4.5,1000.0,6624.31,Global_Kaggle_Baseline
Global Baseline,2020,Mixed Grain Baseline,1646.44,37.91139499493993,32.91,43.91,65.0,18.5,63.90760482663045,18.984477320382396,14.98326351288568,6.5,52.1055362897089,4.5,1000.0,6533.29,Global_Kaggle_Baseline
Global Baseline,2020,Mixed Grain Baseline,1652.95,38.07140612089143,33.07,44.07,65.0,18.5,64.09078421030804,19.208803381437235,14.9501914193635,6.5,52.03900198567318,4.5,1000.0,6469.52,Global_Kaggle_Baseline
Global Baseline,2020,Mixed Grain Baseline,1650.42,38.02039760276429,33.02,44.02,65.0,18.5,63.94102551471807,18.939000930377816,14.914705996515876,6.5,52.06388107810303,4.5,1000.0,6420.4,Global_Kaggle_Baseline
Global Baseline,2020,Mixed Grain Baseline,1689.28,38.99951176029138,34.0,45.0,65.0,18.5,64.85940267264807,18.89332100152642,17.03395728634991,6.5,60.04467462660927,4.5,1000.0,6629.15,Global_Kaggle_Baseline
Global Baseline,2020,Mixed Grain Baseline,1684.92,38.85479249229808,33.85,44.85,65.0,18.5,65.00049550719274,19.142286245176308,17.044283716479764,6.5,60.02530502414597,4.5,1000.0,6542.53,Global_Kaggle_Baseline
Global Baseline,2020,Mixed Grain Baseline,1649.22,37.969725825402335,32.97,43.97,65.0,18.5,64.05511003838507,18.99989743261392,14.905461147017611,6.5,51.96316703084391,4.5,1000.0,6497.94,Global_Kaggle_Baseline
Global Baseline,2020,Mixed Grain Baseline,1712.27,38.92533888723592,33.93,44.93,65.0,18.5,69.9773933494035,19.97522535523568,15.791172513093612,6.5,70.07884592522376,4.5,1000.0,6420.17,Global_Kaggle_Baseline
Global Baseline,2020,Mixed Grain Baseline,1713.34,38.96031650378122,33.96,44.96,65.0,18.5,69.94645504573424,20.061231074011395,15.998384494785642,6.5,69.83294623276254,4.5,1000.0,6541.88,Global_Kaggle_Baseline
Global Baseline,2020,Mixed Grain Baseline,1713.67,38.98573192973152,33.99,44.99,65.0,18.5,69.83392241229285,19.94748772269386,16.0655146524792,6.5,69.79861941071194,4.5,1000.0,6478.39,Global_Kaggle_Baseline
Global Baseline,2020,Mixed Grain Baseline,1718.54,39.1128901970002,34.11,45.11,65.0,18.5,69.9176201874692,19.939534520998848,16.00544289052908,6.5,70.05746478960882,4.5,1000.0,6476.83,Global_Kaggle_Baseline
Global Baseline,2020,Mixed Grain Baseline,1689.51,38.97053630349792,33.97,44.97,65.0,18.5,65.10866072765546,18.87096206546611,16.92810041532702,6.5,59.88557491359352,4.5,1000.0,6476.32,Global_Kaggle_Baseline
Global Baseline,2020,Mixed Grain Baseline,1692.77,39.08411424811163,34.08,45.08,65.0,18.5,64.96550386301905,18.987812141035626,16.96557775000642,6.5,60.086222689032006,4.5,1000.0,6439.55,Global_Kaggle_Baseline
Global Baseline,2020,Mixed Grain Baseline,1648.81,37.97024537794209,32.97,43.97,65.0,18.5,63.97112052254769,19.194018273949855,15.044241036245626,6.5,51.91875454163973,4.5,1000.0,6521.85,Global_Kaggle_Baseline
Global Baseline,2020,Mixed Grain Baseline,1600.0,37.0,32.0,43.0,65.0,18.5,61.0,21.0,18.0,6.5,58.0,4.5,1000.0,7500.0,Global_Kaggle_Baseline
Global Baseline,2020,Mixed Grain Baseline,1735.0,40.0,35.0,46.0,65.0,18.5,67.0,18.0,16.0,6.5,59.0,4.5,1000.0,7500.0,Global_Kaggle_Baseline
Global Baseline,2020,Mixed Grain Baseline,1705.0,39.0,34.0,45.0,65.0,18.5,68.0,19.0,16.0,6.5,58.0,4.5,1000.0,7500.0,Global_Kaggle_Baseline
Global Baseline,2020,Mixed Grain Baseline,1690.0,39.0,34.0,45.0,65.0,18.5,65.0,21.0,19.0,6.5,65.0,4.5,1000.0,7500.0,Global_Kaggle_Baseline
Global Baseline,2020,Mixed Grain Baseline,1703.98,38.97279307910533,33.97,44.97,65.0,18.5,67.9858851396491,19.094052146434542,15.946968358080788,6.5,57.895959582345526,4.5,1000.0,7548.66,Global_Kaggle_Baseline
Global Baseline,2020,Mixed Grain Baseline,1599.24,36.98186206914327,31.98,42.98,65.0,18.5,60.97461254370265,21.001024115753733,18.044806400338327,6.5,58.198140420395006,4.5,1000.0,7326.3,Global_Kaggle_Baseline
Global Baseline,2020,Mixed Grain Baseline,1728.34,39.82042626255689,34.82,45.82,65.0,18.5,66.9256678528293,18.05258469984114,16.067891481803223,6.5,58.931923290685226,4.5,1000.0,7460.32,Global_Kaggle_Baseline
Global Baseline,2020,Mixed Grain Baseline,1687.03,38.90871961542071,33.91,44.91,65.0,18.5,65.04400581754162,20.944373043749,19.032497174381948,6.5,65.14677870923457,4.5,1000.0,7574.87,Global_Kaggle_Baseline
Global Baseline,2020,Mixed Grain Baseline,1602.3,37.03857192261382,32.04,43.04,65.0,18.5,61.19090948903251,21.005511277749147,18.022765093088367,6.5,58.01287390726351,4.5,1000.0,7356.83,Global_Kaggle_Baseline
Global Baseline,2020,Mixed Grain Baseline,1696.39,39.173495456908135,34.17,45.17,65.0,18.5,65.06382083918903,21.11408912737129,18.98257715127444,6.5,64.90247491216533,4.5,1000.0,7473.65,Global_Kaggle_Baseline
Global Baseline,2020,Mixed Grain Baseline,1688.19,38.97579250229778,33.98,44.98,65.0,18.5,64.80667055612923,21.17963926852353,19.00587537421293,6.5,65.04504866858608,4.5,1000.0,7660.58,Global_Kaggle_Baseline
Global Baseline,2020,Mixed Grain Baseline,1690.01,38.977089980705095,33.98,44.98,65.0,18.5,65.16203511367999,21.05029459513633,18.8405908649075,6.5,64.86280015644226,4.5,1000.0,7524.01,Global_Kaggle_Baseline
Global Baseline,2020,Mixed Grain Baseline,1736.47,40.041114101446446,35.04,46.04,65.0,18.5,67.00672112507132,17.990847439596116,16.048011458737076,6.5,59.059494881740825,4.5,1000.0,7536.66,Global_Kaggle_Baseline
Global Baseline,2020,Mixed Grain Baseline,1704.78,38.989919473508486,33.99,44.99,65.0,18.5,68.02659407206335,19.06245208898248,16.084219798679705,6.5,58.00269569697906,4.5,1000.0,7657.85,Global_Kaggle_Baseline
Global Baseline,2020,Mixed Grain Baseline,1595.14,36.89141353562652,31.89,42.89,65.0,18.5,60.787208902244295,21.03082866433365,18.038271924313538,6.5,58.08736442240379,4.5,1000.0,7551.8,Global_Kaggle_Baseline
Global Baseline,2020,Mixed Grain Baseline,1600.92,37.038741073196256,32.04,43.04,65.0,18.5,60.91266488084145,21.044884908172456,18.10169800282913,6.5,57.77866732704227,4.5,1000.0,7602.92,Global_Kaggle_Baseline
Global Baseline,2020,Mixed Grain Baseline,1735.62,40.033222544224174,35.03,46.03,65.0,18.5,66.89140465921756,18.02861469352372,15.99081199887656,6.5,58.97287992518885,4.5,1000.0,7556.76,Global_Kaggle_Baseline
Global Baseline,2020,Mixed Grain Baseline,1695.13,39.16011624283437,34.16,45.16,65.0,18.5,64.90554220618063,20.944644866575807,19.20460492377111,6.5,64.88004462478891,4.5,1000.0,7401.43,Global_Kaggle_Baseline
Global Baseline,2020,Mixed Grain Baseline,1687.14,38.93444256783871,33.93,44.93,65.0,18.5,64.88603669386971,20.8716897078672,18.979917672590904,6.5,65.01729710248266,4.5,1000.0,7468.94,Global_Kaggle_Baseline
Global Baseline,2020,Mixed Grain Baseline,1732.42,39.921395514674415,34.92,45.92,65.0,18.5,67.03327173295644,17.88538909388125,15.985470511433643,6.5,58.75598661815312,4.5,1000.0,7329.36,Global_Kaggle_Baseline
Global Baseline,2020,Mixed Grain Baseline,1691.63,39.06273007510062,34.06,45.06,65.0,18.5,64.88639362741615,21.08472639241324,19.19183068234265,6.5,65.06627034439876,4.5,1000.0,7385.93,Global_Kaggle_Baseline
Global Baseline,2020,Mixed Grain Baseline,1733.38,39.95116753604467,34.95,45.95,65.0,18.5,67.01847363163907,17.990432876024283,15.967702577128492,6.5,59.03074182235215,4.5,1000.0,7562.66,Global_Kaggle_Baseline
Global Baseline,2020,Mixed Grain Baseline,1725.77,39.75311165332966,34.75,45.75,65.0,18.5,66.88256289833481,18.054416919232217,15.949695944806615,6.5,59.032994792022926,4.5,1000.0,7538.09,Global_Kaggle_Baseline
Global Baseline,2020,Mixed Grain Baseline,1688.11,38.93956254665647,33.94,44.94,65.0,18.5,65.0448931090661,20.933907231414555,19.194823839987254,6.5,65.01389344117008,4.5,1000.0,7663.16,Global_Kaggle_Baseline
Global Baseline,2020,Mixed Grain Baseline,1606.38,37.18249247675048,32.18,43.18,65.0,18.5,60.99885934495578,20.921864583124623,17.975419986742967,6.5,58.04269830570869,4.5,1000.0,7525.97,Global_Kaggle_Baseline
Global Baseline,2020,Mixed Grain Baseline,1705.23,39.01195016958759,34.01,45.01,65.0,18.5,67.96170049947827,18.955410326666744,15.949882938237582,6.5,57.95580992276326,4.5,1000.0,7376.89,Global_Kaggle_Baseline
Global Baseline,2020,Mixed Grain Baseline,1732.64,39.93979601319465,34.94,45.94,65.0,18.5,66.94958659461297,18.04790834286521,16.02710629083905,6.5,59.00229069869691,4.5,1000.0,7456.05,Global_Kaggle_Baseline
Global Baseline,2020,Mixed Grain Baseline,1690.0,38.98491215293082,33.98,44.98,65.0,18.5,65.10512423269495,21.070418430936435,18.91672809675196,6.5,65.0860799574957,4.5,1000.0,7473.07,Global_Kaggle_Baseline
Global Baseline,2020,Mixed Grain Baseline,1728.84,39.826446414853294,34.83,45.83,65.0,18.5,66.98249412712626,17.990411092778267,15.918167991783095,6.5,59.009224724682845,4.5,1000.0,7610.95,Global_Kaggle_Baseline
Global Baseline,2020,Mixed Grain Baseline,1597.65,36.9192484333778,31.92,42.92,65.0,18.5,61.09562655789001,21.00138857398307,18.04095034747796,6.5,58.04745576752348,4.5,1000.0,7456.13,Global_Kaggle_Baseline
Global Baseline,2020,Mixed Grain Baseline,1601.33,37.03949059508624,32.04,43.04,65.0,18.5,60.989748040836304,21.044507493917624,17.962195142404614,6.5,58.18344247731907,4.5,1000.0,7441.36,Global_Kaggle_Baseline
Global Baseline,2020,Mixed Grain Baseline,1731.77,39.90808846730136,34.91,45.91,65.0,18.5,66.99799449033557,18.049065073449714,16.163045928353306,6.5,59.11023725511856,4.5,1000.0,7537.76,Global_Kaggle_Baseline
Global Baseline,2020,Mixed Grain Baseline,1704.35,38.97900616178653,33.98,44.98,65.0,18.5,68.01679844408721,18.978894417010743,15.929173524816642,6.5,57.963206726484906,4.5,1000.0,7536.33,Global_Kaggle_Baseline
Global Baseline,2020,Mixed Grain Baseline,1703.68,38.95195835095418,33.95,44.95,65.0,18.5,68.07207176961583,18.892269799093164,16.08849302567007,6.5,57.803980417635,4.5,1000.0,7416.89,Global_Kaggle_Baseline
Global Baseline,2020,Mixed Grain Baseline,1738.78,40.11132711444112,35.11,46.11,65.0,18.5,66.97670106561397,17.911329227635637,15.757224753442223,6.5,58.92879972425623,4.5,1000.0,7536.53,Global_Kaggle_Baseline
Global Baseline,2020,Mixed Grain Baseline,1685.99,38.90868588790258,33.91,44.91,65.0,18.5,64.83785756278542,21.02938559301576,18.956495833429287,6.5,64.98896132512982,4.5,1000.0,7639.26,Global_Kaggle_Baseline
Global Baseline,2020,Mixed Grain Baseline,1731.57,39.87940040386574,34.88,45.88,65.0,18.5,67.15897359789656,17.769690400971175,15.873712987742584,6.5,58.86643106216861,4.5,1000.0,7456.47,Global_Kaggle_Baseline
Global Baseline,2020,Mixed Grain Baseline,1603.05,37.09614499692753,32.1,43.1,65.0,18.5,60.93720020001056,20.924137068217345,18.121617722136797,6.5,57.943026351970566,4.5,1000.0,7574.12,Global_Kaggle_Baseline
Global Baseline,2020,Mixed Grain Baseline,1696.95,39.1903293035559,34.19,45.19,65.0,18.5,65.05701619697298,21.0235736843508,19.099732222885223,6.5,65.08078259073996,4.5,1000.0,7385.93,Global_Kaggle_Baseline
Global Baseline,2020,Mixed Grain Baseline,1690.36,39.00972663329775,34.01,45.01,65.0,18.5,65.00441558739226,20.953634989300536,18.91159771558635,6.5,65.01251992894431,4.5,1000.0,7539.79,Global_Kaggle_Baseline
Global Baseline,2020,Mixed Grain Baseline,1738.26,40.089507817591176,35.09,46.09,65.0,18.5,67.02470108632012,18.036497063016807,16.00510990180959,6.5,58.88694469917436,4.5,1000.0,7425.78,Global_Kaggle_Baseline
Global Baseline,2020,Mixed Grain Baseline,1729.19,39.81753768234357,34.82,45.82,65.0,18.5,67.11440963976004,18.10487714961215,16.11627221978922,6.5,58.97254948171599,4.5,1000.0,7311.08,Global_Kaggle_Baseline
Global Baseline,2020,Mixed Grain Baseline,1706.01,39.01994528842091,34.02,45.02,65.0,18.5,68.06198045074258,19.14705045905998,15.964209498754029,6.5,58.04686619766384,4.5,1000.0,7566.61,Global_Kaggle_Baseline
Global Baseline,2020,Mixed Grain Baseline,1595.28,36.83861610367445,31.84,42.84,65.0,18.5,61.18658302061011,21.15547175120864,18.009816267094497,6.5,57.91997509263466,4.5,1000.0,7477.53,Global_Kaggle_Baseline
Global Baseline,2020,Mixed Grain Baseline,1680.85,38.72662134964908,33.73,44.73,65.0,18.5,65.08430387110457,21.035628661391826,18.97302599491528,6.5,65.15693243908562,4.5,1000.0,7409.16,Global_Kaggle_Baseline
Global Baseline,2020,Mixed Grain Baseline,1726.52,39.76325154312076,34.76,45.76,65.0,18.5,66.96090082005209,17.796273355047138,16.01667880150711,6.5,58.96629041427286,4.5,1000.0,7377.8,Global_Kaggle_Baseline
Global Baseline,2020,Mixed Grain Baseline,1596.78,36.91503234685555,31.92,42.92,65.0,18.5,60.95134855969948,21.082929510947583,17.769065346958214,6.5,58.10269642454398,4.5,1000.0,7484.02,Global_Kaggle_Baseline
Global Baseline,2020,Mixed Grain Baseline,1689.92,38.99241536395224,33.99,44.99,65.0,18.5,65.03656556829,20.997333160721382,19.082605079495107,6.5,65.05294960322723,4.5,1000.0,7632.22,Global_Kaggle_Baseline
Global Baseline,2020,Mixed Grain Baseline,1600.33,37.02697015872145,32.03,43.03,65.0,18.5,60.876364463166894,20.941029767610036,17.945871009491427,6.5,57.98000426525642,4.5,1000.0,7344.98,Global_Kaggle_Baseline
Global Baseline,2020,Mixed Grain Baseline,1602.95,37.098536525840025,32.1,43.1,65.0,18.5,60.89953342480984,21.02370821305089,17.99981066865848,6.5,58.01124570722941,4.5,1000.0,7509.82,Global_Kaggle_Baseline
Global Baseline,2020,Mixed Grain Baseline,1696.57,39.18127762294292,34.18,45.18,65.0,18.5,65.04488005533082,20.93219478985529,18.99741268606018,6.5,64.77937973556133,4.5,1000.0,7438.91,Global_Kaggle_Baseline
Global Baseline,2020,Mixed Grain Baseline,1604.37,37.13446368667434,32.13,43.13,65.0,18.5,60.93193581667728,21.018773943403943,18.1126673777123,6.5,57.8186546575612,4.5,1000.0,7485.28,Global_Kaggle_Baseline
Global Baseline,2020,Mixed Grain Baseline,1737.83,40.08147489943704,35.08,46.08,65.0,18.5,66.99479815252587,17.821226433654573,16.109379278185855,6.5,59.13062248432384,4.5,1000.0,7368.99,Global_Kaggle_Baseline
Global Baseline,2020,Mixed Grain Baseline,1732.99,39.92814445215451,34.93,45.93,65.0,18.5,67.10149017262907,17.95358652446373,15.88898229655123,6.5,58.8712204461557,4.5,1000.0,7636.53,Global_Kaggle_Baseline
Global Baseline,2020,Mixed Grain Baseline,1738.08,40.07282058152936,35.07,46.07,65.0,18.5,67.10652866958425,18.02423167140815,15.996952692219407,6.5,58.88616393002506,4.5,1000.0,7630.89,Global_Kaggle_Baseline
Global Baseline,2020,Mixed Grain Baseline,1593.71,36.8027940618621,31.8,42.8,65.0,18.5,61.12297610595295,20.853578099375262,18.018968506269317,6.5,58.28902982992469,4.5,1000.0,7646.47,Global_Kaggle_Baseline
Global Baseline,2020,Mixed Grain Baseline,1705.61,39.00921204049678,34.01,45.01,65.0,18.5,68.05702774596253,19.05273624203129,15.972657675679145,6.5,57.93961175088559,4.5,1000.0,7541.33,Global_Kaggle_Baseline
Global Baseline,2020,Mixed Grain Baseline,1710.48,39.16493877650309,34.16,45.16,65.0,18.5,67.94076574388522,19.22398554733016,16.040248443250206,6.5,58.06309518527807,4.5,1000.0,7505.89,Global_Kaggle_Baseline
Global Baseline,2020,Mixed Grain Baseline,1705.23,39.02556042123178,34.03,45.03,65.0,18.5,67.86698446239797,18.918492769749243,16.12604773909979,6.5,57.78567778875651,4.5,1000.0,7457.23,Global_Kaggle_Baseline
Global Baseline,2020,Mixed Grain Baseline,1734.59,40.005823784437,35.01,46.01,65.0,18.5,66.87750747050681,18.045451917385623,16.08750443796389,6.5,59.12532401020091,4.5,1000.0,7365.54,Global_Kaggle_Baseline
Global Baseline,2020,Mixed Grain Baseline,1691.58,39.0544176464143,34.05,45.05,65.0,18.5,64.93484611912996,20.99708670523742,18.793464165908052,6.5,65.11655037822703,4.5,1000.0,7654.25,Global_Kaggle_Baseline
Global Baseline,2020,Mixed Grain Baseline,1594.91,36.85237620785392,31.85,42.85,65.0,18.5,61.01520225915453,21.10076977446688,18.031354092057995,6.5,57.95417916013396,4.5,1000.0,7579.25,Global_Kaggle_Baseline
Global Baseline,2020,Mixed Grain Baseline,1699.59,38.84803493348883,33.85,44.85,65.0,18.5,67.9824499692384,18.93235690552244,15.950042729370612,6.5,58.05197277996507,4.5,1000.0,7372.89,Global_Kaggle_Baseline
Global Baseline,2020,Mixed Grain Baseline,1692.93,39.098563985186345,34.1,45.1,65.0,18.5,64.89591726345691,21.21537371439865,19.158926854566545,6.5,65.03319227139811,4.5,1000.0,7276.2,Global_Kaggle_Baseline
Global Baseline,2020,Mixed Grain Baseline,1599.79,36.97556713473824,31.98,42.98,65.0,18.5,61.12828779477202,20.985589825128176,18.167210615129967,6.5,57.88830647980468,4.5,1000.0,7556.81,Global_Kaggle_Baseline
Global Baseline,2020,Mixed Grain Baseline,1688.99,38.98367119499337,33.98,44.98,65.0,18.5,64.91196602298565,21.06247606671602,19.009010186369835,6.5,64.89904499614259,4.5,1000.0,7348.08,Global_Kaggle_Baseline
Global Baseline,2020,Mixed Grain Baseline,1739.18,40.09968876038984,35.1,46.1,65.0,18.5,67.13757044054162,17.912241165303605,16.08534601524848,6.5,59.03942620622755,4.5,1000.0,7598.26,Global_Kaggle_Baseline
Global Baseline,2020,Mixed Grain Baseline,1711.02,39.15593125929069,34.16,45.16,65.0,18.5,68.11226748281726,19.01157964660285,15.9140563020684,6.5,58.08176545443923,4.5,1000.0,7628.28,Global_Kaggle_Baseline
Global Baseline,2020,Mixed Grain Baseline,1692.4,39.09174266909834,34.09,45.09,65.0,18.5,64.83831284384958,20.999697040996445,18.99745100534884,6.5,64.88582412851147,4.5,1000.0,7437.55,Global_Kaggle_Baseline
Global Baseline,2020,Mixed Grain Baseline,1704.8,38.96791523396446,33.97,44.97,65.0,18.5,68.18514930948928,19.059740747950084,15.995706252856198,6.5,58.05207054964738,4.5,1000.0,7472.2,Global_Kaggle_Baseline
Global Baseline,2020,Mixed Grain Baseline,1693.74,39.10256033709332,34.1,45.1,65.0,18.5,65.03082666843304,21.040320799633424,19.067208395301897,6.5,64.82420804177173,4.5,1000.0,7563.7,Global_Kaggle_Baseline
Global Baseline,2020,Mixed Grain Baseline,1732.54,39.914993474060246,34.91,45.91,65.0,18.5,67.10263931536782,18.13488759618086,16.179578956879066,6.5,59.10528307539639,4.5,1000.0,7516.67,Global_Kaggle_Baseline
Global Baseline,2020,Mixed Grain Baseline,1699.7,39.27008308077756,34.27,45.27,65.0,18.5,65.04996723739374,20.969338920052785,18.791365365929828,6.5,64.925929089654,4.5,1000.0,7369.3,Global_Kaggle_Baseline
Global Baseline,2020,Mixed Grain Baseline,1601.06,37.018618622201146,32.02,43.02,65.0,18.5,61.082439482094784,20.69548833808544,18.22249951804481,6.5,58.10257289139364,4.5,1000.0,7370.63,Global_Kaggle_Baseline
Global Baseline,2020,Mixed Grain Baseline,1606.52,37.1898648123017,32.19,43.19,65.0,18.5,60.9751098115757,20.89071276269232,17.937618427175128,6.5,58.11552181450379,4.5,1000.0,7554.35,Global_Kaggle_Baseline
Global Baseline,2020,Mixed Grain Baseline,1700.7,38.88015578810512,33.88,44.88,65.0,18.5,67.9791231971718,19.002986715711984,16.026957741058162,6.5,57.85480968280081,4.5,1000.0,7447.33,Global_Kaggle_Baseline
Global Baseline,2020,Mixed Grain Baseline,1736.83,40.03647652742335,35.04,46.04,65.0,18.5,67.10999266609494,17.88085240220863,16.10429340773674,6.5,59.124350121416974,4.5,1000.0,7486.47,Global_Kaggle_Baseline
Global Baseline,2020,Mixed Grain Baseline,1600.17,36.99234072771424,31.99,42.99,65.0,18.5,61.08677780469213,21.1365511422801,17.971625668314697,6.5,58.11994128174001,4.5,1000.0,7339.42,Global_Kaggle_Baseline
Global Baseline,2020,Mixed Grain Baseline,1605.21,37.125222400226,32.13,43.13,65.0,18.5,61.16559735274016,21.10042690640333,18.160585823110527,6.5,57.92505796645791,4.5,1000.0,7317.9,Global_Kaggle_Baseline
Global Baseline,2020,Mixed Grain Baseline,1728.34,39.825545957077296,34.83,45.83,65.0,18.5,66.88891566889498,18.132149932749147,15.970138492359036,6.5,59.02583813372272,4.5,1000.0,7558.13,Global_Kaggle_Baseline
Global Baseline,2020,Mixed Grain Baseline,1712.72,39.239269167574285,34.24,45.24,65.0,18.5,67.86964761694198,19.12130833718435,16.041893248829304,6.5,58.11018426263009,4.5,1000.0,7380.09,Global_Kaggle_Baseline
Global Baseline,2020,Mixed Grain Baseline,1599.07,36.96520031862717,31.97,42.97,65.0,18.5,61.0573257571981,21.11461121413409,17.869540964955405,6.5,57.95943649078809,4.5,1000.0,7312.64,Global_Kaggle_Baseline
Global Baseline,2020,Mixed Grain Baseline,1733.97,39.97929182013543,34.98,45.98,65.0,18.5,66.93890161450122,18.099885059469702,16.108910583355414,6.5,59.16343302690999,4.5,1000.0,7580.81,Global_Kaggle_Baseline
Global Baseline,2020,Mixed Grain Baseline,1693.36,39.07731910870628,34.08,45.08,65.0,18.5,65.13100492885812,21.108759891379787,19.030447226363247,6.5,64.982307679618,4.5,1000.0,7370.72,Global_Kaggle_Baseline
Global Baseline,2020,Mixed Grain Baseline,1735.45,40.03163262522665,35.03,46.03,65.0,18.5,66.86947847960613,18.032121116992094,15.829356474886533,6.5,58.93272858286242,4.5,1000.0,7507.86,Global_Kaggle_Baseline
Global Baseline,2020,Mixed Grain Baseline,1710.17,39.17933651204265,34.18,45.18,65.0,18.5,67.77947934417523,19.000471798908865,16.059258504835885,6.5,58.23651005948263,4.5,1000.0,7500.21,Global_Kaggle_Baseline
Global Baseline,2020,Mixed Grain Baseline,1599.36,36.9734155784293,31.97,42.97,65.0,18.5,61.058278695787486,20.97825172676117,17.83432212062651,6.5,58.02042941155765,4.5,1000.0,7416.06,Global_Kaggle_Baseline
Global Baseline,2020,Mixed Grain Baseline,1733.44,39.951463143374575,34.95,45.95,65.0,18.5,67.02809369052737,18.03388222542024,16.02812246226915,6.5,59.02851060151848,4.5,1000.0,7438.17,Global_Kaggle_Baseline
Global Baseline,2020,Mixed Grain Baseline,1729.25,39.86278520076105,34.86,45.86,65.0,18.5,66.80999865003572,18.097043743617014,16.002815500144106,6.5,58.967085765605546,4.5,1000.0,7556.55,Global_Kaggle_Baseline
Global Baseline,2020,Mixed Grain Baseline,1601.44,37.03989674536143,32.04,43.04,65.0,18.5,61.00882656407257,20.93577783400506,17.997104227910686,6.5,57.897380500643855,4.5,1000.0,7397.85,Global_Kaggle_Baseline
Global Baseline,2020,Mixed Grain Baseline,1700.62,38.88224310250301,33.88,44.88,65.0,18.5,67.94880765797109,18.984120976401535,16.281968644187206,6.5,58.06291244556996,4.5,1000.0,7510.11,Global_Kaggle_Baseline
Global Baseline,2020,Mixed Grain Baseline,1698.73,38.82357365398055,33.82,44.82,65.0,18.5,67.98024996985387,19.112460195324395,16.003353093935086,6.5,57.95551102469479,4.5,1000.0,7383.48,Global_Kaggle_Baseline
Global Baseline,2020,Mixed Grain Baseline,1599.63,36.98168591270967,31.98,42.98,65.0,18.5,61.054759418561794,21.06372635187878,18.0897859799261,6.5,58.01398903158959,4.5,1000.0,7511.77,Global_Kaggle_Baseline
Global Baseline,2020,Mixed Grain Baseline,1598.19,36.9411730208521,31.94,42.94,65.0,18.5,61.04959923288381,20.953418679110623,18.00181112772339,6.5,58.099416266542285,4.5,1000.0,7563.01,Global_Kaggle_Baseline
Global Baseline,2020,Mixed Grain Baseline,1732.14,39.92174092086235,34.92,45.92,65.0,18.5,66.97496210260337,17.919160293257534,16.186252363315273,6.5,58.96332631939774,4.5,1000.0,7583.91,Global_Kaggle_Baseline
Global Baseline,2020,Mixed Grain Baseline,1707.63,39.07390380678406,34.07,45.07,65.0,18.5,68.00901564986921,18.78260725016714,15.84108507713364,6.5,58.09127846071622,4.5,1000.0,7471.81,Global_Kaggle_Baseline
Global Baseline,2020,Mixed Grain Baseline,1725.2,39.74038643237698,34.74,45.74,65.0,18.5,66.85678849331825,17.892388427421206,16.084241927364236,6.5,58.95125188027232,4.5,1000.0,7397.28,Global_Kaggle_Baseline
Global Baseline,2020,Mixed Grain Baseline,1598.11,36.95867662943295,31.96,42.96,65.0,18.5,60.91136753737936,20.974065635750588,17.893855945710985,6.5,57.92652244419854,4.5,1000.0,7445.28,Global_Kaggle_Baseline
Global Baseline,2020,Mixed Grain Baseline,1707.49,39.0648750511529,34.06,45.06,65.0,18.5,68.04370630281382,18.830200707097852,15.931360101114551,6.5,57.93973401143306,4.5,1000.0,7632.46,Global_Kaggle_Baseline
Global Baseline,2020,Mixed Grain Baseline,1706.95,39.05239420610865,34.05,45.05,65.0,18.5,68.02324491405626,18.96503837883945,15.858547343485098,6.5,57.927711643327406,4.5,1000.0,7590.25,Global_Kaggle_Baseline
Global Baseline,2020,Mixed Grain Baseline,1685.36,38.89078752210509,33.89,44.89,65.0,18.5,64.83569761098309,21.03371536619864,19.07628323374714,6.5,65.0332093051647,4.5,1000.0,7387.46,Global_Kaggle_Baseline
Global Baseline,2020,Mixed Grain Baseline,1739.22,40.12534577090346,35.13,46.13,65.0,18.5,66.96747502588325,17.947084518142333,15.765647499715532,6.5,58.99340472361887,4.5,1000.0,7531.09,Global_Kaggle_Baseline
Global Baseline,2020,Mixed Grain Baseline,1595.75,36.86029676146163,31.86,42.86,65.0,18.5,61.126984686356,20.872733496785248,17.895841063391767,6.5,57.992379456064285,4.5,1000.0,7480.58,Global_Kaggle_Baseline
Global Baseline,2020,Mixed Grain Baseline,1704.82,38.98729687398426,33.99,44.99,65.0,18.5,68.05335072170095,19.17219515896227,15.93014640381035,6.5,58.018798247439975,4.5,1000.0,7551.14,Global_Kaggle_Baseline
Global Baseline,2020,Mixed Grain Baseline,1732.49,39.948483295588936,34.95,45.95,65.0,18.5,66.85942794633588,17.860825670914263,16.069610344223097,6.5,59.04859527181081,4.5,1000.0,7521.1,Global_Kaggle_Baseline
Global Baseline,2020,Mixed Grain Baseline,1744.11,40.27248002454996,35.27,46.27,65.0,18.5,66.91371330813365,18.012672384334124,16.042341802840465,6.5,58.878354062988215,4.5,1000.0,7493.38,Global_Kaggle_Baseline
Global Baseline,2020,Mixed Grain Baseline,1598.59,36.950700358370725,31.95,42.95,65.0,18.5,61.06384962471163,20.89832662110938,18.00348265933885,6.5,57.91728754874747,4.5,1000.0,7574.78,Global_Kaggle_Baseline
Global Baseline,2020,Mixed Grain Baseline,1596.27,36.88423060370895,31.88,42.88,65.0,18.5,61.06356063138709,21.07556341482062,17.86772228169047,6.5,58.01442319054074,4.5,1000.0,7541.82,Global_Kaggle_Baseline
Global Baseline,2020,Mixed Grain Baseline,1742.63,40.20627246734868,35.21,46.21,65.0,18.5,67.08248911956719,18.02946677281288,16.047330740393793,6.5,58.94211873236965,4.5,1000.0,7488.25,Global_Kaggle_Baseline
Global Baseline,2020,Mixed Grain Baseline,1607.3,37.19037758164276,32.19,43.19,65.0,18.5,61.12720871627349,21.05749759178263,18.07469044689365,6.5,58.05838577182823,4.5,1000.0,7443.68,Global_Kaggle_Baseline
Global Baseline,2020,Mixed Grain Baseline,1601.65,37.051614166171646,32.05,43.05,65.0,18.5,60.96947999131872,20.988550830126176,18.13510540293886,6.5,58.17823271354546,4.5,1000.0,7465.85,Global_Kaggle_Baseline
Global Baseline,2020,Mixed Grain Baseline,1605.15,37.13918078285633,32.14,43.14,65.0,18.5,61.05565907525871,20.93977739802189,18.12282093938791,6.5,57.90837958208582,4.5,1000.0,7341.94,Global_Kaggle_Baseline
Global Baseline,2020,Mixed Grain Baseline,1698.86,39.24214316663272,34.24,45.24,65.0,18.5,65.0778587393685,20.85956663787273,18.97787414535384,6.5,64.94805816607052,4.5,1000.0,7518.58,Global_Kaggle_Baseline
Global Baseline,2020,Mixed Grain Baseline,1700.85,38.90805530201191,33.91,44.91,65.0,18.5,67.81449363754798,18.835937426672505,15.812588503181104,6.5,58.01009018294592,4.5,1000.0,7455.6,Global_Kaggle_Baseline
Global Baseline,2020,Mixed Grain Baseline,1702.01,38.906611689898455,33.91,44.91,65.0,18.5,68.05584420704396,19.122510286751726,16.010543104478284,6.5,58.04625124210901,4.5,1000.0,7272.14,Global_Kaggle_Baseline
Global Baseline,2020,Mixed Grain Baseline,1690.81,39.00916092945184,34.01,45.01,65.0,18.5,65.09748369075115,21.034747085841484,19.04675102160372,6.5,65.12539581511768,4.5,1000.0,7532.58,Global_Kaggle_Baseline
Global Baseline,2020,Mixed Grain Baseline,1737.66,40.078515245088816,35.08,46.08,65.0,18.5,66.9822916190719,17.985357424812353,15.994916767033182,6.5,59.00904969646945,4.5,1000.0,7536.51,Global_Kaggle_Baseline
Global Baseline,2020,Mixed Grain Baseline,1690.01,38.99333290410559,33.99,44.99,65.0,18.5,65.04854632899448,20.930937022072868,18.83519513596153,6.5,64.98945042208943,4.5,1000.0,7498.93,Global_Kaggle_Baseline
Global Baseline,2020,Mixed Grain Baseline,1733.86,39.94508660904324,34.95,45.95,65.0,18.5,67.15672742654665,17.93496073226366,15.948978286529917,6.5,58.917969990687205,4.5,1000.0,7473.53,Global_Kaggle_Baseline
Global Baseline,2020,Mixed Grain Baseline,1601.16,37.03686152897043,32.04,43.04,65.0,18.5,60.97346997436739,20.99773387200628,17.94803403132978,6.5,57.96753644503587,4.5,1000.0,7343.64,Global_Kaggle_Baseline
Global Baseline,2020,Mixed Grain Baseline,1732.88,39.94230787664323,34.94,45.94,65.0,18.5,66.97969591366454,18.127797885244032,15.997343033039993,6.5,58.89037181859848,4.5,1000.0,7482.07,Global_Kaggle_Baseline
Global Baseline,2020,Mixed Grain Baseline,1603.4,37.0766868972775,32.08,43.08,65.0,18.5,61.14336829938011,21.062467428125643,17.97986626601004,6.5,57.9655160522385,4.5,1000.0,7540.57,Global_Kaggle_Baseline
Global Baseline,2020,Mixed Grain Baseline,1682.24,38.78315806843021,33.78,44.78,65.0,18.5,64.9667337393491,21.063096105672926,19.104638233860637,6.5,65.00173586567585,4.5,1000.0,7576.29,Global_Kaggle_Baseline
Global Baseline,2020,Mixed Grain Baseline,1693.18,39.071224475138926,34.07,45.07,65.0,18.5,65.1366466705501,20.966203174670103,19.02917054769394,6.5,64.9626481952937,4.5,1000.0,7417.13,Global_Kaggle_Baseline
Global Baseline,2020,Mixed Grain Baseline,1599.9,36.99914362638764,32.0,43.0,65.0,18.5,60.98676830659505,21.051709787622517,17.921505064518204,6.5,57.9434281076298,4.5,1000.0,7287.45,Global_Kaggle_Baseline
Global Baseline,2020,Mixed Grain Baseline,1704.15,38.97441562214956,33.97,44.97,65.0,18.5,68.00831031518116,18.96713476178797,15.816321303073575,6.5,57.78854819405203,4.5,1000.0,7443.53,Global_Kaggle_Baseline
Global Baseline,2020,Mixed Grain Baseline,1686.09,38.913199013692655,33.91,44.91,65.0,18.5,64.82516569695956,20.90545675845675,19.054666856596405,6.5,64.97255020954117,4.5,1000.0,7453.13,Global_Kaggle_Baseline
Global Baseline,2020,Mixed Grain Baseline,1718.52,39.403910674233416,34.4,45.4,65.0,18.5,67.87622990624072,19.11050401394477,15.77979676887166,6.5,58.119479112024415,4.5,1000.0,7493.66,Global_Kaggle_Baseline
Global Baseline,2020,Mixed Grain Baseline,1692.04,39.05665396276896,34.06,45.06,65.0,18.5,65.01118474330539,21.15488645567514,19.005814168175903,6.5,65.14419288919633,4.5,1000.0,7576.14,Global_Kaggle_Baseline
Global Baseline,2020,Mixed Grain Baseline,1736.65,40.04203180980357,35.04,46.04,65.0,18.5,67.03588121816084,17.96233003368923,16.073158787397105,6.5,59.13852048269265,4.5,1000.0,7548.55,Global_Kaggle_Baseline
Global Baseline,2020,Mixed Grain Baseline,1738.56,40.11364103066702,35.11,46.11,65.0,18.5,66.91681439039284,17.916377911576618,16.065361352020467,6.5,59.02727395028223,4.5,1000.0,7750.88,Global_Kaggle_Baseline
Global Baseline,2020,Mixed Grain Baseline,1691.96,39.05236157713757,34.05,45.05,65.0,18.5,65.0259086541971,21.055529516961617,18.899716463771533,6.5,65.04263060869961,4.5,1000.0,7453.26,Global_Kaggle_Baseline
Global Baseline,2020,Mixed Grain Baseline,1707.23,39.06659537608991,34.07,45.07,65.0,18.5,67.9794478708758,19.045551057229297,15.951698643356735,6.5,58.01373969650169,4.5,1000.0,7582.04,Global_Kaggle_Baseline
Global Baseline,2020,Mixed Grain Baseline,1599.79,36.98495912823729,31.98,42.98,65.0,18.5,61.06354568470736,21.02209770569464,17.931624182956796,6.5,58.06101188232594,4.5,1000.0,7548.46,Global_Kaggle_Baseline
Global Baseline,2020,Mixed Grain Baseline,1692.44,39.06058892082059,34.06,45.06,65.0,18.5,65.062992873419,21.025834933823795,19.09994475698546,6.5,64.85505520646971,4.5,1000.0,7522.51,Global_Kaggle_Baseline
Global Baseline,2020,Mixed Grain Baseline,1731.18,39.87544490032788,34.88,45.88,65.0,18.5,67.10789231873368,18.090421193951475,16.04800747896211,6.5,58.875115527058014,4.5,1000.0,7430.69,Global_Kaggle_Baseline
Global Baseline,2020,Mixed Grain Baseline,1707.62,39.09028812679206,34.09,45.09,65.0,18.5,67.89189424610451,18.894284061611906,16.042187289540596,6.5,57.867509134644855,4.5,1000.0,7481.97,Global_Kaggle_Baseline
Global Baseline,2020,Mixed Grain Baseline,1731.62,39.89299156058249,34.89,45.89,65.0,18.5,67.07313052037723,18.006878978356482,16.031617555409863,6.5,58.90918190379,4.5,1000.0,7515.18,Global_Kaggle_Baseline
Global Baseline,2020,Mixed Grain Baseline,1732.52,39.92678474208415,34.93,45.93,65.0,18.5,67.01559111186528,18.04347128297417,15.90991693290654,6.5,59.06798331442572,4.5,1000.0,7411.41,Global_Kaggle_Baseline
Global Baseline,2020,Mixed Grain Baseline,1706.51,39.051067921541225,34.05,45.05,65.0,18.5,67.94370663749028,19.026695235340743,16.017903916093243,6.5,57.94997532612944,4.5,1000.0,7556.24,Global_Kaggle_Baseline
Global Baseline,2020,Mixed Grain Baseline,1730.44,39.8649978592349,34.86,45.86,65.0,18.5,67.03246297001851,17.954417879352274,15.950852699527864,6.5,59.05299689191623,4.5,1000.0,7507.76,Global_Kaggle_Baseline
Global Baseline,2020,Mixed Grain Baseline,1703.52,38.95521431976634,33.96,44.96,65.0,18.5,68.01661107638984,18.98284849307458,15.959342050016426,6.5,57.87374295624164,4.5,1000.0,7515.9,Global_Kaggle_Baseline
Global Baseline,2020,Mixed Grain Baseline,1600.78,37.02071355402731,32.02,43.02,65.0,18.5,61.010773731403646,21.152831900767133,18.07244550884293,6.5,57.79097073399857,4.5,1000.0,7568.37,Global_Kaggle_Baseline
Global Baseline,2020,Mixed Grain Baseline,1737.9,40.09822772011788,35.1,46.1,65.0,18.5,66.8919905407218,17.967762048062784,16.074623438024286,6.5,58.87614928781488,4.5,1000.0,7425.03,Global_Kaggle_Baseline
Global Baseline,2020,Mixed Grain Baseline,1706.36,39.024062581041015,34.02,45.02,65.0,18.5,68.10352300189611,18.851781599792144,16.187651953149985,6.5,57.978079514743904,4.5,1000.0,7385.96,Global_Kaggle_Baseline
Global Baseline,2020,Mixed Grain Baseline,1689.17,38.99002419961761,33.99,44.99,65.0,18.5,64.90417238157623,21.004924387239544,18.8898492528704,6.5,64.8996883625094,4.5,1000.0,7455.89,Global_Kaggle_Baseline
Global Baseline,2020,Mixed Grain Baseline,1598.67,36.96744200533665,31.97,42.97,65.0,18.5,60.96262689634571,21.105158619312043,18.006291850108425,6.5,57.8243730590913,4.5,1000.0,7316.25,Global_Kaggle_Baseline
Global Baseline,2020,Mixed Grain Baseline,1604.42,37.12824532995001,32.13,43.13,65.0,18.5,60.985881387382285,20.881556899650967,18.124001011373547,6.5,58.00195646627275,4.5,1000.0,7483.57,Global_Kaggle_Baseline
Global Baseline,2020,Mixed Grain Baseline,1598.5,36.96969438374909,31.97,42.97,65.0,18.5,60.91265376151262,20.97532483454729,18.104478104325658,6.5,58.15509793344389,4.5,1000.0,7467.41,Global_Kaggle_Baseline
Global Baseline,2020,Mixed Grain Baseline,1599.82,37.01497806613939,32.01,43.01,65.0,18.5,60.85846507540593,20.978138661241903,18.053592135359224,6.5,57.974434950009815,4.5,1000.0,7459.08,Global_Kaggle_Baseline
Global Baseline,2020,Mixed Grain Baseline,1703.81,38.96080746063331,33.96,44.96,65.0,18.5,68.03548305529624,19.208310655050653,15.937716385304238,6.5,57.88161976733827,4.5,1000.0,7425.98,Global_Kaggle_Baseline
Global Baseline,2020,Mixed Grain Baseline,1708.06,39.08656879158716,34.09,45.09,65.0,18.5,68.00574476667582,18.91439994802527,16.234593600630824,6.5,58.1621797420329,4.5,1000.0,7423.22,Global_Kaggle_Baseline
Global Baseline,2020,Mixed Grain Baseline,1603.24,37.08620684488956,32.09,43.09,65.0,18.5,61.0445886425776,20.8235013434552,17.90301618517578,6.5,58.12389344698428,4.5,1000.0,7714.14,Global_Kaggle_Baseline
Global Baseline,2020,Mixed Grain Baseline,1601.13,37.03093318613799,32.03,43.03,65.0,18.5,61.00850729569928,21.126173780707457,17.914610929177087,6.5,58.21132572922979,4.5,1000.0,7382.82,Global_Kaggle_Baseline
Global Baseline,2020,Mixed Grain Baseline,1705.07,38.9766772747245,33.98,44.98,65.0,18.5,68.1764704288513,19.07322233168705,15.9858782048945,6.5,57.937263125970944,4.5,1000.0,7712.1,Global_Kaggle_Baseline
Global Baseline,2020,Mixed Grain Baseline,1707.66,39.100679938076816,34.1,45.1,65.0,18.5,67.82818534228608,18.839148454359755,16.093626424754152,6.5,57.94452185700404,4.5,1000.0,7523.63,Global_Kaggle_Baseline
Global Baseline,2020,Mixed Grain Baseline,1701.94,38.91674386980209,33.92,44.92,65.0,18.5,67.97126406512224,19.006015370832177,15.984725527251085,6.5,58.1100256151428,4.5,1000.0,7263.37,Global_Kaggle_Baseline
Global Baseline,2020,Mixed Grain Baseline,1704.32,38.97747091414205,33.98,44.98,65.0,18.5,68.02099285298773,18.97795562364439,15.961149353770368,6.5,57.97630821167294,4.5,1000.0,7518.23,Global_Kaggle_Baseline
Global Baseline,2020,Mixed Grain Baseline,1602.16,37.06096493992856,32.06,43.06,65.0,18.5,61.0042828150114,20.92855254505629,17.817609929202053,6.5,57.8098027640483,4.5,1000.0,7430.88,Global_Kaggle_Baseline
Global Baseline,2020,Mixed Grain Baseline,1717.66,39.3634220233374,34.36,45.36,65.0,18.5,67.98886207642339,19.023299259604592,15.97082845565178,6.5,57.935156616365006,4.5,1000.0,7421.2,Global_Kaggle_Baseline
Global Baseline,2020,Mixed Grain Baseline,1599.08,36.99432553532787,31.99,42.99,65.0,18.5,60.856065888544265,21.090362310416765,17.99991981172526,6.5,58.03351337692008,4.5,1000.0,7371.33,Global_Kaggle_Baseline
Global Baseline,2020,Mixed Grain Baseline,1733.16,39.9814002239096,34.98,45.98,65.0,18.5,66.76271501483907,17.942386393666645,16.122669592545066,6.5,59.08100938091772,4.5,1000.0,7658.88,Global_Kaggle_Baseline
Global Baseline,2020,Mixed Grain Baseline,1732.42,39.90979390422036,34.91,45.91,65.0,18.5,67.11635278188685,18.00380483205566,16.21152527008395,6.5,59.10234750788004,4.5,1000.0,7534.26,Global_Kaggle_Baseline
Global Baseline,2020,Mixed Grain Baseline,1595.59,36.86031658572011,31.86,42.86,65.0,18.5,61.09616438403878,20.977290999096414,18.09114213859413,6.5,57.92642301814092,4.5,1000.0,7657.79,Global_Kaggle_Baseline
Global Baseline,2020,Mixed Grain Baseline,1687.17,38.94248386425277,33.94,44.94,65.0,18.5,64.83575483338758,20.95342222347112,19.16051522278012,6.5,65.10418819643883,4.5,1000.0,7383.27,Global_Kaggle_Baseline
Global Baseline,2020,Mixed Grain Baseline,1690.17,39.00424584324946,34.0,45.0,65.0,18.5,65.00374932967787,20.944614699121505,18.87455934623719,6.5,64.9967216523466,4.5,1000.0,7521.89,Global_Kaggle_Baseline
Global Baseline,2020,Mixed Grain Baseline,1739.67,40.08957749159662,35.09,46.09,65.0,18.5,67.3060955031121,18.17988215008689,15.879398789407734,6.5,58.935348140123786,4.5,1000.0,7503.68,Global_Kaggle_Baseline
Global Baseline,2020,Mixed Grain Baseline,1596.84,36.90742355486641,31.91,42.91,65.0,18.5,61.01672841680422,20.95616865012868,17.96420210799684,6.5,58.25555151426545,4.5,1000.0,7485.41,Global_Kaggle_Baseline
Global Baseline,2020,Mixed Grain Baseline,1600.95,37.02152123860933,32.02,43.02,65.0,18.5,61.038654116031694,20.952153686212316,18.271250248607824,6.5,57.93532263979897,4.5,1000.0,7450.47,Global_Kaggle_Baseline
Global Baseline,2020,Mixed Grain Baseline,1689.57,39.039584303039454,34.04,45.04,65.0,18.5,64.63644638077955,20.909171765983988,18.90979897811873,6.5,64.82169691004528,4.5,1000.0,7662.93,Global_Kaggle_Baseline
Global Baseline,2020,Mixed Grain Baseline,1688.32,38.93905494245998,33.94,44.94,65.0,18.5,65.09151525287956,21.064174212608176,19.048913003936704,6.5,64.98625852802773,4.5,1000.0,7484.9,Global_Kaggle_Baseline
Global Baseline,2020,Mixed Grain Baseline,1603.58,37.09246791020877,32.09,43.09,65.0,18.5,61.06862814209083,21.077714878582974,18.035229354314456,6.5,57.88618515544771,4.5,1000.0,7587.52,Global_Kaggle_Baseline
Global Baseline,2020,Mixed Grain Baseline,1705.54,39.02599011061584,34.03,45.03,65.0,18.5,67.92637175672103,19.000281801969624,15.895995854240429,6.5,58.08034098635355,4.5,1000.0,7301.8,Global_Kaggle_Baseline
Global Baseline,2020,Mixed Grain Baseline,1701.88,38.925729505542144,33.93,44.93,65.0,18.5,67.895604723798,19.085178297727936,15.881797006600143,6.5,57.84992949575667,4.5,1000.0,7338.9,Global_Kaggle_Baseline
Global Baseline,2020,Mixed Grain Baseline,1602.4,37.07724008566672,32.08,43.08,65.0,18.5,60.93885097204533,21.060313957410955,18.005360117819375,6.5,58.05571017622012,4.5,1000.0,7553.12,Global_Kaggle_Baseline
Global Baseline,2020,Mixed Grain Baseline,1689.67,38.99480536418167,33.99,44.99,65.0,18.5,64.97109939882195,20.898838976059828,18.953792094816936,6.5,64.86705603412558,4.5,1000.0,7663.8,Global_Kaggle_Baseline
Global Baseline,2020,Mixed Grain Baseline,1688.73,38.97728175009154,33.98,44.98,65.0,18.5,64.90581072410707,21.025410437712388,18.97360422873274,6.5,65.01285715844364,4.5,1000.0,7333.83,Global_Kaggle_Baseline
Global Baseline,2020,Mixed Grain Baseline,1732.87,39.943832001886975,34.94,45.94,65.0,18.5,66.96703764534823,17.85914089034439,16.009073672621778,6.5,59.00959838661833,4.5,1000.0,7476.94,Global_Kaggle_Baseline
Global Baseline,2020,Mixed Grain Baseline,1688.56,38.96984432499677,33.97,44.97,65.0,18.5,64.92369797590152,21.04750192808889,18.936771301785495,6.5,64.99745889922383,4.5,1000.0,7669.64,Global_Kaggle_Baseline
Global Baseline,2020,Mixed Grain Baseline,1601.53,37.02489273883229,32.02,43.02,65.0,18.5,61.1313622197117,21.0470336474349,17.976132633764795,6.5,58.03587383034212,4.5,1000.0,7615.26,Global_Kaggle_Baseline
Global Baseline,2020,Mixed Grain Baseline,1597.7,36.93739969614088,31.94,42.94,65.0,18.5,60.97915435591527,21.0921727455951,17.994721466947773,6.5,58.04248179909802,4.5,1000.0,7647.53,Global_Kaggle_Baseline
Global Baseline,2020,Mixed Grain Baseline,1599.54,36.99371069722626,31.99,42.99,65.0,18.5,60.95177305434228,20.92613699948044,18.030946890335468,6.5,58.03702564683606,4.5,1000.0,7554.47,Global_Kaggle_Baseline
Global Baseline,2020,Mixed Grain Baseline,1686.21,38.90050222388269,33.9,44.9,65.0,18.5,64.93898292594363,21.16617446422452,19.00713013178967,6.5,64.85514663734206,4.5,1000.0,7528.6,Global_Kaggle_Baseline
Global Baseline,2020,Mixed Grain Baseline,1690.31,39.00906747703144,34.01,45.01,65.0,18.5,64.99827573310911,21.101897570825717,19.1198264453739,6.5,65.06045529023082,4.5,1000.0,7541.81,Global_Kaggle_Baseline
Global Baseline,2020,Mixed Grain Baseline,1708.5,39.115744994995374,34.12,45.12,65.0,18.5,67.89066616381487,18.899224215010157,16.02003093007993,6.5,57.95596535746391,4.5,1000.0,7420.35,Global_Kaggle_Baseline
Global Baseline,2020,Mixed Grain Baseline,1698.22,39.21425102933574,34.21,45.21,65.0,18.5,65.1444640108784,20.8417568447532,19.02277582768465,6.5,65.13590589294495,4.5,1000.0,7555.99,Global_Kaggle_Baseline
Global Baseline,2020,Mixed Grain Baseline,1706.02,39.031131831675054,34.03,45.03,65.0,18.5,67.98541546294952,18.997139698445164,16.083093966133312,6.5,58.17399938246878,4.5,1000.0,7525.58,Global_Kaggle_Baseline
Global Baseline,2020,Mixed Grain Baseline,1716.78,39.34110773637607,34.34,45.34,65.0,18.5,67.96881576978839,18.91550636988748,15.939167339195189,6.5,58.03550331739061,4.5,1000.0,7316.89,Global_Kaggle_Baseline
Global Baseline,2020,Mixed Grain Baseline,1599.66,36.98072826578153,31.98,42.98,65.0,18.5,61.066565127449856,21.026308173361176,18.10945353536629,6.5,58.14742301517613,4.5,1000.0,7586.11,Global_Kaggle_Baseline
Global Baseline,2020,Mixed Grain Baseline,1693.51,39.09827875058057,34.1,45.1,65.0,18.5,65.01444259726495,21.09719831597109,18.97399871716309,6.5,65.15269606729359,4.5,1000.0,7375.8,Global_Kaggle_Baseline
Global Baseline,2020,Mixed Grain Baseline,1705.22,39.01640719252243,34.02,45.02,65.0,18.5,67.92904729246848,19.052844947143548,15.96072214617227,6.5,58.21362960445855,4.5,1000.0,7364.84,Global_Kaggle_Baseline
Global Baseline,2020,Mixed Grain Baseline,1733.67,39.96713927613719,34.97,45.97,65.0,18.5,66.96362252835078,18.09301708878673,15.941854242194326,6.5,58.97761582542584,4.5,1000.0,7412.97,Global_Kaggle_Baseline
Global Baseline,2020,Mixed Grain Baseline,1685.16,38.88213636750606,33.88,44.88,65.0,18.5,64.85645104281309,20.971851144745,18.99197635659421,6.5,65.00081363280268,4.5,1000.0,7286.2,Global_Kaggle_Baseline
Global Baseline,2020,Mixed Grain Baseline,1688.45,38.92955320190052,33.93,44.93,65.0,18.5,65.18305147015982,21.005095156438745,19.038324432385423,6.5,64.92118964729232,4.5,1000.0,7578.38,Global_Kaggle_Baseline
Global Baseline,2020,Mixed Grain Baseline,1705.1,39.022461412596776,34.02,45.02,65.0,18.5,67.86282177388203,18.79029488287767,16.038749203949298,6.5,58.195477242528334,4.5,1000.0,7551.26,Global_Kaggle_Baseline
Global Baseline,2020,Mixed Grain Baseline,1682.72,38.79732454966296,33.8,44.8,65.0,18.5,64.96232374122542,20.68965104887681,18.799338479513995,6.5,64.95528185287276,4.5,1000.0,7568.68,Global_Kaggle_Baseline
Global Baseline,2020,Mixed Grain Baseline,1736.23,40.03086545518169,35.03,46.03,65.0,18.5,67.03000609463986,18.11311288788774,16.064349851454335,6.5,58.86219547063634,4.5,1000.0,7477.65,Global_Kaggle_Baseline
Global Baseline,2020,Mixed Grain Baseline,1683.86,38.79952654585051,33.8,44.8,65.0,18.5,65.17568029446032,20.99603316120489,18.90002803142245,6.5,65.13586275030478,4.5,1000.0,7482.87,Global_Kaggle_Baseline
Global Baseline,2020,Mixed Grain Baseline,1702.93,38.93207628432685,33.93,44.93,65.0,18.5,68.06219860351582,19.05747893804789,16.109612217613677,6.5,57.93642203910243,4.5,1000.0,7438.89,Global_Kaggle_Baseline
Global Baseline,2020,Mixed Grain Baseline,1736.31,40.0505204127737,35.05,46.05,65.0,18.5,66.90907799340849,17.946477502537093,16.061148179714156,6.5,59.11533369543115,4.5,1000.0,7450.44,Global_Kaggle_Baseline
Global Baseline,2020,Mixed Grain Baseline,1655.0,38.0,33.0,44.0,65.0,18.5,65.0,20.0,16.0,6.5,60.0,4.5,1000.0,8500.0,Global_Kaggle_Baseline
Global Baseline,2020,Mixed Grain Baseline,1715.0,39.0,34.0,45.0,65.0,18.5,70.0,20.0,19.0,6.5,65.0,4.5,1000.0,8500.0,Global_Kaggle_Baseline
Global Baseline,2020,Mixed Grain Baseline,1649.2,37.84004693004495,32.84,43.84,65.0,18.5,64.9602947708882,20.121032509217784,15.90365904257524,6.5,59.88149370025032,4.5,1000.0,8598.41,Global_Kaggle_Baseline
Global Baseline,2020,Mixed Grain Baseline,1658.81,38.12790603215379,33.13,44.13,65.0,18.5,64.86653243330511,20.101543266361933,16.02303708239918,6.5,59.93009918554478,4.5,1000.0,8502.63,Global_Kaggle_Baseline
Global Baseline,2020,Mixed Grain Baseline,1713.26,38.97855866385035,33.98,44.98,65.0,18.5,69.80257609988674,20.014177325243327,18.992505817354257,6.5,64.92917573573773,4.5,1000.0,8567.25,Global_Kaggle_Baseline
Global Baseline,2020,Mixed Grain Baseline,1720.34,39.13848845837467,34.14,45.14,65.0,18.5,70.09884380436534,20.00836742077591,19.01911601595279,6.5,65.10692721710127,4.5,1000.0,8431.77,Global_Kaggle_Baseline
Global Baseline,2020,Mixed Grain Baseline,1655.7,38.01967907550703,33.02,44.02,65.0,18.5,65.00201545508872,19.989935524128967,16.029824501870774,6.5,60.00036074375296,4.5,1000.0,8629.87,Global_Kaggle_Baseline
Global Baseline,2020,Mixed Grain Baseline,1652.1,37.90805759222571,32.91,43.91,65.0,18.5,65.06273564813787,20.10061155814045,15.915477813113188,6.5,59.96221156332374,4.5,1000.0,8464.58,Global_Kaggle_Baseline
Global Baseline,2020,Mixed Grain Baseline,1716.29,39.02867363219743,34.03,45.03,65.0,18.5,70.0579127886205,20.217844295414505,19.173185882699627,6.5,64.9294818984246,4.5,1000.0,8485.12,Global_Kaggle_Baseline
Global Baseline,2020,Mixed Grain Baseline,1712.39,38.95480120693577,33.95,44.95,65.0,18.5,69.79405314897205,20.00484643357509,18.93787645260486,6.5,65.01123243254678,4.5,1000.0,8434.52,Global_Kaggle_Baseline
Global Baseline,2020,Mixed Grain Baseline,1711.17,38.89841904415104,33.9,44.9,65.0,18.5,69.94488411206095,19.967271769425277,19.078718662566978,6.5,65.00889758534919,4.5,1000.0,8339.32,Global_Kaggle_Baseline
Global Baseline,2020,Mixed Grain Baseline,1657.74,38.076175586962016,33.08,44.08,65.0,18.5,65.01486632311705,20.06125182989059,16.038202370021207,6.5,60.02097396613702,4.5,1000.0,8375.67,Global_Kaggle_Baseline
Global Baseline,2020,Mixed Grain Baseline,1651.7,37.91985745340737,32.92,43.92,65.0,18.5,64.90092535870052,20.07434595941865,15.989867394946211,6.5,60.0389023967524,4.5,1000.0,8590.26,Global_Kaggle_Baseline
Global Baseline,2020,Mixed Grain Baseline,1651.49,37.90805946425058,32.91,43.91,65.0,18.5,64.9418170063432,19.87403103301304,16.035205307147187,6.5,59.924673334945375,4.5,1000.0,8491.86,Global_Kaggle_Baseline
Global Baseline,2020,Mixed Grain Baseline,1657.11,38.076204481259495,33.08,44.08,65.0,18.5,64.88912003337171,20.116084456463557,15.918356976675408,6.5,59.990704877403736,4.5,1000.0,8543.4,Global_Kaggle_Baseline
Global Baseline,2020,Mixed Grain Baseline,1652.52,37.95032815267844,32.95,43.95,65.0,18.5,64.85222365257344,20.061122224796183,15.849831007338862,6.5,59.68324501263362,4.5,1000.0,8430.97,Global_Kaggle_Baseline
Global Baseline,2020,Mixed Grain Baseline,1656.63,38.06467113263454,33.06,44.06,65.0,18.5,64.87284845631825,20.08308308250567,16.013278093717574,6.5,59.96311525384929,4.5,1000.0,8447.11,Global_Kaggle_Baseline
Global Baseline,2020,Mixed Grain Baseline,1660.9,38.14672713518912,33.15,44.15,65.0,18.5,65.15196436903491,20.046395187020305,16.081125928147543,6.5,59.99319295429319,4.5,1000.0,8443.84,Global_Kaggle_Baseline
Global Baseline,2020,Mixed Grain Baseline,1711.9,38.92375120909123,33.92,44.92,65.0,18.5,69.91290941922905,19.89161639561195,18.99722663937268,6.5,65.06275355837558,4.5,1000.0,8503.29,Global_Kaggle_Baseline
Global Baseline,2020,Mixed Grain Baseline,1649.31,37.854964110770425,32.85,43.85,65.0,18.5,64.87735548056239,19.991102492103128,15.88978919548502,6.5,60.08480340403913,4.5,1000.0,8493.48,Global_Kaggle_Baseline
Global Baseline,2020,Mixed Grain Baseline,1716.93,39.0298323871488,34.03,45.03,65.0,18.5,70.17726780627504,20.073727106685407,19.05159033682373,6.5,65.10242290501564,4.5,1000.0,8562.17,Global_Kaggle_Baseline
Global Baseline,2020,Mixed Grain Baseline,1720.59,39.16411569374835,34.16,45.16,65.0,18.5,69.97006302130846,20.10104719361017,18.972922577788907,6.5,65.12845216508781,4.5,1000.0,8534.98,Global_Kaggle_Baseline
Global Baseline,2020,Mixed Grain Baseline,1649.51,37.848066217508006,32.85,43.85,65.0,18.5,64.96516003745629,19.963955913464524,15.937013989072376,6.5,60.17908991488064,4.5,1000.0,8714.09,Global_Kaggle_Baseline
Global Baseline,2020,Mixed Grain Baseline,1651.14,37.87238892445036,32.87,43.87,65.0,18.5,65.12080364012454,20.15180474668438,15.928075359144774,6.5,60.01162663125477,4.5,1000.0,8555.04,Global_Kaggle_Baseline
Global Baseline,2020,Mixed Grain Baseline,1647.07,37.76856565222143,32.77,43.77,65.0,18.5,65.03377235091114,20.00079397482387,16.05208991350022,6.5,60.01359561743334,4.5,1000.0,8621.1,Global_Kaggle_Baseline
Global Baseline,2020,Mixed Grain Baseline,1710.49,38.89195269435718,33.89,44.89,65.0,18.5,69.85496433886783,19.79181096987829,19.269168459272542,6.5,65.03228571815424,4.5,1000.0,8612.57,Global_Kaggle_Baseline
Global Baseline,2020,Mixed Grain Baseline,1716.78,39.04470878140433,34.04,45.04,65.0,18.5,70.04231702403784,19.945590245135783,19.227915757396065,6.5,65.10138844940025,4.5,1000.0,8409.59,Global_Kaggle_Baseline
Global Baseline,2020,Mixed Grain Baseline,1711.15,38.87056439139634,33.87,44.87,65.0,18.5,70.13626507432129,19.981059814344142,18.969532198252864,6.5,64.83110105528388,4.5,1000.0,8303.55,Global_Kaggle_Baseline
Global Baseline,2020,Mixed Grain Baseline,1716.52,39.02482470634227,34.02,45.02,65.0,18.5,70.12963996804278,20.108951423752163,18.811556248887577,6.5,65.08508609465807,4.5,1000.0,8657.72,Global_Kaggle_Baseline
Global Baseline,2020,Mixed Grain Baseline,1714.27,38.98251152557109,33.98,44.98,65.0,18.5,69.97558602940586,19.941394107574894,19.156367149697434,6.5,65.06273662245887,4.5,1000.0,8424.5,Global_Kaggle_Baseline
Global Baseline,2020,Mixed Grain Baseline,1657.62,38.06791639150285,33.07,44.07,65.0,18.5,65.04785659875583,20.143281479815023,15.947930061813963,6.5,60.03377740748788,4.5,1000.0,8500.92,Global_Kaggle_Baseline
Global Baseline,2020,Mixed Grain Baseline,1658.51,38.107559124624906,33.11,44.11,65.0,18.5,64.94941500477789,19.824190282922427,16.062926580528416,6.5,59.92213290057213,4.5,1000.0,8423.05,Global_Kaggle_Baseline
Global Baseline,2020,Mixed Grain Baseline,1658.03,38.08401990547981,33.08,44.08,65.0,18.5,65.01850389135903,20.030540470220014,15.937610858363648,6.5,59.97586013569145,4.5,1000.0,8391.03,Global_Kaggle_Baseline
Global Baseline,2020,Mixed Grain Baseline,1662.6,38.206589603999234,33.21,44.21,65.0,18.5,65.07448364808883,19.91140593003476,15.929006638866824,6.5,59.967025881113344,4.5,1000.0,8290.09,Global_Kaggle_Baseline
Global Baseline,2020,Mixed Grain Baseline,1651.35,37.87693998829804,32.88,43.88,65.0,18.5,65.13197794148093,20.143782459595556,16.127798400046178,6.5,59.887269062738014,4.5,1000.0,8648.85,Global_Kaggle_Baseline
Global Baseline,2020,Mixed Grain Baseline,1716.1,39.034108309948536,34.03,45.03,65.0,18.5,69.98031393904179,20.15253132722325,19.097331814946653,6.5,64.78251656270571,4.5,1000.0,8749.94,Global_Kaggle_Baseline
Global Baseline,2020,Mixed Grain Baseline,1717.41,39.07695149471373,34.08,45.08,65.0,18.5,69.94272480444066,19.922975958441416,18.80036838356911,6.5,65.09319039592198,4.5,1000.0,8503.66,Global_Kaggle_Baseline
Global Baseline,2020,Mixed Grain Baseline,1653.9,37.97069255684239,32.97,43.97,65.0,18.5,64.98487755696827,20.077957309513973,16.13451276189545,6.5,60.217861952993154,4.5,1000.0,8539.64,Global_Kaggle_Baseline
Global Baseline,2020,Mixed Grain Baseline,1703.83,38.68227025083424,33.68,44.68,65.0,18.5,69.9893094511468,19.91395855035548,18.88721989004242,6.5,64.91073863915301,4.5,1000.0,8510.86,Global_Kaggle_Baseline
Global Baseline,2020,Mixed Grain Baseline,1717.67,39.05441784731352,34.05,45.05,65.0,18.5,70.152185732085,19.991786005995746,19.162264249541444,6.5,65.198621436524,4.5,1000.0,8460.2,Global_Kaggle_Baseline
Global Baseline,2020,Mixed Grain Baseline,1654.41,37.97114033258112,32.97,43.97,65.0,18.5,65.08424528563003,20.063169200564907,16.107598383118802,6.5,60.10178098468158,4.5,1000.0,8283.15,Global_Kaggle_Baseline
Global Baseline,2020,Mixed Grain Baseline,1712.93,38.91471808710066,33.91,44.91,65.0,18.5,70.1832686369113,19.92974909747174,19.0696319180023,6.5,64.81058456657738,4.5,1000.0,8471.19,Global_Kaggle_Baseline
Global Baseline,2020,Mixed Grain Baseline,1652.46,37.93362212678157,32.93,43.93,65.0,18.5,64.95725263863483,19.903078119778744,16.076031324143894,6.5,59.754177988435934,4.5,1000.0,8607.57,Global_Kaggle_Baseline
Global Baseline,2020,Mixed Grain Baseline,1653.0,37.91807929090142,32.92,43.92,65.0,18.5,65.17349602623689,20.01055669677892,15.86737282335362,6.5,60.05998009908552,4.5,1000.0,8576.54,Global_Kaggle_Baseline
Global Baseline,2020,Mixed Grain Baseline,1656.71,38.047490229796665,33.05,44.05,65.0,18.5,65.00975219578982,20.03893006415653,15.848260066577208,6.5,60.07492970100299,4.5,1000.0,8547.61,Global_Kaggle_Baseline
Global Baseline,2020,Mixed Grain Baseline,1707.74,38.80049143629489,33.8,44.8,65.0,18.5,69.944701185121,19.975937999293983,18.893613149452293,6.5,64.98234948420189,4.5,1000.0,8483.37,Global_Kaggle_Baseline
Global Baseline,2020,Mixed Grain Baseline,1654.14,37.99921909676983,33.0,44.0,65.0,18.5,64.83416729535546,20.078849472958176,16.130851269231453,6.5,60.13349466586244,4.5,1000.0,8783.2,Global_Kaggle_Baseline
Global Baseline,2020,Mixed Grain Baseline,1646.84,37.78194907538931,32.78,43.78,65.0,18.5,64.89532389969781,20.01756007414761,15.93051216848952,6.5,59.91304408794834,4.5,1000.0,8570.49,Global_Kaggle_Baseline
Global Baseline,2020,Mixed Grain Baseline,1710.62,38.87863007857601,33.88,44.88,65.0,18.5,69.97268744467996,19.939586003266136,18.9683482961529,6.5,64.97959617548257,4.5,1000.0,8452.92,Global_Kaggle_Baseline
Global Baseline,2020,Mixed Grain Baseline,1653.54,37.956941261758416,32.96,43.96,65.0,18.5,65.01031189132516,20.090935134544264,15.977142550281805,6.5,60.141527032457525,4.5,1000.0,8472.21,Global_Kaggle_Baseline
Global Baseline,2020,Mixed Grain Baseline,1714.56,38.980298438752335,33.98,44.98,65.0,18.5,70.0509050529797,20.027262667190524,19.05821346545213,6.5,65.0021072344283,4.5,1000.0,8272.93,Global_Kaggle_Baseline
Global Baseline,2020,Mixed Grain Baseline,1714.62,38.99332177245382,33.99,44.99,65.0,18.5,69.97079256959938,20.05924459222366,19.030837998593785,6.5,65.02559039315481,4.5,1000.0,8371.96,Global_Kaggle_Baseline
Global Baseline,2020,Mixed Grain Baseline,1655.03,37.98787825033257,32.99,43.99,65.0,18.5,65.09089372369544,19.92759473391021,16.002047111907043,6.5,60.05809473487045,4.5,1000.0,8507.99,Global_Kaggle_Baseline
Global Baseline,2020,Mixed Grain Baseline,1655.0,38.02263789800098,33.02,44.02,65.0,18.5,64.84085499442581,19.8625320997698,15.926403479354276,6.5,59.86585158880118,4.5,1000.0,8543.36,Global_Kaggle_Baseline
Global Baseline,2020,Mixed Grain Baseline,1650.17,37.87810151018893,32.88,43.88,65.0,18.5,64.8870431330188,20.010940608073348,16.068095691159183,6.5,60.04202572802578,4.5,1000.0,8663.14,Global_Kaggle_Baseline
Global Baseline,2020,Mixed Grain Baseline,1717.27,39.06831476685607,34.07,45.07,65.0,18.5,69.97490173796551,19.990313083625743,18.879084359329724,6.5,65.05610608267214,4.5,1000.0,8576.03,Global_Kaggle_Baseline
Global Baseline,2020,Mixed Grain Baseline,1650.49,37.85708578360937,32.86,43.86,65.0,18.5,65.0991285829166,19.92806750424615,15.969860892982055,6.5,59.94169307160157,4.5,1000.0,8540.75,Global_Kaggle_Baseline
Global Baseline,2020,Mixed Grain Baseline,1716.21,39.02158258531986,34.02,45.02,65.0,18.5,70.0904634720893,19.885405733283424,19.013720943579735,6.5,64.94113786017239,4.5,1000.0,8564.4,Global_Kaggle_Baseline
Global Baseline,2020,Mixed Grain Baseline,1720.99,39.16594880437198,34.17,45.17,65.0,18.5,70.03643800123132,20.03448423067612,19.073489495905207,6.5,64.8956592083422,4.5,1000.0,8513.72,Global_Kaggle_Baseline
Global Baseline,2020,Mixed Grain Baseline,1718.81,39.10265123180013,34.1,45.1,65.0,18.5,70.04411842315692,20.06888531894352,19.134438139000107,6.5,65.02935104219952,4.5,1000.0,8593.9,Global_Kaggle_Baseline
Global Baseline,2020,Mixed Grain Baseline,1719.48,39.1286341991108,34.13,45.13,65.0,18.5,69.99556702094164,20.211931730352266,18.8629469568704,6.5,64.94425102511948,4.5,1000.0,8426.7,Global_Kaggle_Baseline
Global Baseline,2020,Mixed Grain Baseline,1715.4,39.003448517953,34.0,45.0,65.0,18.5,70.05513625144441,20.191602260797804,18.95174746235008,6.5,64.88674321072997,4.5,1000.0,8530.33,Global_Kaggle_Baseline
Global Baseline,2020,Mixed Grain Baseline,1718.32,39.11315193357069,34.11,45.11,65.0,18.5,69.87182237405818,20.10270972764489,19.13782071518248,6.5,64.97118530870458,4.5,1000.0,8483.61,Global_Kaggle_Baseline
Global Baseline,2020,Mixed Grain Baseline,1653.21,37.93047130448654,32.93,43.93,65.0,18.5,65.12939255111118,19.91825582514901,15.87746215425652,6.5,59.9174492740046,4.5,1000.0,8464.12,Global_Kaggle_Baseline
Global Baseline,2020,Mixed Grain Baseline,1714.48,38.97591090720847,33.98,44.98,65.0,18.5,70.06499291528274,19.93342033633505,19.09860698177057,6.5,65.10813318373677,4.5,1000.0,8629.82,Global_Kaggle_Baseline
Global Baseline,2020,Mixed Grain Baseline,1713.52,38.96001173337278,33.96,44.96,65.0,18.5,69.9844894042766,19.998014779867532,18.97819838131551,6.5,65.03042452970595,4.5,1000.0,8516.54,Global_Kaggle_Baseline
Global Baseline,2020,Mixed Grain Baseline,1714.68,38.99399007376526,33.99,44.99,65.0,18.5,69.97775856213909,20.0183635481746,18.890219222819148,6.5,64.87249997357529,4.5,1000.0,8578.66,Global_Kaggle_Baseline
Global Baseline,2020,Mixed Grain Baseline,1657.97,38.09116606602733,33.09,44.09,65.0,18.5,64.95631307991812,20.061910953807963,16.091561790195836,6.5,60.020332812128274,4.5,1000.0,8342.03,Global_Kaggle_Baseline
Global Baseline,2020,Mixed Grain Baseline,1655.94,38.05822412767642,33.06,44.06,65.0,18.5,64.78029505553616,19.925504145766105,16.024021074844754,6.5,60.07920505171885,4.5,1000.0,8423.21,Global_Kaggle_Baseline
Global Baseline,2020,Mixed Grain Baseline,1652.77,37.93715323434612,32.94,43.94,65.0,18.5,64.994855350916,19.91205037300359,15.92646703376616,6.5,59.94304134259699,4.5,1000.0,8495.64,Global_Kaggle_Baseline
Global Baseline,2020,Mixed Grain Baseline,1654.22,37.98591766384664,32.99,43.99,65.0,18.5,64.94190229554279,19.996927277179086,15.996045014290344,6.5,60.0930240730618,4.5,1000.0,8404.97,Global_Kaggle_Baseline
Global Baseline,2020,Mixed Grain Baseline,1650.5,37.882704157941866,32.88,43.88,65.0,18.5,64.92162491591375,20.001992435679647,15.940541091713872,6.5,60.03308915283036,4.5,1000.0,8423.38,Global_Kaggle_Baseline
Global Baseline,2020,Mixed Grain Baseline,1714.72,38.98295693674076,33.98,44.98,65.0,18.5,70.0630142885343,19.989981188570727,18.9405564285376,6.5,64.96647666293573,4.5,1000.0,8446.93,Global_Kaggle_Baseline
Global Baseline,2020,Mixed Grain Baseline,1652.07,37.926238153070905,32.93,43.93,65.0,18.5,64.92969852010378,19.920463379458795,15.942546643699767,6.5,60.01926894733617,4.5,1000.0,8356.94,Global_Kaggle_Baseline
Global Baseline,2020,Mixed Grain Baseline,1658.32,38.09145279746805,33.09,44.09,65.0,18.5,65.02437161071428,20.07374023128105,15.856677773676168,6.5,59.88125050446432,4.5,1000.0,8606.92,Global_Kaggle_Baseline
Global Baseline,2020,Mixed Grain Baseline,1655.51,37.9980617522,33.0,44.0,65.0,18.5,65.11560323909217,19.9634623768078,15.97351769552327,6.5,60.06425279926808,4.5,1000.0,8598.73,Global_Kaggle_Baseline
Global Baseline,2020,Mixed Grain Baseline,1657.64,38.06855057716562,33.07,44.07,65.0,18.5,65.04912103676624,19.897484763331743,16.078322005358274,6.5,60.00018194069782,4.5,1000.0,8414.71,Global_Kaggle_Baseline
Global Baseline,2020,Mixed Grain Baseline,1652.36,37.93556760905991,32.94,43.94,65.0,18.5,64.922851556888,19.976682664177822,16.018835088942545,6.5,60.21624667732559,4.5,1000.0,8530.26,Global_Kaggle_Baseline
Global Baseline,2020,Mixed Grain Baseline,1723.42,39.25206310235059,34.25,45.25,65.0,18.5,69.91899789684811,19.953062469435004,19.056917437519765,6.5,65.00975853168693,4.5,1000.0,8346.05,Global_Kaggle_Baseline
Global Baseline,2020,Mixed Grain Baseline,1655.86,38.03194830700421,33.03,44.03,65.0,18.5,64.94864928889271,19.98754272454782,15.887268469728578,6.5,59.916042935684175,4.5,1000.0,8586.84,Global_Kaggle_Baseline
Global Baseline,2020,Mixed Grain Baseline,1651.39,37.87251034172345,32.87,43.87,65.0,18.5,65.17110477821174,19.84827068330936,16.070623206712803,6.5,60.117830303209,4.5,1000.0,8492.42,Global_Kaggle_Baseline
Global Baseline,2020,Mixed Grain Baseline,1657.08,38.06273231767451,33.06,44.06,65.0,18.5,64.97711400321138,20.089886916297733,16.056117713915324,6.5,60.00390348120419,4.5,1000.0,8654.18,Global_Kaggle_Baseline
Global Baseline,2020,Mixed Grain Baseline,1714.37,38.96552993900935,33.97,44.97,65.0,18.5,70.1155319089724,20.032883873129613,19.03932002145697,6.5,65.0565752559073,4.5,1000.0,8421.83,Global_Kaggle_Baseline
Global Baseline,2020,Mixed Grain Baseline,1716.75,39.06670136694444,34.07,45.07,65.0,18.5,69.88353337126368,19.9477379554836,19.03466229526771,6.5,64.9365054842856,4.5,1000.0,8498.37,Global_Kaggle_Baseline
Global Baseline,2020,Mixed Grain Baseline,1651.69,37.887018488250845,32.89,43.89,65.0,18.5,65.12934272420325,19.94509895283852,15.986924394445104,6.5,59.98752303591794,4.5,1000.0,8438.32,Global_Kaggle_Baseline
Global Baseline,2020,Mixed Grain Baseline,1654.75,37.98560009453984,32.99,43.99,65.0,18.5,65.05022485228474,19.880377410715365,15.92951040737312,6.5,60.01232682840836,4.5,1000.0,8379.51,Global_Kaggle_Baseline
Global Baseline,2020,Mixed Grain Baseline,1710.27,38.85861818554568,33.86,44.86,65.0,18.5,70.04408630513603,20.135592027321145,19.02212088285617,6.5,65.02934825803501,4.5,1000.0,8492.8,Global_Kaggle_Baseline
Global Baseline,2020,Mixed Grain Baseline,1716.33,39.03408058543295,34.03,45.03,65.0,18.5,70.0278108546863,20.02858255087852,18.91632615338522,6.5,64.98224318449894,4.5,1000.0,8423.09,Global_Kaggle_Baseline
Global Baseline,2020,Mixed Grain Baseline,1718.29,39.07924089582725,34.08,45.08,65.0,18.5,70.10370770828885,20.228233000563364,19.112454374809687,6.5,65.10953299396343,4.5,1000.0,8432.99,Global_Kaggle_Baseline
Global Baseline,2020,Mixed Grain Baseline,1719.48,39.106918188225066,34.11,45.11,65.0,18.5,70.14685682909337,19.85151977038083,18.946345650567817,6.5,65.17699350801011,4.5,1000.0,8584.98,Global_Kaggle_Baseline
Global Baseline,2020,Mixed Grain Baseline,1711.17,38.914751607588535,33.91,44.91,65.0,18.5,69.83146376074652,19.978695874541284,18.92096397815333,6.5,64.88135457884567,4.5,1000.0,8477.91,Global_Kaggle_Baseline
Global Baseline,2020,Mixed Grain Baseline,1712.54,38.91594727639601,33.92,44.92,65.0,18.5,70.09680484657986,19.828407815910147,18.8746178161228,6.5,64.87368054162627,4.5,1000.0,8379.0,Global_Kaggle_Baseline
Global Baseline,2020,Mixed Grain Baseline,1716.13,39.03062682512709,34.03,45.03,65.0,18.5,70.01145263423298,19.996780920420303,18.93147661456804,6.5,64.91213479481141,4.5,1000.0,8480.91,Global_Kaggle_Baseline
Global Baseline,2020,Mixed Grain Baseline,1655.25,38.01328531085631,33.01,44.01,65.0,18.5,64.95611288907106,20.010853617406315,16.115476269744775,6.5,59.93380418558445,4.5,1000.0,8545.56,Global_Kaggle_Baseline
Global Baseline,2020,Mixed Grain Baseline,1718.65,39.10248701614065,34.1,45.1,65.0,18.5,70.01339567683281,20.051571129818505,18.942827172138127,6.5,65.21331743029148,4.5,1000.0,8609.0,Global_Kaggle_Baseline
Global Baseline,2020,Mixed Grain Baseline,1657.57,38.06595205920872,33.07,44.07,65.0,18.5,65.05259342143839,19.977396558002404,16.10490667772998,6.5,60.04765344218488,4.5,1000.0,8546.11,Global_Kaggle_Baseline
Global Baseline,2020,Mixed Grain Baseline,1656.33,38.019916279500976,33.02,44.02,65.0,18.5,65.12644045818705,20.010865738178616,15.99600298282208,6.5,59.96283592549849,4.5,1000.0,8435.17,Global_Kaggle_Baseline
Global Baseline,2020,Mixed Grain Baseline,1723.09,39.20958322265466,34.21,45.21,65.0,18.5,70.15169275449297,20.149614264521123,19.12023165206892,6.5,65.10975201220513,4.5,1000.0,8620.94,Global_Kaggle_Baseline
Global Baseline,2020,Mixed Grain Baseline,1713.57,38.96799856206469,33.97,44.97,65.0,18.5,69.93723925634518,19.87884559580485,19.105805365672,6.5,65.01141764974416,4.5,1000.0,8614.05,Global_Kaggle_Baseline
Global Baseline,2020,Mixed Grain Baseline,1713.99,38.978907828926914,33.98,44.98,65.0,18.5,69.94536436798985,19.879079371350272,19.14472620848297,6.5,65.11585054583874,4.5,1000.0,8406.01,Global_Kaggle_Baseline
Global Baseline,2020,Mixed Grain Baseline,1656.61,38.03904840108038,33.04,44.04,65.0,18.5,65.04789585734498,20.13003178601412,16.079851075963536,6.5,59.94551074598791,4.5,1000.0,8535.75,Global_Kaggle_Baseline
Global Baseline,2020,Mixed Grain Baseline,1712.87,38.933647618524574,33.93,44.93,65.0,18.5,70.03935544719668,20.046631871124838,18.96896633064336,6.5,65.10379005495376,4.5,1000.0,8529.72,Global_Kaggle_Baseline
Global Baseline,2020,Mixed Grain Baseline,1660.54,38.16937406935269,33.17,44.17,65.0,18.5,64.92151346207554,20.0459401864234,16.066154918338277,6.5,59.917855990989366,4.5,1000.0,8490.59,Global_Kaggle_Baseline
Global Baseline,2020,Mixed Grain Baseline,1721.73,39.17932947946685,34.18,45.18,65.0,18.5,70.09046030983647,20.072491002262776,19.11942605705165,6.5,64.98465393785892,4.5,1000.0,8371.55,Global_Kaggle_Baseline
Global Baseline,2020,Mixed Grain Baseline,1657.69,38.08233847640583,33.08,44.08,65.0,18.5,64.96088988762557,19.983598644173,15.931663164581929,6.5,60.05959869743317,4.5,1000.0,8471.47,Global_Kaggle_Baseline
Global Baseline,2020,Mixed Grain Baseline,1718.74,39.09950924383638,34.1,45.1,65.0,18.5,70.05230530365758,20.1867792234582,18.9602724714763,6.5,64.85712911810079,4.5,1000.0,8528.25,Global_Kaggle_Baseline
Global Baseline,2020,Mixed Grain Baseline,1711.4,38.89279545534541,33.89,44.89,65.0,18.5,70.03003855217804,19.989765719423065,19.19402445126461,6.5,65.0460705746944,4.5,1000.0,8385.9,Global_Kaggle_Baseline
Global Baseline,2020,Mixed Grain Baseline,1653.89,37.96539272333749,32.97,43.97,65.0,18.5,65.02108679126466,19.977074777611755,16.275092708559043,6.5,60.16237838382744,4.5,1000.0,8498.55,Global_Kaggle_Baseline
Global Baseline,2020,Mixed Grain Baseline,1658.35,38.08440198591857,33.08,44.08,65.0,18.5,65.07887603829579,20.135341076519232,15.936385641692944,6.5,59.94867510487806,4.5,1000.0,8429.98,Global_Kaggle_Baseline
Global Baseline,2020,Mixed Grain Baseline,1713.53,38.9601460010224,33.96,44.96,65.0,18.5,69.98491291481129,19.956838416704464,18.986089978694377,6.5,65.20603727275653,4.5,1000.0,8495.81,Global_Kaggle_Baseline
Global Baseline,2020,Mixed Grain Baseline,1707.96,38.810503973924966,33.81,44.81,65.0,18.5,69.9177999746184,19.9388769715507,19.006805514790532,6.5,64.97719146160702,4.5,1000.0,8520.64,Global_Kaggle_Baseline
Global Baseline,2020,Mixed Grain Baseline,1716.47,39.04370116916566,34.04,45.04,65.0,18.5,69.988281044154,20.031302678798887,18.975291414545215,6.5,65.04857710049431,4.5,1000.0,8512.72,Global_Kaggle_Baseline
Global Baseline,2020,Mixed Grain Baseline,1715.8,39.00642681521246,34.01,45.01,65.0,18.5,70.11411565579797,19.91943658181111,18.907319951144867,6.5,65.039400109658,4.5,1000.0,8504.62,Global_Kaggle_Baseline
Global Baseline,2020,Mixed Grain Baseline,1711.71,38.91291273859646,33.91,44.91,65.0,18.5,69.95148332965,20.1310930146998,18.95292064281036,6.5,65.04941037691583,4.5,1000.0,8502.52,Global_Kaggle_Baseline
Global Baseline,2020,Mixed Grain Baseline,1717.07,39.06428034934697,34.06,45.06,65.0,18.5,69.9641191535705,20.12109728022046,18.961749443683686,6.5,64.97976058581759,4.5,1000.0,8571.5,Global_Kaggle_Baseline
Global Baseline,2020,Mixed Grain Baseline,1717.98,39.08508769040881,34.09,45.09,65.0,18.5,69.99985276493597,19.95136144147065,18.938030023556838,6.5,64.86647344116284,4.5,1000.0,8470.85,Global_Kaggle_Baseline
Global Baseline,2020,Mixed Grain Baseline,1715.5,39.05320257859265,34.05,45.05,65.0,18.5,69.72741988383544,20.233932363335477,19.16534254268165,6.5,64.8632920026192,4.5,1000.0,8466.52,Global_Kaggle_Baseline
Global Baseline,2020,Mixed Grain Baseline,1654.27,37.98183382498074,32.98,43.98,65.0,18.5,64.9802693316808,19.908342722138723,16.084238852313803,6.5,59.73727487119605,4.5,1000.0,8513.97,Global_Kaggle_Baseline
Global Baseline,2020,Mixed Grain Baseline,1713.47,38.95702397107413,33.96,44.96,65.0,18.5,69.99427777071615,19.89839651235453,19.03455438353185,6.5,65.01750652648334,4.5,1000.0,8548.4,Global_Kaggle_Baseline
Global Baseline,2020,Mixed Grain Baseline,1715.59,39.00759699350787,34.01,45.01,65.0,18.5,70.06387322125967,20.118295095737142,18.864316602230836,6.5,65.06621577049884,4.5,1000.0,8467.38,Global_Kaggle_Baseline
Global Baseline,2020,Mixed Grain Baseline,1718.16,39.0778352183203,34.08,45.08,65.0,18.5,70.08692353095552,19.90754518238803,18.870081601906804,6.5,64.98233245554863,4.5,1000.0,8627.58,Global_Kaggle_Baseline
Global Baseline,2020,Mixed Grain Baseline,1715.49,39.014306968824805,34.01,45.01,65.0,18.5,69.99711505498466,20.05756769651823,19.07789331841681,6.5,64.85523553531256,4.5,1000.0,8618.56,Global_Kaggle_Baseline
Global Baseline,2020,Mixed Grain Baseline,1649.59,37.83949699094845,32.84,43.84,65.0,18.5,65.04172696429985,20.021880860996724,15.863224428668596,6.5,59.9071255014791,4.5,1000.0,8553.95,Global_Kaggle_Baseline
Global Baseline,2020,Mixed Grain Baseline,1651.6,37.8881947724428,32.89,43.89,65.0,18.5,65.102880910024,19.92108169119939,15.966699517062498,6.5,60.037122378049936,4.5,1000.0,8587.42,Global_Kaggle_Baseline
Global Baseline,2020,Mixed Grain Baseline,1719.1,39.09869433664861,34.1,45.1,65.0,18.5,70.12942240055628,19.923274830428063,19.025111696777177,6.5,65.09505573033317,4.5,1000.0,8434.16,Global_Kaggle_Baseline
Global Baseline,2020,Mixed Grain Baseline,1715.75,39.01687535869789,34.02,45.02,65.0,18.5,70.0319324094047,19.92376819224673,18.996145170804738,6.5,65.09053147550418,4.5,1000.0,8375.51,Global_Kaggle_Baseline
Global Baseline,2020,Mixed Grain Baseline,1710.81,38.8730407793027,33.87,44.87,65.0,18.5,70.05159669805509,20.07557503420056,18.912802560488284,6.5,64.87341420461613,4.5,1000.0,8466.23,Global_Kaggle_Baseline
Global Baseline,2020,Mixed Grain Baseline,1651.88,37.91734309528016,32.92,43.92,65.0,18.5,64.95423431100487,20.037065192726978,16.20770738538902,6.5,60.05859128797563,4.5,1000.0,8607.13,Global_Kaggle_Baseline
Global Baseline,2020,Mixed Grain Baseline,1713.69,38.95105791497567,33.95,44.95,65.0,18.5,70.07983609826017,19.962275320035037,19.002889523385704,6.5,65.19639831723828,4.5,1000.0,8612.2,Global_Kaggle_Baseline
Global Baseline,2020,Mixed Grain Baseline,1656.64,38.07572976694989,33.08,44.08,65.0,18.5,64.79799215660199,20.05306302017025,15.900385503402491,6.5,59.92396304786903,4.5,1000.0,8487.57,Global_Kaggle_Baseline
Global Baseline,2020,Mixed Grain Baseline,1710.89,38.91937416985207,33.92,44.92,65.0,18.5,69.74318770666525,20.005832006598723,18.90641875693356,6.5,64.97799777849336,4.5,1000.0,8583.5,Global_Kaggle_Baseline
Global Baseline,2020,Mixed Grain Baseline,1655.58,38.01253697184499,33.01,44.01,65.0,18.5,65.02882615604749,19.954439908761685,16.164979917761087,6.5,60.03678693295496,4.5,1000.0,8540.01,Global_Kaggle_Baseline
Global Baseline,2020,Mixed Grain Baseline,1717.05,39.05073272072013,34.05,45.05,65.0,18.5,70.05528926975339,19.997892924557217,18.831955786852724,6.5,64.94278410594742,4.5,1000.0,8530.13,Global_Kaggle_Baseline
Global Baseline,2020,Mixed Grain Baseline,1652.71,37.92945903651084,32.93,43.93,65.0,18.5,65.03520686551146,19.9072716595708,16.1073300906783,6.5,59.94619318802626,4.5,1000.0,8568.31,Global_Kaggle_Baseline
Global Baseline,2020,Mixed Grain Baseline,1717.61,39.05750815832337,34.06,45.06,65.0,18.5,70.1191115986303,20.033246801302337,18.96585447446441,6.5,64.94775895328212,4.5,1000.0,8515.28,Global_Kaggle_Baseline
Global Baseline,2020,Mixed Grain Baseline,1724.36,39.24205353942637,34.24,45.24,65.0,18.5,70.17756037325891,19.8317352746989,18.978154739039315,6.5,65.06049766999463,4.5,1000.0,8334.81,Global_Kaggle_Baseline
Global Baseline,2020,Mixed Grain Baseline,1657.6,38.07511552138971,33.08,44.08,65.0,18.5,64.99486270362999,20.00169186991361,15.918588480109207,6.5,60.063082763794846,4.5,1000.0,8553.86,Global_Kaggle_Baseline
Global Baseline,2020,Mixed Grain Baseline,1712.37,38.914881379174055,33.91,44.91,65.0,18.5,70.07015309573644,19.901587157159405,19.00254467793252,6.5,64.9344628678309,4.5,1000.0,8354.59,Global_Kaggle_Baseline
Global Baseline,2020,Mixed Grain Baseline,1650.77,37.89680227471954,32.9,43.9,65.0,18.5,64.87717813276797,20.16554531022412,16.086686782494898,6.5,59.96992304766798,4.5,1000.0,8631.29,Global_Kaggle_Baseline
Global Baseline,2020,Mixed Grain Baseline,1654.46,37.97278860207693,32.97,43.97,65.0,18.5,65.08331028579892,19.807640108811537,15.963226983568603,6.5,59.96680366415096,4.5,1000.0,8555.73,Global_Kaggle_Baseline
Global Baseline,2020,Mixed Grain Baseline,1655.69,38.036733015062296,33.04,44.04,65.0,18.5,64.88089851798033,20.060625940541083,15.98934604432865,6.5,60.06681362882183,4.5,1000.0,8687.98,Global_Kaggle_Baseline
Global Baseline,2020,Mixed Grain Baseline,1653.01,37.92725200237544,32.93,43.93,65.0,18.5,65.1107750495648,20.036423915996025,16.062397649615807,6.5,59.91686246617053,4.5,1000.0,8574.61,Global_Kaggle_Baseline
Global Baseline,2020,Mixed Grain Baseline,1710.8,38.88649492414794,33.89,44.89,65.0,18.5,69.9547142829965,20.13014202555401,19.05566109856217,6.5,65.0958513579451,4.5,1000.0,8544.6,Global_Kaggle_Baseline
Global Baseline,2020,Mixed Grain Baseline,1712.33,38.91117473296653,33.91,44.91,65.0,18.5,70.0875464009605,20.037399743713483,19.09972049344015,6.5,65.10872029747348,4.5,1000.0,8458.21,Global_Kaggle_Baseline
Global Baseline,2020,Mixed Grain Baseline,1651.87,37.90337213604348,32.9,43.9,65.0,18.5,65.0513102997129,20.004804194200485,15.947781546628764,6.5,59.998700867909925,4.5,1000.0,8534.84,Global_Kaggle_Baseline
Global Baseline,2020,Mixed Grain Baseline,1660.4,38.14652714859631,33.15,44.15,65.0,18.5,65.05488074685628,19.94584235669228,15.983520877213818,6.5,59.99139187324937,4.5,1000.0,8516.11,Global_Kaggle_Baseline
Global Baseline,2020,Mixed Grain Baseline,1712.22,38.91836035734144,33.92,44.92,65.0,18.5,70.01463545078163,20.04465977094942,18.887592524435597,6.5,65.19514201137801,4.5,1000.0,8378.67,Global_Kaggle_Baseline
Global Baseline,2020,Mixed Grain Baseline,1654.19,37.95940137694464,32.96,43.96,65.0,18.5,65.12154557153187,20.106733962552404,15.83770285969255,6.5,59.91906194838342,4.5,1000.0,8467.42,Global_Kaggle_Baseline
Global Baseline,2020,Mixed Grain Baseline,1714.83,38.980813166120285,33.98,44.98,65.0,18.5,70.09951049153553,19.93119896817267,18.926602900736672,6.5,64.8377808702629,4.5,1000.0,8442.44,Global_Kaggle_Baseline
Global Baseline,2020,Mixed Grain Baseline,1653.22,37.9527011378762,32.95,43.95,65.0,18.5,64.97469136266506,20.001731607911506,15.86898183242726,6.5,59.98112956491963,4.5,1000.0,8454.03,Global_Kaggle_Baseline
Global Baseline,2020,Mixed Grain Baseline,1712.11,38.89672401851727,33.9,44.9,65.0,18.5,70.14515834276192,20.25679106605695,19.03806851227713,6.5,64.88674589666675,4.5,1000.0,8506.14,Global_Kaggle_Baseline
Global Baseline,2020,Mixed Grain Baseline,1656.05,38.01629973843486,33.02,44.02,65.0,18.5,65.09590878639239,19.92377209387908,15.991666163957593,6.5,60.092365988682,4.5,1000.0,8691.64,Global_Kaggle_Baseline
Global Baseline,2020,Mixed Grain Baseline,1713.97,38.97478344138539,33.97,44.97,65.0,18.5,69.97143622483209,19.92577596337521,18.871677839724267,6.5,64.73689458711762,4.5,1000.0,8435.9,Global_Kaggle_Baseline
Global Baseline,2020,Mixed Grain Baseline,1713.43,38.94043125914787,33.94,44.94,65.0,18.5,70.10275545517437,20.329552483152213,18.94248607860792,6.5,65.00635865854272,4.5,1000.0,8364.39,Global_Kaggle_Baseline
Global Baseline,2020,Mixed Grain Baseline,1711.62,38.92377993273595,33.92,44.92,65.0,18.5,69.856808941417,20.035918846336703,19.04722067541598,6.5,65.0821691537535,4.5,1000.0,8543.26,Global_Kaggle_Baseline
Global Baseline,2020,Mixed Grain Baseline,1717.88,39.07576256459591,34.08,45.08,65.0,18.5,70.04636722761131,20.160513954847666,18.94747650851151,6.5,65.05084959962375,4.5,1000.0,8425.42,Global_Kaggle_Baseline
Global Baseline,2020,Mixed Grain Baseline,1653.2,37.92339863101408,32.92,43.92,65.0,18.5,65.17557845097713,20.0433170047238,15.961452604276168,6.5,59.85272674457722,4.5,1000.0,8404.72,Global_Kaggle_Baseline
Global Baseline,2020,Mixed Grain Baseline,1655.29,38.015112886882086,33.02,44.02,65.0,18.5,64.95311944514481,19.979800245937277,15.952217564444624,6.5,59.99724063099798,4.5,1000.0,8451.79,Global_Kaggle_Baseline
Global Baseline,2020,Mixed Grain Baseline,1713.32,38.96718757664791,33.97,44.97,65.0,18.5,69.89315993320972,19.92340145763623,19.006778089793755,6.5,64.86430050585665,4.5,1000.0,8397.5,Global_Kaggle_Baseline
Global Baseline,2020,Mixed Grain Baseline,1719.58,39.11638971818088,34.12,45.12,65.0,18.5,70.10054485678458,20.099108471013423,19.106206856612182,6.5,64.76235069172398,4.5,1000.0,8364.32,Global_Kaggle_Baseline
Global Baseline,2020,Mixed Grain Baseline,1660.43,38.17354383076997,33.17,44.17,65.0,18.5,64.87033570318759,19.98810896848989,15.865292745829311,6.5,60.00894027461938,4.5,1000.0,8673.07,Global_Kaggle_Baseline
Global Baseline,2020,Mixed Grain Baseline,1713.24,38.97606094041173,33.98,44.98,65.0,18.5,69.81611825323628,20.033915852608693,18.80490440982359,6.5,65.02261466589495,4.5,1000.0,8426.8,Global_Kaggle_Baseline
Global Baseline,2020,Mixed Grain Baseline,1664.45,38.26501749236617,33.27,44.27,65.0,18.5,65.03423522458748,20.131687971318154,15.917041963626184,6.5,60.02618129409595,4.5,1000.0,8458.28,Global_Kaggle_Baseline
Global Baseline,2020,Mixed Grain Baseline,1654.78,37.977536282897255,32.98,43.98,65.0,18.5,65.11252089994629,20.02826128743271,15.838695258456452,6.5,59.77289882050237,4.5,1000.0,8598.4,Global_Kaggle_Baseline
Global Baseline,2020,Mixed Grain Baseline,1651.34,37.9160925149752,32.92,43.92,65.0,18.5,64.8555906350494,19.954838145499465,16.04710159629217,6.5,60.02458673316509,4.5,1000.0,8570.64,Global_Kaggle_Baseline
Global Baseline,2020,Mixed Grain Baseline,1721.23,39.17892531353511,34.18,45.18,65.0,18.5,69.99420918122014,19.86578930436193,18.7827882607466,6.5,64.79988640688187,4.5,1000.0,8508.55,Global_Kaggle_Baseline
Global Baseline,2020,Mixed Grain Baseline,1650.74,37.897815896525614,32.9,43.9,65.0,18.5,64.86279931897161,20.081563417264828,15.953636148485966,6.5,59.98115296325432,4.5,1000.0,8487.8,Global_Kaggle_Baseline
Global Baseline,2020,Mixed Grain Baseline,1717.27,39.05280169946892,34.05,45.05,65.0,18.5,70.08536106059124,19.91884051172557,19.066019847116443,6.5,65.08044423801634,4.5,1000.0,8576.05,Global_Kaggle_Baseline
Global Baseline,2020,Mixed Grain Baseline,1652.34,37.91352762631745,32.91,43.91,65.0,18.5,65.07394707153017,19.93524335902225,16.16249385569901,6.5,59.90154969626802,4.5,1000.0,8500.78,Global_Kaggle_Baseline
Global Baseline,2020,Mixed Grain Baseline,1647.58,37.79382705401269,32.79,43.79,65.0,18.5,64.95963488069357,20.08973525944748,15.921655439969893,6.5,59.88773235951648,4.5,1000.0,8402.43,Global_Kaggle_Baseline
Global Baseline,2020,Mixed Grain Baseline,1653.56,37.92208176624524,32.92,43.92,65.0,18.5,65.256621942376,19.999960925933724,15.846444167354386,6.5,59.90477644504151,4.5,1000.0,8508.14,Global_Kaggle_Baseline
Global Baseline,2020,Mixed Grain Baseline,1653.23,37.951503229200966,32.95,43.95,65.0,18.5,64.98477858687916,19.810952115052636,15.895881638570389,6.5,59.93687636289933,4.5,1000.0,8540.88,Global_Kaggle_Baseline
Global Baseline,2020,Mixed Grain Baseline,1654.23,37.99963972588722,33.0,44.0,65.0,18.5,64.84780880342088,20.093402847382865,15.909200225280255,6.5,59.89137183446476,4.5,1000.0,8735.14,Global_Kaggle_Baseline
Global Baseline,2020,Mixed Grain Baseline,1715.36,39.03386076747238,34.03,45.03,65.0,18.5,69.83585930432393,20.09831378792033,19.06603269359243,6.5,64.85527510950853,4.5,1000.0,8383.24,Global_Kaggle_Baseline
Global Baseline,2020,Mixed Grain Baseline,1654.84,38.01126803051009,33.01,44.01,65.0,18.5,64.88956170330094,20.154191767322025,16.00472569053446,6.5,59.87889298550687,4.5,1000.0,8552.43,Global_Kaggle_Baseline
Global Baseline,2020,Mixed Grain Baseline,1718.68,39.11073799093672,34.11,45.11,65.0,18.5,69.96092238262624,20.032306658899262,19.104987870572984,6.5,65.11062435187905,4.5,1000.0,8410.66,Global_Kaggle_Baseline
Global Baseline,2020,Mixed Grain Baseline,1711.35,38.89233197830607,33.89,44.89,65.0,18.5,70.02343386952832,20.110773559741094,19.182626011671573,6.5,65.0317196551943,4.5,1000.0,8434.53,Global_Kaggle_Baseline
Global Baseline,2020,Mixed Grain Baseline,1654.39,37.98480723413814,32.98,43.98,65.0,18.5,64.98371548534487,19.988984938711905,16.0482808690157,6.5,60.14822569607583,4.5,1000.0,8354.1,Global_Kaggle_Baseline
Global Baseline,2020,Mixed Grain Baseline,1714.05,38.960856156934845,33.96,44.96,65.0,18.5,70.08460227814831,20.01679213938342,19.099751830127364,6.5,65.05485102272992,4.5,1000.0,8459.63,Global_Kaggle_Baseline
Global Baseline,2020,Mixed Grain Baseline,1655.95,38.02810459487363,33.03,44.03,65.0,18.5,64.9925196696289,20.16817525992598,16.09011371571197,6.5,60.06291395571609,4.5,1000.0,8598.26,Global_Kaggle_Baseline
Global Baseline,2020,Mixed Grain Baseline,1654.18,37.978840228690096,32.98,43.98,65.0,18.5,64.98344237183046,20.087979807811266,15.94789110652339,6.5,60.13459975751521,4.5,1000.0,8410.2,Global_Kaggle_Baseline
Global Baseline,2020,Mixed Grain Baseline,1656.31,38.04407037495633,33.04,44.04,65.0,18.5,64.9538360698276,20.06659015023142,16.01145261437596,6.5,59.893990718010905,4.5,1000.0,8534.02,Global_Kaggle_Baseline
Global Baseline,2020,Mixed Grain Baseline,1718.13,39.08968480088294,34.09,45.09,65.0,18.5,69.99773993504579,20.090969832994723,18.905107932415177,6.5,65.02223779019666,4.5,1000.0,8577.51,Global_Kaggle_Baseline
Global Baseline,2020,Mixed Grain Baseline,1710.55,38.86894635082305,33.87,44.87,65.0,18.5,70.02777877580276,19.99948952575396,19.02556192283749,6.5,65.11201551713279,4.5,1000.0,8425.77,Global_Kaggle_Baseline
Global Baseline,2020,Mixed Grain Baseline,1718.86,39.10982276998243,34.11,45.11,65.0,18.5,70.00356942765556,20.09352520043585,19.10908247355476,6.5,65.26946146893202,4.5,1000.0,8531.46,Global_Kaggle_Baseline
Global Baseline,2020,Mixed Grain Baseline,1653.66,37.96827625808635,32.97,43.97,65.0,18.5,64.9536901335625,20.13554145644581,16.05977065152145,6.5,60.193607559267214,4.5,1000.0,8516.24,Global_Kaggle_Baseline
Global Baseline,2020,Mixed Grain Baseline,1659.83,38.13887341466032,33.14,44.14,65.0,18.5,64.99302339024861,19.90054948866952,15.989231986951658,6.5,60.236121301977775,4.5,1000.0,8585.06,Global_Kaggle_Baseline
Global Baseline,2020,Mixed Grain Baseline,1656.61,38.06114908106621,33.06,44.06,65.0,18.5,64.89384922079127,20.06324532209517,15.97566340908648,6.5,59.92420922931923,4.5,1000.0,8443.55,Global_Kaggle_Baseline
Global Baseline,2020,Mixed Grain Baseline,1652.18,37.91516802424293,32.92,43.92,65.0,18.5,65.03015669482569,20.03345402956083,16.078281688370637,6.5,59.87442740220592,4.5,1000.0,8438.52,Global_Kaggle_Baseline
Global Baseline,2020,Mixed Grain Baseline,1720.06,39.12391137002351,34.12,45.12,65.0,18.5,70.14488642185948,19.966955158172496,18.843997584222333,6.5,64.96630140255995,4.5,1000.0,8450.51,Global_Kaggle_Baseline
Global Baseline,2020,Mixed Grain Baseline,1662.89,38.21875256560808,33.22,44.22,65.0,18.5,65.04717314850889,19.99037550533568,16.15444552081995,6.5,60.04421350817105,4.5,1000.0,8647.84,Global_Kaggle_Baseline
Global Baseline,2020,Mixed Grain Baseline,1711.89,38.921360006202725,33.92,44.92,65.0,18.5,69.92818317542525,20.122799022044795,18.909059654781057,6.5,65.18228233484949,4.5,1000.0,8517.82,Global_Kaggle_Baseline
Global Baseline,2020,Mixed Grain Baseline,1664.69,38.252884233117896,33.25,44.25,65.0,18.5,65.167338523528,19.944011623581247,15.930351594029004,6.5,60.04672797993752,4.5,1000.0,8552.8,Global_Kaggle_Baseline
Global Baseline,2020,Mixed Grain Baseline,1652.73,37.92800724268807,32.93,43.93,65.0,18.5,65.04904824168274,20.10126740691884,15.935424391565382,6.5,59.901354785709614,4.5,1000.0,8445.63,Global_Kaggle_Baseline
Global Baseline,2020,Mixed Grain Baseline,1655.61,38.01610986520114,33.02,44.02,65.0,18.5,65.01008798242323,19.90603031688701,16.028873542588308,6.5,60.187059642357646,4.5,1000.0,8437.82,Global_Kaggle_Baseline
Global Baseline,2020,Mixed Grain Baseline,1653.31,37.94185167835094,32.94,43.94,65.0,18.5,65.06927061740944,20.030758382925438,15.842323112057365,6.5,60.12113884388726,4.5,1000.0,8594.73,Global_Kaggle_Baseline
Global Baseline,2020,Mixed Grain Baseline,1716.8,39.04993995971272,34.05,45.05,65.0,18.5,70.00952700168494,19.97552554507979,18.92354494704008,6.5,64.9605051483708,4.5,1000.0,8579.71,Global_Kaggle_Baseline
Global Baseline,2020,Mixed Grain Baseline,1658.27,38.111739934937695,33.11,44.11,65.0,18.5,64.87274640551657,20.03452115472762,16.153696892928153,6.5,60.137325758943504,4.5,1000.0,8642.1,Global_Kaggle_Baseline
Global Baseline,2020,Mixed Grain Baseline,1717.62,39.0680053131833,34.07,45.07,65.0,18.5,70.04771513487222,20.061630411115587,19.02951268352713,6.5,64.88730782409598,4.5,1000.0,8424.52,Global_Kaggle_Baseline
Global Baseline,2020,Mixed Grain Baseline,1655.96,38.02047380308365,33.02,44.02,65.0,18.5,65.04967329194643,20.16807310500322,16.038416223792908,6.5,59.96826812477793,4.5,1000.0,8515.79,Global_Kaggle_Baseline
Global Baseline,2020,Mixed Grain Baseline,1320.0,27.0,22.0,33.0,65.0,18.5,75.0,22.0,20.0,6.5,77.0,4.5,1000.0,9500.0,Global_Kaggle_Baseline
Global Baseline,2020,Mixed Grain Baseline,1395.0,29.0,24.0,35.0,65.0,18.5,76.0,22.0,19.0,6.5,77.0,4.5,1000.0,9500.0,Global_Kaggle_Baseline
Global Baseline,2020,Mixed Grain Baseline,1375.0,28.0,23.0,34.0,65.0,18.5,79.0,21.0,19.0,6.5,75.0,4.5,1000.0,9500.0,Global_Kaggle_Baseline
Global Baseline,2020,Mixed Grain Baseline,1315.73,26.90852400455497,21.91,32.91,65.0,18.5,74.78643529451993,22.008585888888003,19.98725660227857,6.5,77.13879076065811,4.5,1000.0,9566.58,Global_Kaggle_Baseline
Global Baseline,2020,Mixed Grain Baseline,1378.05,28.06542772161186,23.07,34.07,65.0,18.5,79.15241310511256,21.00750650613333,19.105028976874888,6.5,75.1545295166261,4.5,1000.0,9554.42,Global_Kaggle_Baseline
Global Baseline,2020,Mixed Grain Baseline,1379.62,28.120526249636825,23.12,34.12,65.0,18.5,79.08018510047414,20.765572126222736,18.951909337746567,6.5,74.90362539983344,4.5,1000.0,9563.76,Global_Kaggle_Baseline
Global Baseline,2020,Mixed Grain Baseline,1377.97,28.065588224025145,23.07,34.07,65.0,18.5,79.13524260716787,21.16125599659965,18.96120748197464,6.5,74.91705511131298,4.5,1000.0,9429.41,Global_Kaggle_Baseline
Global Baseline,2020,Mixed Grain Baseline,1322.54,27.062692275039414,22.06,33.06,65.0,18.5,75.06908072607415,21.802397569591463,19.972997623484503,6.5,77.17954031097445,4.5,1000.0,9567.29,Global_Kaggle_Baseline
Global Baseline,2020,Mixed Grain Baseline,1322.18,27.06467228279597,22.06,33.06,65.0,18.5,74.98285857624238,21.898207809628733,20.039871349374327,6.5,77.00270505376935,4.5,1000.0,9485.75,Global_Kaggle_Baseline
Global Baseline,2020,Mixed Grain Baseline,1394.72,28.99744784131478,24.0,35.0,65.0,18.5,75.96147666128623,22.09655377136028,19.010425182419034,6.5,76.87648549644726,4.5,1000.0,9660.82,Global_Kaggle_Baseline
Global Baseline,2020,Mixed Grain Baseline,1377.4,28.059933619914265,23.06,34.06,65.0,18.5,79.06132266920189,20.98010291317363,19.02589622269183,6.5,74.91843689716048,4.5,1000.0,9471.87,Global_Kaggle_Baseline
Global Baseline,2020,Mixed Grain Baseline,1393.97,28.962238256593604,23.96,34.96,65.0,18.5,76.05888116360771,21.817627979789123,18.778542416597283,6.5,76.93716868780328,4.5,1000.0,9646.35,Global_Kaggle_Baseline
Global Baseline,2020,Mixed Grain Baseline,1368.99,27.83981739844978,22.84,33.84,65.0,18.5,78.9188581277355,20.936712775369312,19.10920250046179,6.5,75.05181067888297,4.5,1000.0,9420.93,Global_Kaggle_Baseline
Global Baseline,2020,Mixed Grain Baseline,1319.17,27.00003786466218,22.0,33.0,65.0,18.5,74.83470024957113,22.126704958114622,19.884232705953305,6.5,76.98756418095248,4.5,1000.0,9516.86,Global_Kaggle_Baseline
Global Baseline,2020,Mixed Grain Baseline,1371.05,27.883483660685076,22.88,33.88,65.0,18.5,79.02521712809292,20.93092206232288,18.959384773470774,6.5,74.85528179142088,4.5,1000.0,9339.06,Global_Kaggle_Baseline
Global Baseline,2020,Mixed Grain Baseline,1397.67,29.07156685532834,24.07,35.07,65.0,18.5,76.03237840642109,22.04939205329317,18.804233838040663,6.5,77.07754432122529,4.5,1000.0,9555.31,Global_Kaggle_Baseline
Global Baseline,2020,Mixed Grain Baseline,1373.02,27.9308871242626,22.93,33.93,65.0,18.5,79.08699862561825,20.99756432155589,19.06249679139396,6.5,75.19235870341825,4.5,1000.0,9651.44,Global_Kaggle_Baseline
Global Baseline,2020,Mixed Grain Baseline,1378.95,28.0973795977929,23.1,34.1,65.0,18.5,79.10809742439159,21.09551076251981,18.811076917862422,6.5,75.13483798139985,4.5,1000.0,9436.21,Global_Kaggle_Baseline
Global Baseline,2020,Mixed Grain Baseline,1376.48,28.05229828255989,23.05,34.05,65.0,18.5,78.93084470308105,20.97870661787404,19.07766671283847,6.5,74.93083674049352,4.5,1000.0,9489.92,Global_Kaggle_Baseline
Global Baseline,2020,Mixed Grain Baseline,1397.62,29.047842549127022,24.05,35.05,65.0,18.5,76.1881296768963,22.047056120747435,19.01395972964545,6.5,77.03767640170956,4.5,1000.0,9363.95,Global_Kaggle_Baseline
Global Baseline,2020,Mixed Grain Baseline,1376.33,28.048498583524168,23.05,34.05,65.0,18.5,78.92664352511858,21.056650683873883,18.7643301487269,6.5,74.97191170317365,4.5,1000.0,9546.87,Global_Kaggle_Baseline
Global Baseline,2020,Mixed Grain Baseline,1396.49,29.02416670654645,24.02,35.02,65.0,18.5,76.12838373161784,22.081834820655565,18.874714495913544,6.5,77.13679350312397,4.5,1000.0,9500.04,Global_Kaggle_Baseline
Global Baseline,2020,Mixed Grain Baseline,1321.32,27.04753263842257,22.05,33.05,65.0,18.5,74.93125833319681,21.96290157522581,19.95205533314647,6.5,76.9950225657858,4.5,1000.0,9454.97,Global_Kaggle_Baseline
Global Baseline,2020,Mixed Grain Baseline,1322.57,27.07268519149665,22.07,33.07,65.0,18.5,75.00477376291303,22.168273024146146,19.88383898838573,6.5,77.0285992994164,4.5,1000.0,9511.43,Global_Kaggle_Baseline
Global Baseline,2020,Mixed Grain Baseline,1327.26,27.201805685103626,22.2,33.2,65.0,18.5,75.03842652155413,21.796367871025105,20.038001735348782,6.5,77.00970283055386,4.5,1000.0,9525.76,Global_Kaggle_Baseline
Global Baseline,2020,Mixed Grain Baseline,1372.95,27.94734110500714,22.95,33.95,65.0,18.5,78.95857391281578,21.05954881095808,19.052297064138227,6.5,74.99474888868266,4.5,1000.0,9531.85,Global_Kaggle_Baseline
Global Baseline,2020,Mixed Grain Baseline,1321.42,27.046416032467203,22.05,33.05,65.0,18.5,74.95837926723256,21.992192770091663,19.91415639637062,6.5,77.01628622512291,4.5,1000.0,9607.86,Global_Kaggle_Baseline
Global Baseline,2020,Mixed Grain Baseline,1398.45,29.0975600455351,24.1,35.1,65.0,18.5,76.006660992532,21.99472178546003,19.013740447532165,6.5,77.12442375933327,4.5,1000.0,9579.9,Global_Kaggle_Baseline
Global Baseline,2020,Mixed Grain Baseline,1395.12,28.992979206110554,23.99,34.99,65.0,18.5,76.07377698582854,21.94069579727467,18.99426832926825,6.5,77.12469503340412,4.5,1000.0,9501.7,Global_Kaggle_Baseline
Global Baseline,2020,Mixed Grain Baseline,1391.69,28.90517337035696,23.91,34.91,65.0,18.5,76.00245956626519,21.96152860443306,18.96196269243793,6.5,77.07125109630294,4.5,1000.0,9549.53,Global_Kaggle_Baseline
Global Baseline,2020,Mixed Grain Baseline,1319.35,26.97049648834642,21.97,32.97,65.0,18.5,75.07573277771982,22.09396246291748,19.941442570150013,6.5,76.77063687921542,4.5,1000.0,9442.59,Global_Kaggle_Baseline
Global Baseline,2020,Mixed Grain Baseline,1397.31,29.05335209384636,24.05,35.05,65.0,18.5,76.08844144275984,22.008162425473817,19.119830819712373,6.5,77.01290247559314,4.5,1000.0,9531.35,Global_Kaggle_Baseline
Global Baseline,2020,Mixed Grain Baseline,1390.48,28.86395743671569,23.86,34.86,65.0,18.5,76.04749001363933,22.028649577399417,19.12025989018056,6.5,76.98419001999467,4.5,1000.0,9397.85,Global_Kaggle_Baseline
Global Baseline,2020,Mixed Grain Baseline,1317.5,26.93628872871076,21.94,32.94,65.0,18.5,74.94686090122937,22.002081611313976,20.08995350186238,6.5,77.01863785230006,4.5,1000.0,9565.52,Global_Kaggle_Baseline
Global Baseline,2020,Mixed Grain Baseline,1326.8,27.20577023647936,22.21,33.21,65.0,18.5,74.91876117336498,22.095452728309212,19.973546552024644,6.5,77.03705669437656,4.5,1000.0,9484.92,Global_Kaggle_Baseline
Global Baseline,2020,Mixed Grain Baseline,1378.13,28.063269480936103,23.06,34.06,65.0,18.5,79.18354897554968,21.05460579100872,18.87458493201257,6.5,74.98833098505298,4.5,1000.0,9510.45,Global_Kaggle_Baseline
Global Baseline,2020,Mixed Grain Baseline,1380.54,28.156902120188768,23.16,34.16,65.0,18.5,79.00972030705636,20.918058824218758,18.918945423934154,6.5,74.90863203471875,4.5,1000.0,9585.39,Global_Kaggle_Baseline
Global Baseline,2020,Mixed Grain Baseline,1324.43,27.133314932589062,22.13,33.13,65.0,18.5,74.95207308968112,22.052478387769536,20.11912458911871,6.5,76.79137991238157,4.5,1000.0,9364.48,Global_Kaggle_Baseline
Global Baseline,2020,Mixed Grain Baseline,1327.79,27.209975688432376,22.21,33.21,65.0,18.5,75.08729880870709,21.977784499483825,19.89719631056088,6.5,76.8962656890172,4.5,1000.0,9505.29,Global_Kaggle_Baseline
Global Baseline,2020,Mixed Grain Baseline,1376.05,28.00903305971772,23.01,34.01,65.0,18.5,79.1475981787281,20.98292979565229,18.97960863644893,6.5,74.94087633456934,4.5,1000.0,9488.24,Global_Kaggle_Baseline
Global Baseline,2020,Mixed Grain Baseline,1400.91,29.16818867239869,24.17,35.17,65.0,18.5,76.0054699806814,22.072389846489436,19.12212949602977,6.5,76.9976370731473,4.5,1000.0,9558.71,Global_Kaggle_Baseline
Global Baseline,2020,Mixed Grain Baseline,1393.64,28.96822164677024,23.97,34.97,65.0,18.5,75.9504462655942,22.1016302280786,19.01950515637737,6.5,77.11085960918842,4.5,1000.0,9416.7,Global_Kaggle_Baseline
Global Baseline,2020,Mixed Grain Baseline,1377.98,28.08717502418539,23.09,34.09,65.0,18.5,78.9852025907576,20.9245503284277,18.903267190766755,6.5,75.10166152065607,4.5,1000.0,9545.33,Global_Kaggle_Baseline
Global Baseline,2020,Mixed Grain Baseline,1373.67,27.958013603658408,22.96,33.96,65.0,18.5,79.02817427053114,20.86411096075916,18.97744416563706,6.5,74.94019871721183,4.5,1000.0,9693.58,Global_Kaggle_Baseline
Global Baseline,2020,Mixed Grain Baseline,1312.48,26.800775889509527,21.8,32.8,65.0,18.5,74.8907198861665,22.004976969027705,19.894620788293786,6.5,77.02841912486703,4.5,1000.0,9533.72,Global_Kaggle_Baseline
Global Baseline,2020,Mixed Grain Baseline,1373.84,27.970292157817468,22.97,33.97,65.0,18.5,78.97580231402969,20.96113543484128,19.031381901492992,6.5,74.9755927746851,4.5,1000.0,9614.21,Global_Kaggle_Baseline
Global Baseline,2020,Mixed Grain Baseline,1394.53,29.013775353337305,24.01,35.01,65.0,18.5,75.80973872473399,21.919195027306134,19.16165651537032,6.5,77.15015380410645,4.5,1000.0,9594.39,Global_Kaggle_Baseline
Global Baseline,2020,Mixed Grain Baseline,1375.34,28.030775759642367,23.03,34.03,65.0,18.5,78.8529100205088,21.001615533779205,18.99801221602364,6.5,75.15358217504013,4.5,1000.0,9486.21,Global_Kaggle_Baseline
Global Baseline,2020,Mixed Grain Baseline,1376.07,28.05854091443102,23.06,34.06,65.0,18.5,78.80429631536802,20.894653306686184,18.93634949320423,6.5,74.91521018278803,4.5,1000.0,9619.46,Global_Kaggle_Baseline
Global Baseline,2020,Mixed Grain Baseline,1324.89,27.141341366261837,22.14,33.14,65.0,18.5,74.98857557891307,21.87181559130388,19.888506588674048,6.5,76.96394043404175,4.5,1000.0,9571.67,Global_Kaggle_Baseline
Global Baseline,2020,Mixed Grain Baseline,1319.18,27.000285103784243,22.0,33.0,65.0,18.5,74.8346294754677,22.034063515202774,20.07253878132349,6.5,77.07341806482829,4.5,1000.0,9450.63,Global_Kaggle_Baseline
Global Baseline,2020,Mixed Grain Baseline,1393.87,28.972411471606534,23.97,34.97,65.0,18.5,75.96636678688151,22.118186525286024,18.99275107173456,6.5,77.02116790607732,4.5,1000.0,9501.63,Global_Kaggle_Baseline
Global Baseline,2020,Mixed Grain Baseline,1392.17,28.948107096951865,23.95,34.95,65.0,18.5,75.7967555298369,21.86087157361785,19.050488947753216,6.5,76.99731147765156,4.5,1000.0,9579.34,Global_Kaggle_Baseline
Global Baseline,2020,Mixed Grain Baseline,1401.91,29.200898681504903,24.2,35.2,65.0,18.5,75.9751239872668,22.03344499720956,19.18996439989208,6.5,76.87560583558665,4.5,1000.0,9391.54,Global_Kaggle_Baseline
Global Baseline,2020,Mixed Grain Baseline,1377.89,28.067312087928617,23.07,34.07,65.0,18.5,79.10604409584097,21.17957272480912,19.07387746924052,6.5,74.98722734987875,4.5,1000.0,9405.22,Global_Kaggle_Baseline
Global Baseline,2020,Mixed Grain Baseline,1373.54,27.963061556407585,22.96,33.96,65.0,18.5,78.967037284207,21.090356963787382,19.129228683295864,6.5,74.95707012685585,4.5,1000.0,9748.82,Global_Kaggle_Baseline
Global Baseline,2020,Mixed Grain Baseline,1314.5,26.824642485589585,21.82,32.82,65.0,18.5,75.12821221317725,21.900965982288497,20.00231964002864,6.5,77.01425689525242,4.5,1000.0,9548.95,Global_Kaggle_Baseline
Global Baseline,2020,Mixed Grain Baseline,1318.73,26.9533800567747,21.95,32.95,65.0,18.5,75.0730929946628,22.00989993137229,19.95339378071005,6.5,77.02620336356975,4.5,1000.0,9531.66,Global_Kaggle_Baseline
Global Baseline,2020,Mixed Grain Baseline,1377.55,28.05902458218951,23.06,34.06,65.0,18.5,79.09645105614953,21.055563198903013,18.94555612256121,6.5,75.11463094228796,4.5,1000.0,9360.99,Global_Kaggle_Baseline
Global Baseline,2020,Mixed Grain Baseline,1377.79,28.080665274944604,23.08,34.08,65.0,18.5,78.99364761215064,21.05319000138835,19.015823871716183,6.5,74.9709237502468,4.5,1000.0,9507.3,Global_Kaggle_Baseline
Global Baseline,2020,Mixed Grain Baseline,1319.06,26.98312220759449,21.98,32.98,65.0,18.5,74.93053334618125,22.035557038881123,19.93244763364939,6.5,76.99620444318568,4.5,1000.0,9448.35,Global_Kaggle_Baseline
Global Baseline,2020,Mixed Grain Baseline,1320.36,27.01362615986554,22.01,33.01,65.0,18.5,74.97715622848321,22.22204179525436,19.88598948132268,6.5,76.99297511396452,4.5,1000.0,9483.27,Global_Kaggle_Baseline
Global Baseline,2020,Mixed Grain Baseline,1391.84,28.87478769780982,23.87,34.87,65.0,18.5,76.24363063842664,21.863793969250423,19.063401358900123,6.5,76.94305755776962,4.5,1000.0,9563.21,Global_Kaggle_Baseline
Global Baseline,2020,Mixed Grain Baseline,1394.31,28.96849537486732,23.97,34.97,65.0,18.5,76.08212624824644,21.93598271330048,19.119108774037446,6.5,76.99798141786646,4.5,1000.0,9434.83,Global_Kaggle_Baseline
Global Baseline,2020,Mixed Grain Baseline,1320.53,27.025825194181294,22.03,33.03,65.0,18.5,74.92577803258393,22.159979685886857,20.143431904432997,6.5,76.9073898808179,4.5,1000.0,9510.33,Global_Kaggle_Baseline
Global Baseline,2020,Mixed Grain Baseline,1377.76,28.073384530151674,23.07,34.07,65.0,18.5,79.03823034429341,21.0704231419091,19.07416285087041,6.5,74.94253373508376,4.5,1000.0,9310.57,Global_Kaggle_Baseline
Global Baseline,2020,Mixed Grain Baseline,1315.88,26.89039439273362,21.89,32.89,65.0,18.5,74.9430203314897,22.02326760732496,19.94215323243396,6.5,77.19765908270676,4.5,1000.0,9475.08,Global_Kaggle_Baseline
Global Baseline,2020,Mixed Grain Baseline,1369.84,27.855120110033237,22.86,33.86,65.0,18.5,78.98150290915497,21.069910381428897,18.91060471649001,6.5,75.05437520077096,4.5,1000.0,9461.26,Global_Kaggle_Baseline
Global Baseline,2020,Mixed Grain Baseline,1318.92,26.96916456906852,21.97,32.97,65.0,18.5,74.99941308077479,21.910641635697843,19.960445784181747,6.5,77.00979302658233,4.5,1000.0,9345.21,Global_Kaggle_Baseline
Global Baseline,2020,Mixed Grain Baseline,1324.13,27.126433944282415,22.13,33.13,65.0,18.5,74.94188358447815,21.958901149713544,20.054095382004625,6.5,76.86553215348738,4.5,1000.0,9591.88,Global_Kaggle_Baseline
Global Baseline,2020,Mixed Grain Baseline,1311.23,26.730171012284416,21.73,32.73,65.0,18.5,75.13479717784556,22.109135877308383,19.86336494530576,6.5,77.11775795467562,4.5,1000.0,9573.49,Global_Kaggle_Baseline
Global Baseline,2020,Mixed Grain Baseline,1401.32,29.174135383722373,24.17,35.17,65.0,18.5,76.04461260912734,22.066691036210127,19.01778662680179,6.5,76.90369466266121,4.5,1000.0,9502.95,Global_Kaggle_Baseline
Global Baseline,2020,Mixed Grain Baseline,1375.55,28.000350035608854,23.0,34.0,65.0,18.5,79.10668191263125,21.04229692964144,19.06914085369424,6.5,74.98963571568049,4.5,1000.0,9347.29,Global_Kaggle_Baseline
Global Baseline,2020,Mixed Grain Baseline,1320.99,27.01663630773044,22.02,33.02,65.0,18.5,75.08068332437362,21.969242105733013,19.924631443876272,6.5,77.25445175873121,4.5,1000.0,9586.4,Global_Kaggle_Baseline
Global Baseline,2020,Mixed Grain Baseline,1373.13,27.985351704665543,22.99,33.99,65.0,18.5,78.72854066823864,20.9137683020734,19.090557184145723,6.5,74.98444305323521,4.5,1000.0,9449.5,Global_Kaggle_Baseline
Global Baseline,2020,Mixed Grain Baseline,1388.46,28.80176250799125,23.8,34.8,65.0,18.5,76.0803159192989,21.99744887887718,19.10338756441096,6.5,76.94436405778717,4.5,1000.0,9598.9,Global_Kaggle_Baseline
Global Baseline,2020,Mixed Grain Baseline,1324.28,27.14553244303361,22.15,33.15,65.0,18.5,74.83658706805181,22.03344588075831,19.97981950263844,6.5,76.94327446138023,4.5,1000.0,9392.34,Global_Kaggle_Baseline
Global Baseline,2020,Mixed Grain Baseline,1380.48,28.14019909156606,23.14,34.14,65.0,18.5,79.113833301202,20.96859723290068,18.883113748294885,6.5,74.91555430758346,4.5,1000.0,9380.23,Global_Kaggle_Baseline
Global Baseline,2020,Mixed Grain Baseline,1394.99,29.002564953024194,24.0,35.0,65.0,18.5,75.98019976456314,21.95011961809402,18.92661372692808,6.5,76.88809138589959,4.5,1000.0,9494.09,Global_Kaggle_Baseline
Global Baseline,2020,Mixed Grain Baseline,1396.35,29.04022869670626,24.04,35.04,65.0,18.5,75.98858327261703,22.059493854625757,19.187258821709527,6.5,76.96369401183257,4.5,1000.0,9528.24,Global_Kaggle_Baseline
Global Baseline,2020,Mixed Grain Baseline,1320.99,27.00959471627611,22.01,33.01,65.0,18.5,75.13151999157384,21.95270519084764,19.879784361819222,6.5,77.02183435075308,4.5,1000.0,9605.12,Global_Kaggle_Baseline
Global Baseline,2020,Mixed Grain Baseline,1370.27,27.886317961540723,22.89,33.89,65.0,18.5,78.84912686110064,20.903950362888317,19.06588278795728,6.5,75.0993218154255,4.5,1000.0,9530.22,Global_Kaggle_Baseline
Global Baseline,2020,Mixed Grain Baseline,1375.14,28.01068998660818,23.01,34.01,65.0,18.5,78.95230679495972,20.946451766677363,19.038865003696497,6.5,75.05148181426154,4.5,1000.0,9520.56,Global_Kaggle_Baseline
Global Baseline,2020,Mixed Grain Baseline,1379.71,28.128620325953428,23.13,34.13,65.0,18.5,79.04077605294343,21.00273542935323,18.981513433704244,6.5,74.97072043022854,4.5,1000.0,9456.03,Global_Kaggle_Baseline
Global Baseline,2020,Mixed Grain Baseline,1380.03,28.13620296606584,23.14,34.14,65.0,18.5,79.0518563914862,20.94508248457376,18.96234629507856,6.5,75.09858526306049,4.5,1000.0,9478.47,Global_Kaggle_Baseline
Global Baseline,2020,Mixed Grain Baseline,1373.8,27.964862805239022,22.96,33.96,65.0,18.5,79.00632059577917,21.190158211737597,18.898553102033816,6.5,74.98520785877128,4.5,1000.0,9307.72,Global_Kaggle_Baseline
Global Baseline,2020,Mixed Grain Baseline,1390.75,28.87846390131771,23.88,34.88,65.0,18.5,76.00000923085288,22.086003196508923,18.96581033333965,6.5,76.9845147202502,4.5,1000.0,9675.99,Global_Kaggle_Baseline
Global Baseline,2020,Mixed Grain Baseline,1390.3,28.887720308632048,23.89,34.89,65.0,18.5,75.84656434565349,22.001153059467047,19.20791084776834,6.5,76.9454717900373,4.5,1000.0,9386.98,Global_Kaggle_Baseline
Global Baseline,2020,Mixed Grain Baseline,1369.84,27.85980370068378,22.86,33.86,65.0,18.5,78.9487546219646,20.915334867338963,18.965600329167188,6.5,74.88834212248086,4.5,1000.0,9585.01,Global_Kaggle_Baseline
Global Baseline,2020,Mixed Grain Baseline,1373.05,27.95476254060744,22.95,33.95,65.0,18.5,78.92706983752308,21.02155915644192,18.86858824199569,6.5,75.15810347997513,4.5,1000.0,9311.21,Global_Kaggle_Baseline
Global Baseline,2020,Mixed Grain Baseline,1398.3,29.086997581327623,24.09,35.09,65.0,18.5,76.05020305542773,22.025616854379617,19.029273614253704,6.5,77.0469793986153,4.5,1000.0,9407.1,Global_Kaggle_Baseline
Global Baseline,2020,Mixed Grain Baseline,1323.12,27.096946761454216,22.1,33.1,65.0,18.5,74.94625620654392,21.9852209731134,19.98850119621124,6.5,77.0581292467428,4.5,1000.0,9496.03,Global_Kaggle_Baseline
Global Baseline,2020,Mixed Grain Baseline,1395.28,28.998255583236293,24.0,35.0,65.0,18.5,76.06813507078989,21.97131408465884,19.048697015848717,6.5,76.91143877023208,4.5,1000.0,9228.48,Global_Kaggle_Baseline
Global Baseline,2020,Mixed Grain Baseline,1395.75,29.0145340550698,24.01,35.01,65.0,18.5,76.04828687354924,21.944364482477145,19.043528899138007,6.5,77.06584300389012,4.5,1000.0,9377.26,Global_Kaggle_Baseline
Global Baseline,2020,Mixed Grain Baseline,1393.23,28.94853679095827,23.95,34.95,65.0,18.5,76.00637961699054,22.066863247667506,18.917620914882995,6.5,76.79161853115703,4.5,1000.0,9603.46,Global_Kaggle_Baseline
Global Baseline,2020,Mixed Grain Baseline,1323.29,27.10872267874215,22.11,33.11,65.0,18.5,74.89599334864144,21.98490519739508,19.94053516743849,6.5,77.01544671274785,4.5,1000.0,9508.11,Global_Kaggle_Baseline
Global Baseline,2020,Mixed Grain Baseline,1398.35,29.108829585462228,24.11,35.11,65.0,18.5,75.90764514329184,21.906004116322464,18.973825318606437,6.5,77.0919226265572,4.5,1000.0,9614.62,Global_Kaggle_Baseline
Global Baseline,2020,Mixed Grain Baseline,1399.93,29.142797318664694,24.14,35.14,65.0,18.5,75.98715109439264,21.935659204948635,19.17859891295866,6.5,77.10664234103979,4.5,1000.0,9653.77,Global_Kaggle_Baseline
Global Baseline,2020,Mixed Grain Baseline,1372.84,27.931956049765564,22.93,33.93,65.0,18.5,79.04521719841583,20.974395081157525,19.13065102945643,6.5,75.0716885746628,4.5,1000.0,9594.3,Global_Kaggle_Baseline
Global Baseline,2020,Mixed Grain Baseline,1378.66,28.11322014714903,23.11,34.11,65.0,18.5,78.93856747389499,20.986930933262656,19.224957915240857,6.5,75.14363358505902,4.5,1000.0,9441.68,Global_Kaggle_Baseline
Global Baseline,2020,Mixed Grain Baseline,1395.78,29.010922277037263,24.01,35.01,65.0,18.5,76.07918401354605,21.88801075638821,19.059177505967973,6.5,77.2367079028838,4.5,1000.0,9430.92,Global_Kaggle_Baseline
Global Baseline,2020,Mixed Grain Baseline,1388.72,28.814109991248188,23.81,34.81,65.0,18.5,76.04503607536739,22.09973539197524,19.301674380823624,6.5,77.01833322325645,4.5,1000.0,9583.41,Global_Kaggle_Baseline
Global Baseline,2020,Mixed Grain Baseline,1392.15,28.91604686733435,23.92,34.92,65.0,18.5,76.01778725271723,22.05729182627416,18.816910769246675,6.5,76.79579763986897,4.5,1000.0,9450.01,Global_Kaggle_Baseline
Global Baseline,2020,Mixed Grain Baseline,1316.6,26.89060164394303,21.89,32.89,65.0,18.5,75.08517881241224,21.789253424085068,20.05743751393885,6.5,77.09809474382979,4.5,1000.0,9423.7,Global_Kaggle_Baseline
Global Baseline,2020,Mixed Grain Baseline,1318.89,26.96157112999593,21.96,32.96,65.0,18.5,75.0476961205939,21.948335520728666,20.13083293413011,6.5,77.05465404608931,4.5,1000.0,9375.62,Global_Kaggle_Baseline
Global Baseline,2020,Mixed Grain Baseline,1315.48,26.864244697229356,21.86,32.86,65.0,18.5,75.0470247043709,22.038896275462047,20.139124490093018,6.5,76.86183467507723,4.5,1000.0,9421.47,Global_Kaggle_Baseline
Global Baseline,2020,Mixed Grain Baseline,1321.82,27.020941353220746,22.02,33.02,65.0,18.5,75.2175149436418,21.85220264829301,20.075315655284648,6.5,76.9266287318922,4.5,1000.0,9414.64,Global_Kaggle_Baseline
Global Baseline,2020,Mixed Grain Baseline,1319.92,26.983049104837967,21.98,32.98,65.0,18.5,75.10342948794818,22.1334386530058,20.10853337955963,6.5,76.93659249243933,4.5,1000.0,9634.2,Global_Kaggle_Baseline
Global Baseline,2020,Mixed Grain Baseline,1375.88,28.03119597974225,23.03,34.03,65.0,18.5,78.9580160250746,20.954970394647564,19.09950505447564,6.5,75.09261683304882,4.5,1000.0,9400.47,Global_Kaggle_Baseline
Global Baseline,2020,Mixed Grain Baseline,1378.57,28.09846183842225,23.1,34.1,65.0,18.5,79.02392669809186,20.764586146075025,18.89579678060397,6.5,74.98904087467064,4.5,1000.0,9455.92,Global_Kaggle_Baseline
Global Baseline,2020,Mixed Grain Baseline,1401.45,29.16682049232211,24.17,35.17,65.0,18.5,76.12266931833068,22.102353917779904,18.89630635811972,6.5,77.13004159369238,4.5,1000.0,9334.5,Global_Kaggle_Baseline
Global Baseline,2020,Mixed Grain Baseline,1390.98,28.89455979212492,23.89,34.89,65.0,18.5,75.93319728388425,22.00216785836367,18.90297581093995,6.5,76.85143465738346,4.5,1000.0,9510.87,Global_Kaggle_Baseline
Global Baseline,2020,Mixed Grain Baseline,1397.27,29.070827605890678,24.07,35.07,65.0,18.5,75.95874235810761,22.048086998501827,18.922106066434782,6.5,77.04678051674368,4.5,1000.0,9378.78,Global_Kaggle_Baseline
Global Baseline,2020,Mixed Grain Baseline,1321.56,27.04093693055532,22.04,33.04,65.0,18.5,75.02501267596475,22.028469659371485,20.07717803023817,6.5,76.94628196975715,4.5,1000.0,9630.35,Global_Kaggle_Baseline
Global Baseline,2020,Mixed Grain Baseline,1395.59,28.997098782119185,24.0,35.0,65.0,18.5,76.13848678970768,22.03238807397045,18.83942931112876,6.5,77.0504841901312,4.5,1000.0,9533.45,Global_Kaggle_Baseline
Global Baseline,2020,Mixed Grain Baseline,1390.73,28.88341398225553,23.88,34.88,65.0,18.5,75.96230166637974,21.82083635864804,19.16036572686591,6.5,77.04608397293816,4.5,1000.0,9558.04,Global_Kaggle_Baseline
Global Baseline,2020,Mixed Grain Baseline,1373.41,27.9369425755313,22.94,33.94,65.0,18.5,79.12247170945584,20.940389744683163,18.849364624425423,6.5,75.05443142116599,4.5,1000.0,9709.15,Global_Kaggle_Baseline
Global Baseline,2020,Mixed Grain Baseline,1322.05,27.04780128666268,22.05,33.05,65.0,18.5,75.07578410692166,22.22641480380245,19.91874041827305,6.5,76.97637819956068,4.5,1000.0,9629.1,Global_Kaggle_Baseline
Global Baseline,2020,Mixed Grain Baseline,1320.95,27.024462570702976,22.02,33.02,65.0,18.5,75.01956516134666,21.999676783130077,19.91197126256623,6.5,77.14460110851962,4.5,1000.0,9377.94,Global_Kaggle_Baseline
Global Baseline,2020,Mixed Grain Baseline,1371.87,27.908031456168665,22.91,33.91,65.0,18.5,79.01874702867308,21.091515959071156,18.942499220298814,6.5,75.09603935302063,4.5,1000.0,9459.95,Global_Kaggle_Baseline
Global Baseline,2020,Mixed Grain Baseline,1324.74,27.125206270802867,22.13,33.13,65.0,18.5,75.07155357994422,22.04416135480865,20.03649956363298,6.5,77.01185590813834,4.5,1000.0,9362.77,Global_Kaggle_Baseline
Global Baseline,2020,Mixed Grain Baseline,1376.2,28.007841744918984,23.01,34.01,65.0,18.5,79.1841735560502,21.01620403812687,19.047765864033284,6.5,75.09428944341336,4.5,1000.0,9637.11,Global_Kaggle_Baseline
Global Baseline,2020,Mixed Grain Baseline,1323.95,27.08610214938588,22.09,33.09,65.0,18.5,75.18728512506041,21.92218569972995,20.182721647149236,6.5,77.12178433249956,4.5,1000.0,9356.22,Global_Kaggle_Baseline
Global Baseline,2020,Mixed Grain Baseline,1321.51,27.037417179825017,22.04,33.04,65.0,18.5,75.03942093282902,21.953829514170977,19.94828013423872,6.5,76.95968143830532,4.5,1000.0,9477.5,Global_Kaggle_Baseline
Global Baseline,2020,Mixed Grain Baseline,1398.53,29.11658176701248,24.12,35.12,65.0,18.5,75.88983436947306,21.92595222597633,19.06041905411299,6.5,76.73917444693417,4.5,1000.0,9498.63,Global_Kaggle_Baseline
Global Baseline,2020,Mixed Grain Baseline,1394.29,28.997516861819488,24.0,35.0,65.0,18.5,75.87515464670359,22.12996248954762,19.03329977616062,6.5,76.92122171652808,4.5,1000.0,9845.59,Global_Kaggle_Baseline
Global Baseline,2020,Mixed Grain Baseline,1389.71,28.865249821083847,23.87,34.87,65.0,18.5,75.88559610587252,21.96150549861032,18.827030198885915,6.5,77.14166009250184,4.5,1000.0,9575.15,Global_Kaggle_Baseline
Global Baseline,2020,Mixed Grain Baseline,1391.44,28.89632337924945,23.9,34.9,65.0,18.5,76.0128508625672,22.09211948570522,18.926177898740537,6.5,77.06415551212513,4.5,1000.0,9579.55,Global_Kaggle_Baseline
Global Baseline,2020,Mixed Grain Baseline,1312.12,26.764660426357445,21.76,32.76,65.0,18.5,75.07185174522596,22.002352111268934,20.071864178615336,6.5,76.92726024104974,4.5,1000.0,9477.65,Global_Kaggle_Baseline
Global Baseline,2020,Mixed Grain Baseline,1374.48,27.9914781420038,22.99,33.99,65.0,18.5,78.9547333464585,20.91920638506956,19.03809222035,6.5,75.04710855372403,4.5,1000.0,9626.29,Global_Kaggle_Baseline
Global Baseline,2020,Mixed Grain Baseline,1396.08,29.016571760412955,24.02,35.02,65.0,18.5,76.09927552779935,21.97538750048291,19.114853081812893,6.5,77.08248646959484,4.5,1000.0,9423.5,Global_Kaggle_Baseline
Global Baseline,2020,Mixed Grain Baseline,1397.47,29.054775302754777,24.05,35.05,65.0,18.5,76.11125278344647,21.919690373649157,19.053641999669708,6.5,77.07559802241721,4.5,1000.0,9377.42,Global_Kaggle_Baseline
Global Baseline,2020,Mixed Grain Baseline,1378.36,28.107191279390506,23.11,34.11,65.0,18.5,78.92133371209762,20.90511746130052,19.001853577586825,6.5,74.99673417452486,4.5,1000.0,9436.11,Global_Kaggle_Baseline
Global Baseline,2020,Mixed Grain Baseline,1393.42,28.9715499316908,23.97,34.97,65.0,18.5,75.88312283698231,22.009841855354907,19.000886992907635,6.5,77.03177506856676,4.5,1000.0,9503.54,Global_Kaggle_Baseline
Global Baseline,2020,Mixed Grain Baseline,1396.91,29.054706779298165,24.05,35.05,65.0,18.5,76.00004984147535,22.00502666092392,19.03137030048724,6.5,77.02050952590791,4.5,1000.0,9389.07,Global_Kaggle_Baseline
Global Baseline,2020,Mixed Grain Baseline,1375.36,28.020385277491084,23.02,34.02,65.0,18.5,78.92859714557034,20.89692257791701,18.989751159416954,6.5,75.12912240041055,4.5,1000.0,9428.62,Global_Kaggle_Baseline
Global Baseline,2020,Mixed Grain Baseline,1399.8,29.125791676135197,24.13,35.13,65.0,18.5,76.07959523892971,22.04218680820051,19.08064720842295,6.5,77.126909801684,4.5,1000.0,9464.63,Global_Kaggle_Baseline
Global Baseline,2020,Mixed Grain Baseline,1375.69,28.029005372045766,23.03,34.03,65.0,18.5,78.93546277201472,21.00064346760692,18.880001132794053,6.5,75.19216283812148,4.5,1000.0,9517.38,Global_Kaggle_Baseline
Global Baseline,2020,Mixed Grain Baseline,1372.08,27.926692862653884,22.93,33.93,65.0,18.5,78.9296091233261,20.981306634457585,19.055258537680352,6.5,75.10202182729442,4.5,1000.0,9633.92,Global_Kaggle_Baseline
Global Baseline,2020,Mixed Grain Baseline,1325.38,27.13637567829635,22.14,33.14,65.0,18.5,75.12041816596741,22.079441716369907,20.022483716086672,6.5,77.12002176266694,4.5,1000.0,9191.02,Global_Kaggle_Baseline
Global Baseline,2020,Mixed Grain Baseline,1313.63,26.80565193201055,21.81,32.81,65.0,18.5,75.0862971238444,21.8493986078416,20.02637588601505,6.5,77.0792763623868,4.5,1000.0,9446.25,Global_Kaggle_Baseline
Global Baseline,2020,Mixed Grain Baseline,1322.83,27.087832974405615,22.09,33.09,65.0,18.5,74.95113232807205,22.09589546145103,19.846345775025902,6.5,77.03736205878754,4.5,1000.0,9357.59,Global_Kaggle_Baseline
Global Baseline,2020,Mixed Grain Baseline,1372.99,27.96247414981305,22.96,33.96,65.0,18.5,78.86144098386077,20.985352017898627,18.985752117817626,6.5,75.02983756445967,4.5,1000.0,9555.52,Global_Kaggle_Baseline
Global Baseline,2020,Mixed Grain Baseline,1377.22,28.039222023958644,23.04,34.04,65.0,18.5,79.1701097308332,21.132509264427924,19.105087287655262,6.5,75.15725828213289,4.5,1000.0,9540.51,Global_Kaggle_Baseline
Global Baseline,2020,Mixed Grain Baseline,1395.29,29.00652648975052,24.01,35.01,65.0,18.5,76.01298624595186,21.92857857364202,18.856546009894885,6.5,76.95355565309438,4.5,1000.0,9497.63,Global_Kaggle_Baseline
Global Baseline,2020,Mixed Grain Baseline,1376.58,28.05720917806622,23.06,34.06,65.0,18.5,78.91473129058978,20.97601050766331,19.240870471335068,6.5,74.96266887090547,4.5,1000.0,9632.26,Global_Kaggle_Baseline
Global Baseline,2020,Mixed Grain Baseline,1371.73,27.918373007179145,22.92,33.92,65.0,18.5,78.91715620721138,20.858442467491543,19.124582569446908,6.5,75.00902815870278,4.5,1000.0,9789.36,Global_Kaggle_Baseline
Global Baseline,2020,Mixed Grain Baseline,1395.37,29.033775161058973,24.03,35.03,65.0,18.5,75.8376785909244,21.957908092860627,19.01817136418,6.5,76.82532035458969,4.5,1000.0,9499.09,Global_Kaggle_Baseline
Global Baseline,2020,Mixed Grain Baseline,1375.8,28.02012148352013,23.02,34.02,65.0,18.5,79.01927661966846,20.957544103017906,18.933579750766302,6.5,74.95377336170684,4.5,1000.0,9395.49,Global_Kaggle_Baseline
Global Baseline,2020,Mixed Grain Baseline,1373.25,27.948377522535257,22.95,33.95,65.0,18.5,79.01071384754151,20.99483012855897,19.00322061333124,6.5,74.97934671507367,4.5,1000.0,9425.55,Global_Kaggle_Baseline
Global Baseline,2020,Mixed Grain Baseline,1398.71,29.08254739408659,24.08,35.08,65.0,18.5,76.16345243659322,22.051794142987216,19.05753644559417,6.5,76.89806161396805,4.5,1000.0,9400.27,Global_Kaggle_Baseline
Global Baseline,2020,Mixed Grain Baseline,1397.75,29.084445382451054,24.08,35.08,65.0,18.5,75.9593125814903,21.890826689516647,19.01145715133824,6.5,76.91302673218433,4.5,1000.0,9599.57,Global_Kaggle_Baseline
Global Baseline,2020,Mixed Grain Baseline,1376.94,28.07528240804063,23.08,34.08,65.0,18.5,78.86074184873081,21.156072240284978,19.121236672871035,6.5,74.98826467716418,4.5,1000.0,9509.67,Global_Kaggle_Baseline
Global Baseline,2020,Mixed Grain Baseline,1374.61,27.98856123420673,22.99,33.99,65.0,18.5,79.00114669715155,21.060342073898667,19.275164429327408,6.5,74.98812654782445,4.5,1000.0,9646.14,Global_Kaggle_Baseline
Global Baseline,2020,Mixed Grain Baseline,1374.44,27.984853529106523,22.98,33.98,65.0,18.5,78.9934401052659,21.05186496303481,19.167135325840032,6.5,75.00454935101767,4.5,1000.0,9422.41,Global_Kaggle_Baseline
Global Baseline,2020,Mixed Grain Baseline,1391.66,28.90993853440616,23.91,34.91,65.0,18.5,75.96298271907537,21.829802500766377,18.9789663521836,6.5,76.95863664025914,4.5,1000.0,9620.37,Global_Kaggle_Baseline
Global Baseline,2020,Mixed Grain Baseline,1376.11,28.03697980489592,23.04,34.04,65.0,18.5,78.96367654260294,20.949052242118643,18.8447905607781,6.5,75.15923924356562,4.5,1000.0,9460.37,Global_Kaggle_Baseline
Global Baseline,2020,Mixed Grain Baseline,1320.58,26.98771098705679,21.99,32.99,65.0,18.5,75.20140428613139,21.738125438715308,20.060006449688878,6.5,76.92971812738944,4.5,1000.0,9518.6,Global_Kaggle_Baseline
Global Baseline,2020,Mixed Grain Baseline,1314.68,26.84535475355517,21.85,32.85,65.0,18.5,75.01858814397295,21.73435252419677,20.10426674935801,6.5,76.92497669195217,4.5,1000.0,9469.46,Global_Kaggle_Baseline
Global Baseline,2020,Mixed Grain Baseline,1326.91,27.20028575853113,22.2,33.2,65.0,18.5,74.98011923648468,21.97601745482092,20.05054156784505,6.5,77.00983061123061,4.5,1000.0,9427.83,Global_Kaggle_Baseline
Global Baseline,2020,Mixed Grain Baseline,1372.59,27.953150993203185,22.95,33.95,65.0,18.5,78.8449574610923,20.942284323740196,19.03182739234507,6.5,75.10962601227877,4.5,1000.0,9533.29,Global_Kaggle_Baseline
Global Baseline,2020,Mixed Grain Baseline,1397.7,29.06965085176155,24.07,35.07,65.0,18.5,76.05237984828477,22.24571672078686,19.04835070831394,6.5,76.98170167892349,4.5,1000.0,9597.82,Global_Kaggle_Baseline
Global Baseline,2020,Mixed Grain Baseline,1374.77,27.997319586693507,23.0,34.0,65.0,18.5,78.97373229890177,21.235787506153947,18.94924632124263,6.5,75.03135073358715,4.5,1000.0,9224.0,Global_Kaggle_Baseline
Global Baseline,2020,Mixed Grain Baseline,1398.78,29.09197954648161,24.09,35.09,65.0,18.5,76.11300552990049,21.92300999859187,18.970993166994965,6.5,76.88855983561373,4.5,1000.0,9596.39,Global_Kaggle_Baseline
Global Baseline,2020,Mixed Grain Baseline,1398.61,29.11876491846689,24.12,35.12,65.0,18.5,75.89077372944983,21.87255916435124,18.94001757318366,6.5,77.19225741871163,4.5,1000.0,9461.69,Global_Kaggle_Baseline
Global Baseline,2020,Mixed Grain Baseline,1372.33,27.9185919329674,22.92,33.92,65.0,18.5,79.03682771842419,20.90941546286508,18.88450383115917,6.5,74.93980484990124,4.5,1000.0,9495.19,Global_Kaggle_Baseline
Global Baseline,2020,Mixed Grain Baseline,1323.72,27.100439587455813,22.1,33.1,65.0,18.5,75.0411285260833,21.859188772362124,20.15023508889971,6.5,77.09111147043097,4.5,1000.0,9353.67,Global_Kaggle_Baseline
Global Baseline,2020,Mixed Grain Baseline,1371.97,27.91851879610237,22.92,33.92,65.0,18.5,78.96459484834955,20.942188820708303,19.07669154725415,6.5,74.82124318563615,4.5,1000.0,9509.16,Global_Kaggle_Baseline
Global Baseline,2020,Mixed Grain Baseline,1384.84,28.269022229628334,23.27,34.27,65.0,18.5,79.08515613456417,20.95047826887364,19.066332243844773,6.5,75.1342562824702,4.5,1000.0,9432.44,Global_Kaggle_Baseline
Global Baseline,2020,Mixed Grain Baseline,1372.39,27.937464543974407,22.94,33.94,65.0,18.5,78.91673186225327,20.802216932151463,19.186740661976405,6.5,74.97761018266479,4.5,1000.0,9425.47,Global_Kaggle_Baseline
Global Baseline,2020,Mixed Grain Baseline,1326.93,27.195966918588617,22.2,33.2,65.0,18.5,75.0137440691679,22.092004938211826,19.84830056296185,6.5,77.06671957592502,4.5,1000.0,9595.34,Global_Kaggle_Baseline
Global Baseline,2020,Mixed Grain Baseline,1393.87,28.97753712938412,23.98,34.98,65.0,18.5,75.93134493756722,22.12990188699972,19.093834761983924,6.5,76.91860945353278,4.5,1000.0,9520.41,Global_Kaggle_Baseline
Global Baseline,2020,Mixed Grain Baseline,1324.43,27.120861576086075,22.12,33.12,65.0,18.5,75.03927701270062,21.97481514829184,20.08296882585016,6.5,77.07686135756076,4.5,1000.0,9433.54,Global_Kaggle_Baseline
Global Baseline,2020,Mixed Grain Baseline,1316.9,26.90381933733868,21.9,32.9,65.0,18.5,75.05362983270385,21.98746467693683,20.01732454022228,6.5,76.92854695994076,4.5,1000.0,9335.14,Global_Kaggle_Baseline
Global Baseline,2020,Mixed Grain Baseline,1313.15,26.815541948708404,21.82,32.82,65.0,18.5,74.92078007382767,22.007485557551085,20.24018506690756,6.5,76.92313624844203,4.5,1000.0,9645.57,Global_Kaggle_Baseline
Global Baseline,2020,Mixed Grain Baseline,1370.06,27.86628089887187,22.87,33.87,65.0,18.5,78.94813495395157,21.11142105806008,18.983470292733628,6.5,74.78513142042658,4.5,1000.0,9590.06,Global_Kaggle_Baseline
Global Baseline,2020,Mixed Grain Baseline,1375.01,27.989540864301265,22.99,33.99,65.0,18.5,79.07466721304544,21.011922947997498,19.05218538280467,6.5,74.89874730117026,4.5,1000.0,9311.9,Global_Kaggle_Baseline
Global Baseline,2020,Mixed Grain Baseline,1318.51,26.94227334582796,21.94,32.94,65.0,18.5,75.10558310189582,21.94809118930162,19.837665157527223,6.5,77.07080732981208,4.5,1000.0,9461.55,Global_Kaggle_Baseline
Global Baseline,2020,Mixed Grain Baseline,1376.01,28.02013742714536,23.02,34.02,65.0,18.5,79.06064745119724,20.90405793559933,19.07522244438345,6.5,74.88961185397267,4.5,1000.0,9702.96,Global_Kaggle_Baseline
Global Baseline,2020,Mixed Grain Baseline,1317.02,26.933813289809883,21.93,32.93,65.0,18.5,74.8677989264037,22.146511210476078,20.113437114171187,6.5,76.8991684730183,4.5,1000.0,9398.8,Global_Kaggle_Baseline
Global Baseline,2020,Mixed Grain Baseline,1370.6,27.87909937606428,22.88,33.88,65.0,18.5,78.96611536214871,21.185678367546917,18.90762436593113,6.5,75.03512210318904,4.5,1000.0,9534.95,Global_Kaggle_Baseline
Global Baseline,2020,Mixed Grain Baseline,1391.02,28.888602097620097,23.89,34.89,65.0,18.5,75.98453208256308,21.88612511878604,19.043493123291825,6.5,77.15793618572047,4.5,1000.0,9696.29,Global_Kaggle_Baseline
Global Baseline,2020,Mixed Grain Baseline,1375.67,28.002214490784656,23.0,34.0,65.0,18.5,79.11947751850742,21.0237445358409,18.968514879891465,6.5,75.09143700946383,4.5,1000.0,9493.05,Global_Kaggle_Baseline
Global Baseline,2020,Mixed Grain Baseline,1317.66,26.94282560881811,21.94,32.94,65.0,18.5,74.9314629839421,21.93288584020414,19.900070283828644,6.5,76.95095763839343,4.5,1000.0,9451.16,Global_Kaggle_Baseline
Global Baseline,2020,Mixed Grain Baseline,1391.64,28.899863617404417,23.9,34.9,65.0,18.5,76.02967007711754,21.750190572381086,19.041404121452725,6.5,76.91606910391721,4.5,1000.0,9413.6,Global_Kaggle_Baseline
Global Baseline,2020,Mixed Grain Baseline,1391.49,28.901010272269502,23.9,34.9,65.0,18.5,75.99105797525974,22.093269037528163,18.905895063412352,6.5,76.93668692503434,4.5,1000.0,9525.67,Global_Kaggle_Baseline
Global Baseline,2020,Mixed Grain Baseline,1398.26,29.08279274236968,24.08,35.08,65.0,18.5,76.07221049680535,21.94948325935291,19.22170188071077,6.5,77.06923629140671,4.5,1000.0,9472.31,Global_Kaggle_Baseline
Global Baseline,2020,Mixed Grain Baseline,1376.77,28.051301653468983,23.05,34.05,65.0,18.5,78.99527376196212,21.067843929388623,18.88672792021636,6.5,75.13500410827052,4.5,1000.0,9349.5,Global_Kaggle_Baseline
Global Baseline,2020,Mixed Grain Baseline,1325.6,27.16271753611706,22.16,33.16,65.0,18.5,74.98146598303978,22.051507144033103,20.06593741998421,6.5,77.15152954815414,4.5,1000.0,9461.58,Global_Kaggle_Baseline
Global Baseline,2020,Mixed Grain Baseline,1319.65,26.99999693734604,22.0,33.0,65.0,18.5,74.93049208813635,22.023378504119684,19.88548640438086,6.5,77.01016131626191,4.5,1000.0,9508.03,Global_Kaggle_Baseline
Global Baseline,2020,Mixed Grain Baseline,1395.59,29.007443026187172,24.01,35.01,65.0,18.5,76.06577149789699,21.929890774110746,18.92999273804903,6.5,76.9846060444363,4.5,1000.0,9610.16,Global_Kaggle_Baseline
Global Baseline,2020,Mixed Grain Baseline,1374.12,27.97359088912796,22.97,33.97,65.0,18.5,79.00982738261254,21.04417503642783,19.1623295088857,6.5,75.17876078754067,4.5,1000.0,9486.93,Global_Kaggle_Baseline
Global Baseline,2020,Mixed Grain Baseline,1389.24,28.85198757203009,23.85,34.85,65.0,18.5,75.88356884087848,21.955636288818734,19.056997828070003,6.5,76.92443520330636,4.5,1000.0,9524.82,Global_Kaggle_Baseline
Global Baseline,2020,Mixed Grain Baseline,1390.08,28.886217922537394,23.89,34.89,65.0,18.5,75.81300578457841,22.021439750576448,19.04884094540323,6.5,76.85989883511358,4.5,1000.0,9692.36,Global_Kaggle_Baseline
Global Baseline,2020,Mixed Grain Baseline,1319.68,27.01347351949125,22.01,33.01,65.0,18.5,74.84172886702157,22.05348054676908,20.00544144325525,6.5,77.06547732748474,4.5,1000.0,9329.7,Global_Kaggle_Baseline
Global Baseline,2020,Mixed Grain Baseline,1379.59,28.136421428913017,23.14,34.14,65.0,18.5,78.96245135935537,21.01272167736958,18.992530947332064,6.5,74.91472998501432,4.5,1000.0,9450.16,Global_Kaggle_Baseline
Global Baseline,2020,Mixed Grain Baseline,1323.77,27.095596475072902,22.1,33.1,65.0,18.5,75.0845184492231,22.08500874008652,19.888022077077427,6.5,76.99569515322234,4.5,1000.0,9479.04,Global_Kaggle_Baseline
Global Baseline,2020,Mixed Grain Baseline,1372.83,27.939887232895263,22.94,33.94,65.0,18.5,78.98634084363337,20.991096722786452,19.19561938440252,6.5,74.84732395343477,4.5,1000.0,9434.71,Global_Kaggle_Baseline
Global Baseline,2020,Mixed Grain Baseline,1321.13,27.026655008792563,22.03,33.03,65.0,18.5,75.03930856372513,21.940998336829963,20.095086699382165,6.5,77.03482968294492,4.5,1000.0,9436.33,Global_Kaggle_Baseline
Global Baseline,2020,Mixed Grain Baseline,1371.09,27.89309294235712,22.89,33.89,65.0,18.5,78.96733344974393,20.85319224228797,19.14453697303065,6.5,74.97981092492327,4.5,1000.0,9487.05,Global_Kaggle_Baseline
Global Baseline,2020,Mixed Grain Baseline,1330.0,27.0,22.0,33.0,65.0,18.5,77.0,23.0,20.0,6.5,79.0,4.5,1000.0,10500.0,Global_Kaggle_Baseline
Global Baseline,2020,Mixed Grain Baseline,1365.0,28.0,23.0,34.0,65.0,18.5,77.0,23.0,21.0,6.5,79.0,4.5,1000.0,10500.0,Global_Kaggle_Baseline
Global Baseline,2020,Mixed Grain Baseline,1362.37,27.919134567757222,22.92,33.92,65.0,18.5,77.03993473556584,23.03518294815573,21.163049813029037,6.5,78.88012553123252,4.5,1000.0,10794.15,Global_Kaggle_Baseline
Global Baseline,2020,Mixed Grain Baseline,1362.17,27.930450617723725,22.93,33.93,65.0,18.5,76.92097157735981,22.82122342650553,21.01530868059419,6.5,79.01740923347205,4.5,1000.0,10560.88,Global_Kaggle_Baseline
Global Baseline,2020,Mixed Grain Baseline,1362.02,27.902797906526725,22.9,33.9,65.0,18.5,77.08360613657219,23.085106870975817,20.98981299922252,6.5,79.13361416170217,4.5,1000.0,10342.44,Global_Kaggle_Baseline
Global Baseline,2020,Mixed Grain Baseline,1329.12,26.967747385723523,21.97,32.97,65.0,18.5,77.0492067823226,23.134728545235877,19.96347497386225,6.5,79.03428740147923,4.5,1000.0,10692.92,Global_Kaggle_Baseline
Global Baseline,2020,Mixed Grain Baseline,1329.84,26.99898147795381,22.0,33.0,65.0,18.5,76.97572728958546,23.01422435799447,20.138243475791043,6.5,79.05473849244774,4.5,1000.0,10542.64,Global_Kaggle_Baseline
Global Baseline,2020,Mixed Grain Baseline,1362.45,27.915548752196877,22.92,33.92,65.0,18.5,77.08163014562719,23.050314132240917,20.95080315716808,6.5,78.99810990443731,4.5,1000.0,10622.45,Global_Kaggle_Baseline
Global Baseline,2020,Mixed Grain Baseline,1369.88,28.16359280018296,23.16,34.16,65.0,18.5,76.83116234015012,22.8769432502324,20.968086232033016,6.5,79.08707591961146,4.5,1000.0,10597.68,Global_Kaggle_Baseline
Global Baseline,2020,Mixed Grain Baseline,1331.53,27.048208904409663,22.05,33.05,65.0,18.5,76.96771004723449,23.04820369934361,20.043346680564586,6.5,79.08447805144478,4.5,1000.0,10549.15,Global_Kaggle_Baseline
Global Baseline,2020,Mixed Grain Baseline,1332.37,27.067552327455925,22.07,33.07,65.0,18.5,77.0014149050316,22.91055083044265,20.33448652168961,6.5,79.04999045851157,4.5,1000.0,10583.84,Global_Kaggle_Baseline
Global Baseline,2020,Mixed Grain Baseline,1365.09,27.98475659392542,22.98,33.98,65.0,18.5,77.12419297823755,23.03021849820829,21.00915835507065,6.5,79.11547200779846,4.5,1000.0,10538.09,Global_Kaggle_Baseline
Global Baseline,2020,Mixed Grain Baseline,1325.14,26.837470945176083,21.84,32.84,65.0,18.5,77.16480474001085,22.992252537541543,20.12269667909695,6.5,78.86344545377862,4.5,1000.0,10466.81,Global_Kaggle_Baseline
Global Baseline,2020,Mixed Grain Baseline,1326.7,26.925508014019588,21.93,32.93,65.0,18.5,76.8619501781614,23.08966485893105,19.89975659751331,6.5,79.13496605275719,4.5,1000.0,10280.3,Global_Kaggle_Baseline
Global Baseline,2020,Mixed Grain Baseline,1330.97,27.014469114847152,22.01,33.01,65.0,18.5,77.09193548312805,23.102323640367857,19.867970110804027,6.5,78.93920792154849,4.5,1000.0,10520.33,Global_Kaggle_Baseline
Global Baseline,2020,Mixed Grain Baseline,1358.04,27.81549898425526,22.82,33.82,65.0,18.5,76.89947902309152,23.106455368781077,21.010289838015964,6.5,79.04472520577443,4.5,1000.0,10347.91,Global_Kaggle_Baseline
Global Baseline,2020,Mixed Grain Baseline,1366.46,28.03492845166921,23.03,34.03,65.0,18.5,77.04806715079407,22.913533236879584,20.902873498874637,6.5,78.84715736087023,4.5,1000.0,10505.39,Global_Kaggle_Baseline
Global Baseline,2020,Mixed Grain Baseline,1360.93,27.911695555965892,22.91,33.91,65.0,18.5,76.80338460756198,22.916347761080083,20.84029208657918,6.5,78.97425892543698,4.5,1000.0,10542.55,Global_Kaggle_Baseline
Global Baseline,2020,Mixed Grain Baseline,1331.31,27.08766046796034,22.09,33.09,65.0,18.5,76.64826948003389,22.763892098524103,19.991725943444617,6.5,79.05801917441009,4.5,1000.0,10442.2,Global_Kaggle_Baseline
Global Baseline,2020,Mixed Grain Baseline,1335.3,27.14875504983379,22.15,33.15,65.0,18.5,77.01869104703401,22.935874037061083,20.043591119636652,6.5,79.1053098350453,4.5,1000.0,10521.53,Global_Kaggle_Baseline
Global Baseline,2020,Mixed Grain Baseline,1367.41,28.04800389521661,23.05,34.05,65.0,18.5,77.14556855526132,22.960960746822757,20.890503625616724,6.5,78.98456427675346,4.5,1000.0,10576.03,Global_Kaggle_Baseline
Global Baseline,2020,Mixed Grain Baseline,1371.73,28.20971129666685,23.21,34.21,65.0,18.5,76.87864076840289,22.954279374466942,20.881951090892084,6.5,79.00645984036397,4.5,1000.0,10512.37,Global_Kaggle_Baseline
Global Baseline,2020,Mixed Grain Baseline,1324.94,26.83852587924837,21.84,32.84,65.0,18.5,77.11840225461368,22.92744629049336,19.98127847608015,6.5,79.02455573128395,4.5,1000.0,10568.42,Global_Kaggle_Baseline
Global Baseline,2020,Mixed Grain Baseline,1362.31,27.90339238593258,22.9,33.9,65.0,18.5,77.13858522887493,23.18675825781221,21.16127119839172,6.5,78.93815635872717,4.5,1000.0,10386.15,Global_Kaggle_Baseline
Global Baseline,2020,Mixed Grain Baseline,1362.09,27.925476531285184,22.93,33.93,65.0,18.5,76.94019346190072,23.137264212263577,21.07233256423685,6.5,78.99976806992908,4.5,1000.0,10531.48,Global_Kaggle_Baseline
Global Baseline,2020,Mixed Grain Baseline,1330.69,26.997773032333136,22.0,33.0,65.0,18.5,77.15315832891008,22.880896896120685,19.86235021604589,6.5,79.03783371270822,4.5,1000.0,10193.38,Global_Kaggle_Baseline
Global Baseline,2020,Mixed Grain Baseline,1363.03,27.942664402393387,22.94,33.94,65.0,18.5,77.00661280344293,23.09125743014325,21.016470327808545,6.5,79.1752362796543,4.5,1000.0,10421.51,Global_Kaggle_Baseline
Global Baseline,2020,Mixed Grain Baseline,1330.26,27.019718181392488,22.02,33.02,65.0,18.5,76.91465856465214,22.88052470939621,20.003477458696292,6.5,79.03501060598118,4.5,1000.0,10422.55,Global_Kaggle_Baseline
Global Baseline,2020,Mixed Grain Baseline,1353.48,27.68740563912788,22.69,33.69,65.0,18.5,76.88433407009535,23.02862980210901,21.080868489178684,6.5,79.0485845683804,4.5,1000.0,10402.18,Global_Kaggle_Baseline
Global Baseline,2020,Mixed Grain Baseline,1331.64,27.06862814696602,22.07,33.07,65.0,18.5,76.8476635772337,23.08451447473608,20.008695351472014,6.5,79.05205844043198,4.5,1000.0,10444.36,Global_Kaggle_Baseline
Global Baseline,2020,Mixed Grain Baseline,1365.56,28.008028270335988,23.01,34.01,65.0,18.5,77.05522762058774,23.015189691391143,20.92398646066944,6.5,79.01415537351942,4.5,1000.0,10667.05,Global_Kaggle_Baseline
Global Baseline,2020,Mixed Grain Baseline,1366.1,28.027510687730352,23.03,34.03,65.0,18.5,77.02714471975716,22.86879789265675,20.954638494074267,6.5,79.08285812808671,4.5,1000.0,10474.95,Global_Kaggle_Baseline
Global Baseline,2020,Mixed Grain Baseline,1360.61,27.875005494480213,22.88,33.88,65.0,18.5,76.99737202835324,23.13485190761104,21.171481142720356,6.5,78.94292629271851,4.5,1000.0,10698.5,Global_Kaggle_Baseline
Global Baseline,2020,Mixed Grain Baseline,1359.93,27.89914348460169,22.9,33.9,65.0,18.5,76.69230860260234,23.075048843399816,21.106802345097503,6.5,79.21752531186829,4.5,1000.0,10692.45,Global_Kaggle_Baseline
Global Baseline,2020,Mixed Grain Baseline,1324.84,26.840194553218,21.84,32.84,65.0,18.5,77.08747232176773,23.11336458255529,20.058072059803788,6.5,78.7399447364958,4.5,1000.0,10595.16,Global_Kaggle_Baseline
Global Baseline,2020,Mixed Grain Baseline,1359.98,27.830713181396,22.83,33.83,65.0,18.5,77.18084478612325,22.83734131247973,21.001578154108326,6.5,78.96044756174231,4.5,1000.0,10556.47,Global_Kaggle_Baseline
Global Baseline,2020,Mixed Grain Baseline,1331.08,27.000837816891664,22.0,33.0,65.0,18.5,77.210134951125,22.87653740986332,20.034480930225023,6.5,79.03304251970839,4.5,1000.0,10522.46,Global_Kaggle_Baseline
Global Baseline,2020,Mixed Grain Baseline,1324.98,26.848550988108222,21.85,32.85,65.0,18.5,77.05674392910831,22.930165669787048,19.97298537579533,6.5,79.12376724642455,4.5,1000.0,10479.2,Global_Kaggle_Baseline
Global Baseline,2020,Mixed Grain Baseline,1359.49,27.84064011294172,22.84,33.84,65.0,18.5,77.01328931589586,23.06931247090164,21.003462845951518,6.5,78.88821254274148,4.5,1000.0,10443.61,Global_Kaggle_Baseline
Global Baseline,2020,Mixed Grain Baseline,1333.76,27.12371446421397,22.12,33.12,65.0,18.5,76.88602070169725,23.058463607864766,20.03395556548183,6.5,79.002211172103,4.5,1000.0,10497.53,Global_Kaggle_Baseline
Global Baseline,2020,Mixed Grain Baseline,1334.95,27.126918355970076,22.13,33.13,65.0,18.5,77.10059978193543,22.94624355497592,20.124623716725957,6.5,79.01488862490503,4.5,1000.0,10684.51,Global_Kaggle_Baseline
Global Baseline,2020,Mixed Grain Baseline,1327.1,26.901862078457786,21.9,32.9,65.0,18.5,77.107437761474,23.04436896991044,19.93749839270109,6.5,78.99793758470257,4.5,1000.0,10524.71,Global_Kaggle_Baseline
Global Baseline,2020,Mixed Grain Baseline,1357.1,27.770258119433915,22.77,33.77,65.0,18.5,77.02842451117503,22.983791164487204,20.940570257618397,6.5,79.05777341081702,4.5,1000.0,10412.94,Global_Kaggle_Baseline
Global Baseline,2020,Mixed Grain Baseline,1364.3,28.023205310072747,23.02,34.02,65.0,18.5,76.69746288739577,22.940030798913767,20.99948091959244,6.5,79.03756081587662,4.5,1000.0,10386.27,Global_Kaggle_Baseline
Global Baseline,2020,Mixed Grain Baseline,1333.63,27.11130734271249,22.11,33.11,65.0,18.5,76.947470379654,23.0823437093713,19.995934985993344,6.5,78.95407751137097,4.5,1000.0,10429.87,Global_Kaggle_Baseline
Global Baseline,2020,Mixed Grain Baseline,1328.86,26.97575150412581,21.98,32.98,65.0,18.5,76.94074331995503,23.068536172656017,19.89923293343371,6.5,78.8016881233888,4.5,1000.0,10435.38,Global_Kaggle_Baseline
Global Baseline,2020,Mixed Grain Baseline,1331.07,27.022416692324988,22.02,33.02,65.0,18.5,77.05635382456784,22.927783599953777,20.095537469667963,6.5,78.94663273316061,4.5,1000.0,10672.45,Global_Kaggle_Baseline
Global Baseline,2020,Mixed Grain Baseline,1366.62,28.037445417924943,23.04,34.04,65.0,18.5,77.0616912821336,22.932988872760653,21.05449100119752,6.5,78.93296090992092,4.5,1000.0,10705.41,Global_Kaggle_Baseline
Global Baseline,2020,Mixed Grain Baseline,1365.28,28.021090018169865,23.02,34.02,65.0,18.5,76.90880021295479,23.038711173214264,20.941060828966304,6.5,79.0667013677566,4.5,1000.0,10619.26,Global_Kaggle_Baseline
Global Baseline,2020,Mixed Grain Baseline,1366.45,28.0443843808548,23.04,34.04,65.0,18.5,76.97842462022675,23.073617464914854,21.012342661281497,6.5,79.01391326928581,4.5,1000.0,10414.57,Global_Kaggle_Baseline
Global Baseline,2020,Mixed Grain Baseline,1325.18,26.861514924495975,21.86,32.86,65.0,18.5,77.00618540865307,22.87649880038813,19.978647779663863,6.5,78.91660773211782,4.5,1000.0,10413.55,Global_Kaggle_Baseline
Global Baseline,2020,Mixed Grain Baseline,1361.57,27.917093551786405,22.92,33.92,65.0,18.5,76.89441249213553,22.941032483279077,20.822281716811908,6.5,79.08348818835988,4.5,1000.0,10481.59,Global_Kaggle_Baseline
Global Baseline,2020,Mixed Grain Baseline,1332.8,27.079709031551367,22.08,33.08,65.0,18.5,77.00216620160695,22.987393707179308,20.123763377613205,6.5,79.07351344037083,4.5,1000.0,10522.79,Global_Kaggle_Baseline
Global Baseline,2020,Mixed Grain Baseline,1371.57,28.18957916588032,23.19,34.19,65.0,18.5,76.98731390707464,22.96466824708668,21.023056055084936,6.5,78.98137972774052,4.5,1000.0,10442.45,Global_Kaggle_Baseline
Global Baseline,2020,Mixed Grain Baseline,1367.6,28.049415615559777,23.05,34.05,65.0,18.5,77.173197474292,23.080774716793275,20.876688421304152,6.5,79.08774181319338,4.5,1000.0,10610.17,Global_Kaggle_Baseline
Global Baseline,2020,Mixed Grain Baseline,1323.69,26.81401403221281,21.81,32.81,65.0,18.5,77.04022314638618,23.006982016276016,19.78436421188927,6.5,79.03588570039463,4.5,1000.0,10453.35,Global_Kaggle_Baseline
Global Baseline,2020,Mixed Grain Baseline,1364.06,27.97422288373649,22.97,33.97,65.0,18.5,76.99153702601052,22.983201601441195,20.91267282030327,6.5,78.93258712503716,4.5,1000.0,10525.73,Global_Kaggle_Baseline
Global Baseline,2020,Mixed Grain Baseline,1333.96,27.11640429441269,22.12,33.12,65.0,18.5,76.9774628809135,22.89047346713886,20.01833406495157,6.5,78.9682205526963,4.5,1000.0,10449.25,Global_Kaggle_Baseline
Global Baseline,2020,Mixed Grain Baseline,1370.05,28.1173053495281,23.12,34.12,65.0,18.5,77.18791146109413,23.10329517560495,20.8876884213947,6.5,79.11077144679615,4.5,1000.0,10583.0,Global_Kaggle_Baseline
Global Baseline,2020,Mixed Grain Baseline,1330.72,27.008439760050027,22.01,33.01,65.0,18.5,77.08532220044405,22.776534482843424,20.001995526890056,6.5,79.1199038674989,4.5,1000.0,10414.55,Global_Kaggle_Baseline
Global Baseline,2020,Mixed Grain Baseline,1331.0,27.042684526119167,22.04,33.04,65.0,18.5,76.90136319293904,22.90649333053283,20.042542262676047,6.5,78.9376494585107,4.5,1000.0,10423.27,Global_Kaggle_Baseline
Global Baseline,2020,Mixed Grain Baseline,1364.34,27.992029418089405,22.99,33.99,65.0,18.5,76.92410763382566,23.040041173735062,20.98088917311778,6.5,79.01310009800495,4.5,1000.0,10578.01,Global_Kaggle_Baseline
Global Baseline,2020,Mixed Grain Baseline,1367.84,28.065213129936826,23.07,34.07,65.0,18.5,77.11153671957277,23.19320536109744,21.09332833364703,6.5,79.06835462271304,4.5,1000.0,10531.87,Global_Kaggle_Baseline
Global Baseline,2020,Mixed Grain Baseline,1329.1,26.992531009099316,21.99,32.99,65.0,18.5,76.87252040839473,23.020480779776463,20.073510920305036,6.5,78.86585210496129,4.5,1000.0,10340.64,Global_Kaggle_Baseline
Global Baseline,2020,Mixed Grain Baseline,1368.04,28.074184718591432,23.07,34.07,65.0,18.5,77.08907458567091,22.91671582665341,21.065621526406385,6.5,78.8790800980045,4.5,1000.0,10586.98,Global_Kaggle_Baseline
Global Baseline,2020,Mixed Grain Baseline,1366.77,28.04794368804862,23.05,34.05,65.0,18.5,77.01854456293071,22.945211852524025,21.097768889079735,6.5,78.86522606575507,4.5,1000.0,10304.45,Global_Kaggle_Baseline
Global Baseline,2020,Mixed Grain Baseline,1334.39,27.139517395807776,22.14,33.14,65.0,18.5,76.90159049822078,23.148627763153097,19.91689039327504,6.5,79.02665218122571,4.5,1000.0,10505.93,Global_Kaggle_Baseline
Global Baseline,2020,Mixed Grain Baseline,1333.71,27.115384091226847,22.12,33.12,65.0,18.5,76.93484960194814,22.939844239028027,19.97465070156352,6.5,78.9275732998948,4.5,1000.0,10524.74,Global_Kaggle_Baseline
Global Baseline,2020,Mixed Grain Baseline,1337.86,27.21471032411885,22.21,33.21,65.0,18.5,77.06980544024873,23.10786359643225,20.00865131920848,6.5,79.09224987656962,4.5,1000.0,10544.05,Global_Kaggle_Baseline
Global Baseline,2020,Mixed Grain Baseline,1330.53,27.034377927746636,22.03,33.03,65.0,18.5,76.86573396682216,22.813176874616687,20.02895774663345,6.5,78.99472427177831,4.5,1000.0,10759.79,Global_Kaggle_Baseline
Global Baseline,2020,Mixed Grain Baseline,1359.74,27.831325283991127,22.83,33.83,65.0,18.5,77.12906712946,23.094510965266775,20.979231948416945,6.5,79.01833484112022,4.5,1000.0,10556.6,Global_Kaggle_Baseline
Global Baseline,2020,Mixed Grain Baseline,1330.32,26.994853409923028,21.99,32.99,65.0,18.5,77.10030122161831,22.999548427419263,19.958815639257484,6.5,79.01232798047194,4.5,1000.0,10472.76,Global_Kaggle_Baseline
Global Baseline,2020,Mixed Grain Baseline,1359.41,27.83397034957325,22.83,33.83,65.0,18.5,77.04518854615574,22.972685009672976,21.19255986152914,6.5,79.07016375287131,4.5,1000.0,10559.42,Global_Kaggle_Baseline
Global Baseline,2020,Mixed Grain Baseline,1368.36,28.087277996855786,23.09,34.09,65.0,18.5,77.06045869564039,22.89065013184873,20.917861926523223,6.5,78.92931877017908,4.5,1000.0,10582.52,Global_Kaggle_Baseline
Global Baseline,2020,Mixed Grain Baseline,1363.44,27.94122435256741,22.94,33.94,65.0,18.5,77.10018144814404,23.225973969701585,21.084837579674133,6.5,78.95427882808926,4.5,1000.0,10522.73,Global_Kaggle_Baseline
Global Baseline,2020,Mixed Grain Baseline,1364.21,27.965092175860853,22.97,33.97,65.0,18.5,77.08629701814617,23.027016844996552,20.79698507182879,6.5,79.21462172371324,4.5,1000.0,10509.68,Global_Kaggle_Baseline
Global Baseline,2020,Mixed Grain Baseline,1372.1,28.21300585411225,23.21,34.21,65.0,18.5,76.92808999283758,22.99180747788281,21.00866492463713,6.5,79.18127746249448,4.5,1000.0,10509.09,Global_Kaggle_Baseline
Global Baseline,2020,Mixed Grain Baseline,1330.91,27.014100809149028,22.01,33.01,65.0,18.5,77.08392144633937,23.07942243196121,20.014340042525568,6.5,78.93146109515008,4.5,1000.0,10553.91,Global_Kaggle_Baseline
Global Baseline,2020,Mixed Grain Baseline,1324.23,26.83374811103212,21.83,32.83,65.0,18.5,77.01049963818757,23.051366503184138,19.990603392832234,6.5,79.05365522986119,4.5,1000.0,10575.33,Global_Kaggle_Baseline
Global Baseline,2020,Mixed Grain Baseline,1325.24,26.87861905134229,21.88,32.88,65.0,18.5,76.89722292127412,23.06221016319621,20.11629098216002,6.5,78.9471259491588,4.5,1000.0,10499.96,Global_Kaggle_Baseline
Global Baseline,2020,Mixed Grain Baseline,1333.59,27.108176419568046,22.11,33.11,65.0,18.5,76.96050881691835,22.91073842625837,19.95121316803409,6.5,78.93532827411987,4.5,1000.0,10662.64,Global_Kaggle_Baseline
Global Baseline,2020,Mixed Grain Baseline,1363.83,27.957752393536712,22.96,33.96,65.0,18.5,77.06255468032926,22.81513692132432,20.85377802539707,6.5,79.19293515821232,4.5,1000.0,10568.74,Global_Kaggle_Baseline
Global Baseline,2020,Mixed Grain Baseline,1364.46,28.002240117435896,23.0,34.0,65.0,18.5,76.87620543296163,22.96250259879432,20.986981190744647,6.5,78.98226803727046,4.5,1000.0,10592.8,Global_Kaggle_Baseline
Global Baseline,2020,Mixed Grain Baseline,1323.34,26.813236301766334,21.81,32.81,65.0,18.5,76.97497698519727,23.060420729958548,20.053482454074647,6.5,78.99655429166907,4.5,1000.0,10602.29,Global_Kaggle_Baseline
Global Baseline,2020,Mixed Grain Baseline,1333.34,27.091312356286423,22.09,33.09,65.0,18.5,77.02899902871451,22.92492368273252,20.15754510450432,6.5,79.00603387245897,4.5,1000.0,10337.19,Global_Kaggle_Baseline
Global Baseline,2020,Mixed Grain Baseline,1330.64,27.015373630292288,22.02,33.02,65.0,18.5,77.01959864254277,23.003542049778275,20.029216240780062,6.5,78.83752896394469,4.5,1000.0,10587.31,Global_Kaggle_Baseline
Global Baseline,2020,Mixed Grain Baseline,1331.57,27.029543945430103,22.03,33.03,65.0,18.5,77.1074030832361,22.933024637439846,19.781462011525072,6.5,78.95569067987232,4.5,1000.0,10432.96,Global_Kaggle_Baseline
Global Baseline,2020,Mixed Grain Baseline,1361.13,27.900993616871222,22.9,33.9,65.0,18.5,76.9190705954835,23.058581715723967,20.892492503461558,6.5,79.0383267781179,4.5,1000.0,10487.45,Global_Kaggle_Baseline
Global Baseline,2020,Mixed Grain Baseline,1364.64,27.975100846492325,22.98,33.98,65.0,18.5,77.10190673822915,23.04051678176935,20.890294034656915,6.5,79.051154540712,4.5,1000.0,10555.81,Global_Kaggle_Baseline
Global Baseline,2020,Mixed Grain Baseline,1369.43,28.08571751669064,23.09,34.09,65.0,18.5,77.28627285454274,22.89878044280338,21.185674365899693,6.5,79.00895897976388,4.5,1000.0,10340.8,Global_Kaggle_Baseline
Global Baseline,2020,Mixed Grain Baseline,1368.42,28.06878265691377,23.07,34.07,65.0,18.5,77.2016145140334,22.929817540884684,20.965450525433702,6.5,78.98981158072634,4.5,1000.0,10399.18,Global_Kaggle_Baseline
Global Baseline,2020,Mixed Grain Baseline,1331.63,27.035259891131275,22.04,33.04,65.0,18.5,77.07939925653396,23.13132383506748,19.964442185292388,6.5,79.12120351098238,4.5,1000.0,10477.02,Global_Kaggle_Baseline
Global Baseline,2020,Mixed Grain Baseline,1365.23,28.01770166683767,23.02,34.02,65.0,18.5,76.92282685999716,23.055135114099635,21.26870294782108,6.5,78.95027098598135,4.5,1000.0,10446.87,Global_Kaggle_Baseline
Global Baseline,2020,Mixed Grain Baseline,1359.39,27.845960007560556,22.85,33.85,65.0,18.5,76.95716813823131,22.96603251201019,21.074578555275195,6.5,79.04497693681553,4.5,1000.0,10422.9,Global_Kaggle_Baseline
Global Baseline,2020,Mixed Grain Baseline,1364.96,27.9991568675439,23.0,34.0,65.0,18.5,76.99826295293649,23.01771615550348,21.015789081310643,6.5,78.99774737837191,4.5,1000.0,10411.17,Global_Kaggle_Baseline
Global Baseline,2020,Mixed Grain Baseline,1328.42,26.955610132780286,21.96,32.96,65.0,18.5,76.99569225734379,23.0181331037566,20.101071164766623,6.5,78.97328970284755,4.5,1000.0,10549.58,Global_Kaggle_Baseline
Global Baseline,2020,Mixed Grain Baseline,1364.81,28.021495136926085,23.02,34.02,65.0,18.5,76.81113934556467,23.027167990400383,21.000512385261445,6.5,79.02405712529249,4.5,1000.0,10460.72,Global_Kaggle_Baseline
Global Baseline,2020,Mixed Grain Baseline,1320.52,26.725289592887037,21.73,32.73,65.0,18.5,77.02705892429303,22.926901650139712,19.95745845012968,6.5,79.07837717985261,4.5,1000.0,10445.18,Global_Kaggle_Baseline
Global Baseline,2020,Mixed Grain Baseline,1331.39,27.0280789170666,22.03,33.03,65.0,18.5,77.08130727661894,23.045667239961706,20.27246569277906,6.5,78.90582536187907,4.5,1000.0,10439.62,Global_Kaggle_Baseline
Global Baseline,2020,Mixed Grain Baseline,1366.02,28.01937659620116,23.02,34.02,65.0,18.5,77.06906428076192,23.02021690070709,20.79285623586052,6.5,79.0565500569043,4.5,1000.0,10571.16,Global_Kaggle_Baseline
Global Baseline,2020,Mixed Grain Baseline,1368.05,28.07083617675914,23.07,34.07,65.0,18.5,77.11392950882124,23.07930092176099,20.877956040112974,6.5,79.28051263886329,4.5,1000.0,10571.96,Global_Kaggle_Baseline
Global Baseline,2020,Mixed Grain Baseline,1340.27,27.26492406383097,22.26,33.26,65.0,18.5,77.20026685802453,22.97974631107462,20.078408788382696,6.5,78.99623346208541,4.5,1000.0,10443.35,Global_Kaggle_Baseline
Global Baseline,2020,Mixed Grain Baseline,1363.33,27.96825189424916,22.97,33.97,65.0,18.5,76.88814642641687,22.96867091993171,21.12093876868593,6.5,78.97397621167762,4.5,1000.0,10591.46,Global_Kaggle_Baseline
Global Baseline,2020,Mixed Grain Baseline,1332.87,27.11427269717633,22.11,33.11,65.0,18.5,76.7735597275866,22.926616452815647,19.993489430803447,6.5,79.04704508540911,4.5,1000.0,10552.86,Global_Kaggle_Baseline
Global Baseline,2020,Mixed Grain Baseline,1365.36,28.008696929831995,23.01,34.01,65.0,18.5,77.01164548100921,23.095167140863172,20.91627699783685,6.5,79.07947565693249,4.5,1000.0,10353.77,Global_Kaggle_Baseline
Global Baseline,2020,Mixed Grain Baseline,1324.12,26.81820354949846,21.82,32.82,65.0,18.5,77.09562989523317,22.934353960573965,20.087805860228503,6.5,78.95425469261839,4.5,1000.0,10541.96,Global_Kaggle_Baseline
Global Baseline,2020,Mixed Grain Baseline,1329.22,26.970347471271825,21.97,32.97,65.0,18.5,77.05177972662307,22.998312495902542,19.93916624923608,6.5,79.06328248941715,4.5,1000.0,10464.37,Global_Kaggle_Baseline
Global Baseline,2020,Mixed Grain Baseline,1364.78,27.99123755398813,22.99,33.99,65.0,18.5,77.01813581319898,23.138515562331268,21.03111904720029,6.5,78.91514621278725,4.5,1000.0,10495.29,Global_Kaggle_Baseline
Global Baseline,2020,Mixed Grain Baseline,1362.67,27.939338766817013,22.94,33.94,65.0,18.5,76.95794387102377,22.83652834644824,21.03392862550211,6.5,78.91820271069528,4.5,1000.0,10269.61,Global_Kaggle_Baseline
Global Baseline,2020,Mixed Grain Baseline,1331.49,27.02718535280352,22.03,33.03,65.0,18.5,77.10825216082416,23.0219547583473,20.113073334192432,6.5,79.04437396886134,4.5,1000.0,10439.29,Global_Kaggle_Baseline
Global Baseline,2020,Mixed Grain Baseline,1362.13,27.906169153671957,22.91,33.91,65.0,18.5,77.08252273661147,23.01614070760096,21.095827281613232,6.5,79.03523154805181,4.5,1000.0,10591.42,Global_Kaggle_Baseline
Global Baseline,2020,Mixed Grain Baseline,1327.93,26.960452021878996,21.96,32.96,65.0,18.5,76.86211049540486,23.07134677550121,19.982901870736026,6.5,79.01709387197832,4.5,1000.0,10564.07,Global_Kaggle_Baseline
Global Baseline,2020,Mixed Grain Baseline,1328.46,26.96830883656884,21.97,32.97,65.0,18.5,76.91294115990301,23.136711186589185,19.98477984602265,6.5,79.18592167333354,4.5,1000.0,10423.35,Global_Kaggle_Baseline
Global Baseline,2020,Mixed Grain Baseline,1363.82,27.967381086761456,22.97,33.97,65.0,18.5,76.99149320527977,22.95445556850941,20.811592290478877,6.5,78.90421299018082,4.5,1000.0,10476.69,Global_Kaggle_Baseline
Global Baseline,2020,Mixed Grain Baseline,1328.69,26.984454733929077,21.98,32.98,65.0,18.5,76.84694514370823,22.88842832630804,20.047699029417668,6.5,78.81937764856426,4.5,1000.0,10459.12,Global_Kaggle_Baseline
Global Baseline,2020,Mixed Grain Baseline,1362.41,27.93525672446297,22.94,33.94,65.0,18.5,76.93538829962864,22.83582781286649,21.02229459523881,6.5,79.14437649785884,4.5,1000.0,10298.21,Global_Kaggle_Baseline
Global Baseline,2020,Mixed Grain Baseline,1363.65,27.976755232704537,22.98,33.98,65.0,18.5,76.89238956157683,23.010037961196264,21.072906112034754,6.5,79.17850991723117,4.5,1000.0,10628.54,Global_Kaggle_Baseline
Global Baseline,2020,Mixed Grain Baseline,1366.21,28.037006927269264,23.04,34.04,65.0,18.5,76.98305509319965,22.85116960490128,20.88952250314924,6.5,79.02364434497167,4.5,1000.0,10648.68,Global_Kaggle_Baseline
Global Baseline,2020,Mixed Grain Baseline,1364.08,27.974370616518712,22.97,33.97,65.0,18.5,76.99589848201104,23.03948028871592,21.072247700420387,6.5,78.92559560428629,4.5,1000.0,10292.33,Global_Kaggle_Baseline
Global Baseline,2020,Mixed Grain Baseline,1365.36,27.999384163665376,23.0,34.0,65.0,18.5,77.07684623507647,22.98978834148696,20.9038664411238,6.5,79.01914457462195,4.5,1000.0,10612.57,Global_Kaggle_Baseline
Global Baseline,2020,Mixed Grain Baseline,1368.06,28.08290604177697,23.08,34.08,65.0,18.5,77.03171640683901,23.02930559537913,21.07959856849947,6.5,79.03801479935906,4.5,1000.0,10360.66,Global_Kaggle_Baseline
Global Baseline,2020,Mixed Grain Baseline,1331.29,27.033640655275075,22.03,33.03,65.0,18.5,77.02274546350006,23.028187018046104,19.95737557552731,6.5,79.106933885614,4.5,1000.0,10498.0,Global_Kaggle_Baseline
Global Baseline,2020,Mixed Grain Baseline,1327.92,26.96666983275893,21.97,32.97,65.0,18.5,76.81733981083708,22.97989982622767,20.002999791295903,6.5,79.1145559154043,4.5,1000.0,10599.01,Global_Kaggle_Baseline
Global Baseline,2020,Mixed Grain Baseline,1359.03,27.79720472515482,22.8,33.8,65.0,18.5,77.22649900257072,22.87920658551829,21.058152006520604,6.5,78.94747858670482,4.5,1000.0,10514.19,Global_Kaggle_Baseline
Global Baseline,2020,Mixed Grain Baseline,1366.32,28.055124731559804,23.06,34.06,65.0,18.5,76.87778791262527,23.02480207509185,20.986176895000405,6.5,79.11600958244101,4.5,1000.0,10417.44,Global_Kaggle_Baseline
Global Baseline,2020,Mixed Grain Baseline,1331.39,27.05253971025657,22.05,33.05,65.0,18.5,76.91025460165481,22.9230657385254,20.093193747195137,6.5,78.74779881186181,4.5,1000.0,10447.52,Global_Kaggle_Baseline
Global Baseline,2020,Mixed Grain Baseline,1361.86,27.91208420763412,22.91,33.91,65.0,18.5,76.98679446085099,22.99980635566452,20.978577898697164,6.5,78.88824096454218,4.5,1000.0,10458.3,Global_Kaggle_Baseline
Global Baseline,2020,Mixed Grain Baseline,1324.23,26.86063311632141,21.86,32.86,65.0,18.5,76.82137232952408,23.0222813417334,20.01999402351136,6.5,79.068785909819,4.5,1000.0,10488.18,Global_Kaggle_Baseline
Global Baseline,2020,Mixed Grain Baseline,1361.19,27.902176351136003,22.9,33.9,65.0,18.5,76.92314561988124,23.006962193251184,20.85833883636479,6.5,78.98357322701413,4.5,1000.0,10488.37,Global_Kaggle_Baseline
Global Baseline,2020,Mixed Grain Baseline,1368.39,28.087081144529847,23.09,34.09,65.0,18.5,77.06838720791916,22.944656236421377,21.025145495029847,6.5,79.02312844755491,4.5,1000.0,10391.7,Global_Kaggle_Baseline
Global Baseline,2020,Mixed Grain Baseline,1326.24,26.892051307567357,21.89,32.89,65.0,18.5,77.00304494526806,23.01112978897708,20.041763302019124,6.5,79.08809126246706,4.5,1000.0,10523.1,Global_Kaggle_Baseline
Global Baseline,2020,Mixed Grain Baseline,1368.43,28.08972996512968,23.09,34.09,65.0,18.5,77.05863755659423,23.068114449932636,21.07956685129881,6.5,79.01093043110248,4.5,1000.0,10335.11,Global_Kaggle_Baseline
Global Baseline,2020,Mixed Grain Baseline,1328.81,26.96157188884048,21.96,32.96,65.0,18.5,77.0300765858898,22.92190245606767,19.891704629677005,6.5,78.91668067522495,4.5,1000.0,10585.66,Global_Kaggle_Baseline
Global Baseline,2020,Mixed Grain Baseline,1334.61,27.132285209199612,22.13,33.13,65.0,18.5,76.99560385624294,22.97796856276951,20.104090239081717,6.5,79.07826189888243,4.5,1000.0,10489.48,Global_Kaggle_Baseline
Global Baseline,2020,Mixed Grain Baseline,1372.89,28.225115729180256,23.23,34.23,65.0,18.5,77.00255526392532,23.043637002141654,21.01000753951262,6.5,78.99127962351369,4.5,1000.0,10333.13,Global_Kaggle_Baseline
Global Baseline,2020,Mixed Grain Baseline,1327.34,26.936772883049287,21.94,32.94,65.0,18.5,76.91104026583228,23.125062284580665,19.871053125694807,6.5,79.03690837487979,4.5,1000.0,10336.66,Global_Kaggle_Baseline
Global Baseline,2020,Mixed Grain Baseline,1362.8,27.92052213322781,22.92,33.92,65.0,18.5,77.11599790277972,22.93919388772034,21.00419794693425,6.5,78.87946848249955,4.5,1000.0,10311.38,Global_Kaggle_Baseline
Global Baseline,2020,Mixed Grain Baseline,1365.99,28.01825647383899,23.02,34.02,65.0,18.5,77.06956848951171,22.991876810828945,20.96538585591688,6.5,78.92296986192332,4.5,1000.0,10423.4,Global_Kaggle_Baseline
Global Baseline,2020,Mixed Grain Baseline,1331.65,27.043579849400317,22.04,33.04,65.0,18.5,77.02414041737661,23.11370508576795,19.933652695231377,6.5,79.0405368227383,4.5,1000.0,10442.12,Global_Kaggle_Baseline
Global Baseline,2020,Mixed Grain Baseline,1363.25,27.987417690602346,22.99,33.99,65.0,18.5,76.73829740126962,23.079207933066105,21.047460688781783,6.5,78.94557501880269,4.5,1000.0,10739.96,Global_Kaggle_Baseline
Global Baseline,2020,Mixed Grain Baseline,1363.01,27.93007808426881,22.93,33.93,65.0,18.5,77.09149956367062,23.08297886485572,21.112427767488683,6.5,78.92464338420102,4.5,1000.0,10528.14,Global_Kaggle_Baseline
Global Baseline,2020,Mixed Grain Baseline,1325.08,26.85419969980182,21.85,32.85,65.0,18.5,77.03735515980864,23.019781377719067,19.9439578984874,6.5,79.12792857120336,4.5,1000.0,10403.9,Global_Kaggle_Baseline
Global Baseline,2020,Mixed Grain Baseline,1335.78,27.160432357880715,22.16,33.16,65.0,18.5,77.03272511552186,23.02054134992058,19.92658411286914,6.5,79.04418548533457,4.5,1000.0,10709.9,Global_Kaggle_Baseline
Global Baseline,2020,Mixed Grain Baseline,1329.28,26.995692665595875,22.0,33.0,65.0,18.5,76.88610712791396,22.83856831923793,20.19875245904073,6.5,79.04520358059042,4.5,1000.0,10673.24,Global_Kaggle_Baseline
Global Baseline,2020,Mixed Grain Baseline,1330.63,27.009150944394865,22.01,33.01,65.0,18.5,77.06198367926825,23.087544769507787,20.004860731326787,6.5,79.05744434748068,4.5,1000.0,10361.58,Global_Kaggle_Baseline
Global Baseline,2020,Mixed Grain Baseline,1328.22,26.948931855722776,21.95,32.95,65.0,18.5,77.00243293511046,22.972052257033987,19.92785565249472,6.5,78.74481120462497,4.5,1000.0,10521.52,Global_Kaggle_Baseline
Global Baseline,2020,Mixed Grain Baseline,1364.16,27.98051881584071,22.98,33.98,65.0,18.5,76.9677093796933,22.87372056241656,21.04933914611378,6.5,78.91268076403726,4.5,1000.0,10604.13,Global_Kaggle_Baseline
Global Baseline,2020,Mixed Grain Baseline,1326.48,26.92906038673719,21.93,32.93,65.0,18.5,76.7915979436992,23.09879042994221,20.113793158774914,6.5,78.97943604503816,4.5,1000.0,10427.73,Global_Kaggle_Baseline
Global Baseline,2020,Mixed Grain Baseline,1328.16,26.93312823402228,21.93,32.93,65.0,18.5,77.09930553267084,23.05243745764186,20.048469091093335,6.5,79.19395609169092,4.5,1000.0,10543.01,Global_Kaggle_Baseline
Global Baseline,2020,Mixed Grain Baseline,1360.34,27.86081753135048,22.86,33.86,65.0,18.5,77.04213052524081,23.023494308231463,21.186048763857443,6.5,78.98672440132476,4.5,1000.0,10462.23,Global_Kaggle_Baseline
Global Baseline,2020,Mixed Grain Baseline,1362.55,27.909845003272025,22.91,33.91,65.0,18.5,77.14111960256082,22.750805431319097,21.008912089426097,6.5,78.92165802363257,4.5,1000.0,10462.68,Global_Kaggle_Baseline
Global Baseline,2020,Mixed Grain Baseline,1327.91,26.945056833648334,21.95,32.95,65.0,18.5,76.96625681137435,23.06215731793998,20.08099976401804,6.5,78.96743088242702,4.5,1000.0,10473.87,Global_Kaggle_Baseline
Global Baseline,2020,Mixed Grain Baseline,1365.08,27.998817477614526,23.0,34.0,65.0,18.5,77.02438766844715,23.020701386375663,20.911734213005577,6.5,78.8516300085717,4.5,1000.0,10483.97,Global_Kaggle_Baseline
Global Baseline,2020,Mixed Grain Baseline,1341.58,27.32545073923349,22.33,33.33,65.0,18.5,77.036854779777,23.09497681546099,19.994731456155016,6.5,79.17036231702352,4.5,1000.0,10495.32,Global_Kaggle_Baseline
Global Baseline,2020,Mixed Grain Baseline,1365.05,28.014095650375943,23.01,34.01,65.0,18.5,76.91086841025913,22.926346496594423,21.02815085071545,6.5,78.9387566529055,4.5,1000.0,10582.51,Global_Kaggle_Baseline
Global Baseline,2020,Mixed Grain Baseline,1363.35,27.971029597651693,22.97,33.97,65.0,18.5,76.87291661487458,23.0905600258389,21.13475368202329,6.5,79.14375800631186,4.5,1000.0,10682.14,Global_Kaggle_Baseline
Global Baseline,2020,Mixed Grain Baseline,1331.15,27.035289116797944,22.04,33.04,65.0,18.5,76.98205980457787,23.123848204216525,19.993202009191847,6.5,78.87596571528393,4.5,1000.0,10537.52,Global_Kaggle_Baseline
Global Baseline,2020,Mixed Grain Baseline,1331.01,27.04483994909813,22.04,33.04,65.0,18.5,76.8887693931108,22.93356634241672,20.097312983857798,6.5,79.21736842439043,4.5,1000.0,10511.94,Global_Kaggle_Baseline
Global Baseline,2020,Mixed Grain Baseline,1330.6,26.993490463094016,21.99,32.99,65.0,18.5,77.16462466749095,23.027329446853106,19.900373612699397,6.5,78.98344278762067,4.5,1000.0,10630.3,Global_Kaggle_Baseline
Global Baseline,2020,Mixed Grain Baseline,1329.83,26.994485403629064,21.99,32.99,65.0,18.5,77.00557554237777,23.0316487856657,20.039701674007105,6.5,78.90009118074903,4.5,1000.0,10546.78,Global_Kaggle_Baseline
Global Baseline,2020,Mixed Grain Baseline,1323.71,26.81384889663464,21.81,32.81,65.0,18.5,77.04573198869394,23.118836139319924,19.92256771555119,6.5,79.06682681305182,4.5,1000.0,10316.78,Global_Kaggle_Baseline
Global Baseline,2020,Mixed Grain Baseline,1366.64,28.041963283969256,23.04,34.04,65.0,18.5,77.03331947822836,22.900105505806472,21.18163924232657,6.5,78.99217829888896,4.5,1000.0,10735.44,Global_Kaggle_Baseline
Global Baseline,2020,Mixed Grain Baseline,1335.98,27.157762422358616,22.16,33.16,65.0,18.5,77.09229256076401,23.08411388186072,19.82370448341687,6.5,79.08474468735614,4.5,1000.0,10446.5,Global_Kaggle_Baseline
Global Baseline,2020,Mixed Grain Baseline,1370.62,28.14804457122638,23.15,34.15,65.0,18.5,77.08768166945461,22.95775914458157,21.00589972751626,6.5,78.98751318644403,4.5,1000.0,10224.57,Global_Kaggle_Baseline
Global Baseline,2020,Mixed Grain Baseline,1364.0,27.9741683010746,22.97,33.97,65.0,18.5,76.97992903427809,23.116697438376328,20.871272339826408,6.5,79.10723061973174,4.5,1000.0,10507.1,Global_Kaggle_Baseline
Global Baseline,2020,Mixed Grain Baseline,1364.9,27.98587894683796,22.99,33.99,65.0,18.5,77.07829307054719,23.077003041528133,21.046694938751344,6.5,79.05512849652084,4.5,1000.0,10518.75,Global_Kaggle_Baseline
Global Baseline,2020,Mixed Grain Baseline,1364.99,28.015043806358747,23.02,34.02,65.0,18.5,76.89315514975172,22.966264760854862,21.0376084114532,6.5,79.07284190597797,4.5,1000.0,10462.3,Global_Kaggle_Baseline
Global Baseline,2020,Mixed Grain Baseline,1365.3,28.01738754784418,23.02,34.02,65.0,18.5,76.93782369867701,22.986371738532046,20.837469025198764,6.5,79.03140606432622,4.5,1000.0,10458.57,Global_Kaggle_Baseline
Global Baseline,2020,Mixed Grain Baseline,1363.03,27.926468092120786,22.93,33.93,65.0,18.5,77.12125419840564,22.98088533852908,20.94025128014497,6.5,78.8860287774433,4.5,1000.0,10642.85,Global_Kaggle_Baseline
Global Baseline,2020,Mixed Grain Baseline,1364.68,27.982495759754105,22.98,33.98,65.0,18.5,77.05937775674222,23.068472310205603,21.04573906646596,6.5,79.09534299530661,4.5,1000.0,10382.83,Global_Kaggle_Baseline
Global Baseline,2020,Mixed Grain Baseline,1327.35,26.952418034374823,21.95,32.95,65.0,18.5,76.80304254082398,22.995907602449066,20.014555345900582,6.5,79.06533129009236,4.5,1000.0,10502.38,Global_Kaggle_Baseline
Global Baseline,2020,Mixed Grain Baseline,1366.26,28.034632659498843,23.03,34.03,65.0,18.5,77.00943679735737,22.978617710437423,21.023020241637287,6.5,78.90053784178943,4.5,1000.0,10566.22,Global_Kaggle_Baseline
Global Baseline,2020,Mixed Grain Baseline,1362.63,27.93801427803835,22.94,33.94,65.0,18.5,76.9607456682132,22.90403417451289,21.022499465566888,6.5,78.91762755172718,4.5,1000.0,10479.39,Global_Kaggle_Baseline
Global Baseline,2020,Mixed Grain Baseline,1327.12,26.9205193845322,21.92,32.92,65.0,18.5,76.9794959399077,22.86292487958206,19.98587775064472,6.5,79.10255706099827,4.5,1000.0,10418.79,Global_Kaggle_Baseline
Global Baseline,2020,Mixed Grain Baseline,1333.75,27.11510792756419,22.12,33.12,65.0,18.5,76.94355845159491,23.07323266926858,19.912472405551423,6.5,78.96402086781674,4.5,1000.0,10354.39,Global_Kaggle_Baseline
Global Baseline,2020,Mixed Grain Baseline,1367.38,28.07355462807779,23.07,34.07,65.0,18.5,76.9619594582659,23.07335048554222,21.089495927692635,6.5,78.99022535579303,4.5,1000.0,10399.34,Global_Kaggle_Baseline
Global Baseline,2020,Mixed Grain Baseline,1326.86,26.87718779746248,21.88,32.88,65.0,18.5,77.23153011601043,23.231155257609466,19.973666051367168,6.5,79.11064219555799,4.5,1000.0,10464.1,Global_Kaggle_Baseline
Global Baseline,2020,Mixed Grain Baseline,1327.3,26.9342403886255,21.93,32.93,65.0,18.5,76.92053961238985,22.93157751133896,20.099885380948702,6.5,79.15004585670906,4.5,1000.0,10478.56,Global_Kaggle_Baseline
Global Baseline,2020,Mixed Grain Baseline,1361.7,27.89418285118099,22.89,33.89,65.0,18.5,77.0813838140961,23.140396674978117,20.88154114668072,6.5,79.0790301230127,4.5,1000.0,10446.44,Global_Kaggle_Baseline
Global Baseline,2020,Mixed Grain Baseline,1332.71,27.07648885525341,22.08,33.08,65.0,18.5,77.00608717574677,23.12383591375881,20.10566136712105,6.5,79.04558855897994,4.5,1000.0,10543.49,Global_Kaggle_Baseline
Global Baseline,2020,Mixed Grain Baseline,1363.53,27.967610920502256,22.97,33.97,65.0,18.5,76.93329891843894,23.0522741113646,20.93591690005749,6.5,79.06537416429357,4.5,1000.0,10460.18,Global_Kaggle_Baseline
Global Baseline,2020,Mixed Grain Baseline,1365.59,28.020410641874296,23.02,34.02,65.0,18.5,76.97611685916408,23.00989040668383,20.86201654902944,6.5,78.97661815733937,4.5,1000.0,10298.26,Global_Kaggle_Baseline
Global Baseline,2020,Mixed Grain Baseline,1361.15,27.881549897208888,22.88,33.88,65.0,18.5,77.05956171848959,22.95432998488227,21.195016044341752,6.5,78.91900625689308,4.5,1000.0,10546.05,Global_Kaggle_Baseline
Global Baseline,2020,Mixed Grain Baseline,1333.68,27.10540328843731,22.11,33.11,65.0,18.5,76.99869836353668,23.102607006981653,19.8722274636664,6.5,78.84567040448223,4.5,1000.0,10528.45,Global_Kaggle_Baseline
Global Baseline,2020,Mixed Grain Baseline,1365.74,28.038491074050103,23.04,34.04,65.0,18.5,76.87769068858601,23.05740894395936,20.957008617080227,6.5,78.98982860870751,4.5,1000.0,10725.27,Global_Kaggle_Baseline
Global Baseline,2020,Mixed Grain Baseline,1326.44,26.94061135379128,21.94,32.94,65.0,18.5,76.7031895230805,22.765697667056124,20.034987461632177,6.5,78.79170823844119,4.5,1000.0,10587.15,Global_Kaggle_Baseline
Global Baseline,2020,Mixed Grain Baseline,1335.87,27.178971122198774,22.18,33.18,65.0,18.5,76.92038898507127,22.903848745113606,20.12671118021736,6.5,79.021102914605,4.5,1000.0,10627.81,Global_Kaggle_Baseline
Global Baseline,2020,Mixed Grain Baseline,1365.59,27.99057295619737,22.99,33.99,65.0,18.5,77.18463111721469,23.108132087258685,21.04258884725649,6.5,78.84193158336493,4.5,1000.0,10363.54,Global_Kaggle_Baseline
Global Baseline,2020,Mixed Grain Baseline,1326.72,26.90272053738927,21.9,32.9,65.0,18.5,77.02435524210752,22.945700441590212,19.90504045884888,6.5,79.03548352508933,4.5,1000.0,10546.77,Global_Kaggle_Baseline
Global Baseline,2020,Mixed Grain Baseline,1368.15,28.12689499873633,23.13,34.13,65.0,18.5,76.74149253836859,22.73629084700654,20.90485375325888,6.5,78.91510673492495,4.5,1000.0,10396.01,Global_Kaggle_Baseline
Global Baseline,2020,Mixed Grain Baseline,1334.21,27.12354052867064,22.12,33.12,65.0,18.5,76.97783221743639,22.93018010458137,19.933655360679563,6.5,79.07912406254714,4.5,1000.0,10511.96,Global_Kaggle_Baseline
Global Baseline,2020,Mixed Grain Baseline,1363.33,27.94668081660056,22.95,33.95,65.0,18.5,77.03884723683295,22.895472467316026,20.94159152715252,6.5,79.03889682723602,4.5,1000.0,10278.44,Global_Kaggle_Baseline
Global Baseline,2020,Mixed Grain Baseline,1332.82,27.08089469281345,22.08,33.08,65.0,18.5,76.99827715073906,23.05614002950859,19.976354611878588,6.5,79.02918147609934,4.5,1000.0,10377.73,Global_Kaggle_Baseline
Global Baseline,2020,Mixed Grain Baseline,1326.62,26.90715370470118,21.91,32.91,65.0,18.5,76.97467495828317,22.9200190297603,20.102396087980665,6.5,79.0786365404286,4.5,1000.0,10700.79,Global_Kaggle_Baseline
Global Baseline,2020,Mixed Grain Baseline,1371.22,28.18202983896169,23.18,34.18,65.0,18.5,76.96999292813646,22.98464925470805,20.9981873249521,6.5,78.88616470512765,4.5,1000.0,10394.17,Global_Kaggle_Baseline
Global Baseline,2020,Mixed Grain Baseline,1329.7,27.014634068915345,22.01,33.01,65.0,18.5,76.83831228931999,23.08760618223114,20.04420565540495,6.5,78.94268401243427,4.5,1000.0,10348.5,Global_Kaggle_Baseline
Global Baseline,2020,Mixed Grain Baseline,1335.0,27.15312683385998,22.15,33.15,65.0,18.5,76.92765670495459,23.06823351064032,20.15543602953128,6.5,79.07736249405296,4.5,1000.0,10528.12,Global_Kaggle_Baseline
Global Baseline,2020,Mixed Grain Baseline,1369.63,28.108947570007555,23.11,34.11,65.0,18.5,77.16435242993427,22.86365353048965,20.989870734971383,6.5,78.98627133681643,4.5,1000.0,10564.21,Global_Kaggle_Baseline
Global Baseline,2020,Mixed Grain Baseline,1369.57,28.14134412062481,23.14,34.14,65.0,18.5,76.92514922209166,23.07155266146089,20.873662468067877,6.5,78.8947672920054,4.5,1000.0,10442.51,Global_Kaggle_Baseline
Global Baseline,2020,Mixed Grain Baseline,1329.95,26.980864530412735,21.98,32.98,65.0,18.5,77.1247580148335,23.05019679025889,19.960694905580024,6.5,79.05030666486299,4.5,1000.0,10584.64,Global_Kaggle_Baseline
